eco,opening_variation,pgn,first,half_moves,fen,evaluation,advantage,main_line_score,opening
A30,"English Opening: Symmetrical, Hedgehog, Flexible Formation",1. c4 e6 2. Nf3 c5 3. Nc3 Nf6 4. g3 b6 5. Bg2 Bb7 6. O-O Be7 7. d4 cxd4 8. Qxd4 d6 9. Rd1 a6 10. b3 Nbd7,c4-e6,20,r2qk2r/1b1nbppp/pp1ppn2/8/2PQ4/1PN2NP1/P3PPBP/R1BR2K1 w kq - 1 11,0.27,white,1,English Opening
A59,Benko Gambit Accepted: King Walk Variation,1. d4 Nf6 2. c4 c5 3. d5 b5 4. cxb5 a6 5. bxa6 g6 6. Nc3 Bxa6 7. Nf3 d6 8. e4 Bxf1 9. Kxf1 Bg7 10. g3 O-O 11. Kg2,d4-Nf6,21,rn1q1rk1/4ppbp/3p1np1/2pP4/4P3/2N2NP1/PP3PKP/R1BQ3R b - - 2 11,0.72,white,6,Benko Gambit Accepted
A77,"Benoni Defense: Classical Variation, Czerniak Defense, Tal Line",1. d4 Nf6 2. c4 c5 3. d5 e6 4. Nc3 exd5 5. cxd5 d6 6. e4 g6 7. Nf3 Bg7 8. Be2 O-O 9. O-O Re8 10. Nd2,d4-Nf6,19,rnbqr1k1/pp3pbp/3p1np1/2pP4/4P3/2N5/PP1NBPPP/R1BQ1RK1 b - - 7 10,0.82,white,19,Benoni Defense
A79,"Benoni Defense: Classical Variation, Czerniak Defense",1. d4 Nf6 2. c4 c5 3. d5 e6 4. Nc3 exd5 5. cxd5 d6 6. e4 g6 7. Nf3 Bg7 8. Be2 O-O 9. O-O Re8 10. Nd2 Na6 11. f3,d4-Nf6,21,r1bqr1k1/pp3pbp/n2p1np1/2pP4/4P3/2N2P2/PP1NB1PP/R1BQ1RK1 b - - 0 11,0.8,white,20,Benoni Defense
A74,"Benoni Defense: Classical Variation, Full Line",1. d4 Nf6 2. c4 c5 3. d5 e6 4. Nc3 exd5 5. cxd5 d6 6. e4 g6 7. Nf3 Bg7 8. Be2 O-O 9. O-O a6 10. a4,d4-Nf6,19,rnbq1rk1/1p3pbp/p2p1np1/2pP4/P3P3/2N2N2/1P2BPPP/R1BQ1RK1 b - - 0 10,0.68,white,18,Benoni Defense
A78,"Benoni Defense: Classical Variation, Czerniak Defense",1. d4 Nf6 2. c4 e6 3. Nf3 c5 4. d5 exd5 5. cxd5 d6 6. Nc3 g6 7. e4 Bg7 8. Be2 O-O 9. O-O Re8 10. Nd2 Na6,d4-Nf6,20,r1bqr1k1/pp3pbp/n2p1np1/2pP4/4P3/2N5/PP1NBPPP/R1BQ1RK1 w - - 7 11,0.66,white,18,Benoni Defense
A75,"Benoni Defense: Classical Variation, Argentine Counterattack",1. d4 Nf6 2. c4 e6 3. Nf3 c5 4. d5 exd5 5. cxd5 d6 6. Nc3 g6 7. e4 Bg7 8. Be2 O-O 9. O-O a6 10. a4 Bg4,d4-Nf6,20,rn1q1rk1/1p3pbp/p2p1np1/2pP4/P3P1b1/2N2N2/1P2BPPP/R1BQ1RK1 w - - 1 11,0.62,white,18,Benoni Defense
A64,"Benoni Defense: Fianchetto Variation, Hastings Defense, Main Line",1. d4 Nf6 2. c4 e6 3. g3 c5 4. d5 exd5 5. cxd5 d6 6. Nc3 g6 7. Bg2 Bg7 8. Nf3 O-O 9. O-O a6 10. a4 Nbd7 11. Nd2 Re8,d4-Nf6,22,r1bqr1k1/1p1n1pbp/p2p1np1/2pP4/P7/2N3P1/1P1NPPBP/R1BQ1RK1 w - - 3 12,0.39,white,6,Benoni Defense
E11,Bogo-Indian Defense: Monticelli Trap,1. d4 Nf6 2. c4 e6 3. Nf3 b6 4. g3 Bb7 5. Bg2 Bb4+ 6. Bd2 Bxd2+ 7. Qxd2 O-O 8. Nc3 Ne4 9. Qc2 Nxc3 10. Ng5,d4-Nf6,19,rn1q1rk1/pbpp1ppp/1p2p3/6N1/2PP4/2n3P1/PPQ1PPBP/R3K2R b KQ - 1 10,0.85,white,6,Bogo-Indian Defense
E11,Bogo-Indian Defense: Retreat Variation,1. d4 Nf6 2. c4 e6 3. Nf3 d5 4. g3 Bb4+ 5. Bd2 Be7 6. Bg2 O-O 7. O-O c6 8. Qc2 Nbd7 9. Bf4 b6 10. Nbd2,d4-Nf6,19,r1bq1rk1/p2nbppp/1pp1pn2/3p4/2PP1B2/5NP1/PPQNPPBP/R4RK1 b - - 1 10,0.14,white,19,Bogo-Indian Defense
E11,Bogo-Indian Defense: Retreat Variation,1. d4 Nf6 2. c4 e6 3. Nf3 d5 4. g3 Bb4+ 5. Bd2 Be7 6. Bg2 O-O 7. O-O c6 8. Qc2 Nbd7 9. Bf4 b6 10. Nbd2 Ba6,d4-Nf6,20,r2q1rk1/p2nbppp/bpp1pn2/3p4/2PP1B2/5NP1/PPQNPPBP/R4RK1 w - - 2 11,0.17,white,20,Bogo-Indian Defense
E09,"Catalan Opening: Closed, Main Line",1. d4 Nf6 2. c4 e6 3. Nf3 d5 4. g3 Be7 5. Bg2 O-O 6. O-O Nbd7 7. Qc2 c6 8. Bf4 b6 9. Nbd2 Bb7 10. e4 dxe4 11. Nxe4 Nxe4 12. Qxe4,d4-Nf6,23,r2q1rk1/pb1nbppp/1pp1p3/8/2PPQB2/5NP1/PP3PBP/R4RK1 b - - 0 12,0.3,white,8,Catalan Opening
E08,"Catalan Opening: Closed, Spassky Gambit",1. d4 Nf6 2. c4 e6 3. g3 Be7 4. Bg2 d5 5. Nf3 O-O 6. O-O Nbd7 7. Qc2 c6 8. b3 b6 9. Rd1 Bb7 10. Nc3 b5,d4-Nf6,20,r2q1rk1/pb1nbppp/2p1pn2/1p1p4/2PP4/1PN2NP1/P1Q1PPBP/R1BR2K1 w - - 0 11,0.65,white,6,Catalan Opening
E08,Catalan Opening: Closed,1. d4 Nf6 2. c4 e6 3. g3 d5 4. Bg2 Be7 5. Nf3 O-O 6. O-O Nbd7 7. Qc2 c6 8. Bf4 b6 9. Nbd2 Bb7 10. e4,d4-Nf6,19,r2q1rk1/pb1nbppp/1pp1pn2/3p4/2PPPB2/5NP1/PPQN1PBP/R4RK1 b - - 0 10,0.22,white,15,Catalan Opening
E09,"Catalan Opening: Closed, Sokolsky Variation",1. d4 Nf6 2. c4 e6 3. g3 d5 4. Bg2 Be7 5. Nf3 O-O 6. O-O Nbd7 7. Qc2 c6 8. Nbd2 b6 9. b3 a5 10. Bb2 Ba6,d4-Nf6,20,r2q1rk1/3nbppp/bpp1pn2/p2p4/2PP4/1P3NP1/PBQNPPBP/R4RK1 w - - 2 11,0.68,white,15,Catalan Opening
D98,"Grünfeld Defense: Russian Variation, Keres Variation",1. d4 Nf6 2. c4 g6 3. Nc3 d5 4. Nf3 Bg7 5. Qb3 dxc4 6. Qxc4 O-O 7. e4 Bg4 8. Be3 Nfd7 9. Be2 Nb6 10. Qd3 Nc6 11. O-O-O,d4-Nf6,21,r2q1rk1/ppp1ppbp/1nn3p1/8/3PP1b1/2NQBN2/PP2BPPP/2KR3R b - - 8 11,0.44,white,7,Grünfeld Defense
D89,"Grünfeld Defense: Exchange Variation, Spassky Variation",1. d4 Nf6 2. c4 g6 3. Nc3 d5 4. cxd5 Nxd5 5. e4 Nxc3 6. bxc3 Bg7 7. Bc4 c5 8. Ne2 Nc6 9. Be3 O-O 10. O-O Bg4 11. f3 Na5 12. Bd3 cxd4 13. cxd4 Be6,d4-Nf6,26,r2q1rk1/pp2ppbp/4b1p1/n7/3PP3/3BBP2/P3N1PP/R2Q1RK1 w - - 1 14,0.47,white,23,Grünfeld Defense
D87,"Grünfeld Defense: Exchange Variation, Seville Variation",1. d4 Nf6 2. c4 g6 3. Nc3 d5 4. cxd5 Nxd5 5. e4 Nxc3 6. bxc3 Bg7 7. Bc4 c5 8. Ne2 Nc6 9. Be3 O-O 10. O-O Bg4 11. f3 Na5 12. Bxf7+,d4-Nf6,23,r2q1rk1/pp2pBbp/6p1/n1p5/3PP1b1/2P1BP2/P3N1PP/R2Q1RK1 b - - 0 12,0.52,white,23,Grünfeld Defense
D88,"Grünfeld Defense: Exchange Variation, Spassky Variation",1. d4 Nf6 2. c4 g6 3. Nc3 d5 4. cxd5 Nxd5 5. e4 Nxc3 6. bxc3 Bg7 7. Bc4 c5 8. Ne2 Nc6 9. Be3 O-O 10. O-O cxd4 11. cxd4,d4-Nf6,21,r1bq1rk1/pp2ppbp/2n3p1/8/2BPP3/4B3/P3NPPP/R2Q1RK1 b - - 0 11,0.46,white,20,Grünfeld Defense
D89,"Grünfeld Defense: Exchange Variation, Sokolsky Variation",1. d4 Nf6 2. c4 g6 3. Nc3 d5 4. cxd5 Nxd5 5. e4 Nxc3 6. bxc3 Bg7 7. Bc4 c5 8. Ne2 O-O 9. O-O Nc6 10. Be3 Bg4 11. f3 Na5 12. Bd3 cxd4 13. cxd4 Be6 14. d5,d4-Nf6,27,r2q1rk1/pp2ppbp/4b1p1/n2P4/4P3/3BBP2/P3N1PP/R2Q1RK1 b - - 0 14,0.43,white,16,Grünfeld Defense
D85,"Grünfeld Defense: Exchange Variation, Modern Exchange Variation, Pawn Grab Line",1. d4 Nf6 2. c4 g6 3. Nc3 d5 4. cxd5 Nxd5 5. e4 Nxc3 6. bxc3 Bg7 7. Nf3 c5 8. Rb1 O-O 9. Be2 Nc6 10. d5 Bxc3+,d4-Nf6,20,r1bq1rk1/pp2pp1p/2n3p1/2pP4/4P3/2b2N2/P3BPPP/1RBQK2R w K - 0 11,0.59,white,13,Grünfeld Defense
E68,"King's Indian Defense: Fianchetto Variation, Long Variation",1. d4 Nf6 2. c4 g6 3. Nc3 Bg7 4. Nf3 d6 5. g3 O-O 6. Bg2 Nbd7 7. O-O e5 8. e4 Re8 9. h3 exd4 10. Nxd4 Nc5 11. Re1 a5,d4-Nf6,22,r1bqr1k1/1pp2pbp/3p1np1/p1n5/2PNP3/2N3PP/PP3PB1/R1BQR1K1 w - - 0 12,0.71,white,7,King's Indian Defense
E98,"King's Indian Defense: Orthodox Variation, Classical System, Neo-Classical Line",1. d4 Nf6 2. c4 g6 3. Nc3 Bg7 4. e4 d6 5. Nf3 O-O 6. Be2 e5 7. O-O Nc6 8. d5 Ne7 9. Ne1 Nd7 10. Be3,d4-Nf6,19,r1bq1rk1/pppnnpbp/3p2p1/3Pp3/2P1P3/2N1B3/PP2BPPP/R2QNRK1 b - - 4 10,0.69,white,19,King's Indian Defense
E98,"King's Indian Defense: Orthodox Variation, Classical System, Kozul Gambit",1. d4 Nf6 2. c4 g6 3. Nc3 Bg7 4. e4 d6 5. Nf3 O-O 6. Be2 e5 7. O-O Nc6 8. d5 Ne7 9. Ne1 Nd7 10. Be3 f5 11. f3 f4 12. Bf2 g5 13. Rc1 Ng6 14. c5,d4-Nf6,27,r1bq1rk1/pppn2bp/3p2n1/2PPp1p1/4Pp2/2N2P2/PP2BBPP/2RQNRK1 b - - 0 14,0.74,white,20,King's Indian Defense
E99,"King's Indian Defense: Orthodox Variation, Classical System, Traditional Line",1. d4 Nf6 2. c4 g6 3. Nc3 Bg7 4. e4 d6 5. Nf3 O-O 6. Be2 e5 7. O-O Nc6 8. d5 Ne7 9. Ne1 Nd7 10. f3 f5,d4-Nf6,20,r1bq1rk1/pppnn1bp/3p2p1/3Ppp2/2P1P3/2N2P2/PP2B1PP/R1BQNRK1 w - - 0 11,0.67,white,20,King's Indian Defense
E99,"King's Indian Defense: Orthodox Variation, Classical System, Benko Attack",1. d4 Nf6 2. c4 g6 3. Nc3 Bg7 4. e4 d6 5. Nf3 O-O 6. Be2 e5 7. O-O Nc6 8. d5 Ne7 9. Ne1 Nd7 10. f3 f5 11. g4,d4-Nf6,21,r1bq1rk1/pppnn1bp/3p2p1/3Ppp2/2P1P1P1/2N2P2/PP2B2P/R1BQNRK1 b - - 0 11,0.28,white,21,King's Indian Defense
E97,"King's Indian Defense: Orthodox Variation, Bayonet Attack, Yepishin's Line",1. d4 Nf6 2. c4 g6 3. Nc3 Bg7 4. e4 d6 5. Nf3 O-O 6. Be2 e5 7. O-O Nc6 8. d5 Ne7 9. b4 Nh5 10. Qc2,d4-Nf6,19,r1bq1rk1/ppp1npbp/3p2p1/3Pp2n/1PP1P3/2N2N2/P1Q1BPPP/R1B2RK1 b - - 2 10,0.27,white,19,King's Indian Defense
E97,"King's Indian Defense: Orthodox Variation, Bayonet Attack, Sokolov's Line",1. d4 Nf6 2. c4 g6 3. Nc3 Bg7 4. e4 d6 5. Nf3 O-O 6. Be2 e5 7. O-O Nc6 8. d5 Ne7 9. b4 Nh5 10. Re1,d4-Nf6,19,r1bq1rk1/ppp1npbp/3p2p1/3Pp2n/1PP1P3/2N2N2/P3BPPP/R1BQR1K1 b - - 2 10,0.58,white,19,King's Indian Defense
E93,"King's Indian Defense: Petrosian Variation, Keres Defense",1. d4 Nf6 2. c4 g6 3. Nc3 Bg7 4. e4 d6 5. Nf3 O-O 6. Be2 e5 7. d5 Nbd7 8. Bg5 h6 9. Bh4 g5 10. Bg3 Nh5 11. h4,d4-Nf6,21,r1bq1rk1/pppn1pb1/3p3p/3Pp1pn/2P1P2P/2N2NB1/PP2BPP1/R2QK2R b KQ - 0 11,0.0,black,13,King's Indian Defense
E87,"King's Indian Defense: Sämisch Variation, Bronstein Defense",1. d4 Nf6 2. c4 g6 3. Nc3 Bg7 4. e4 d6 5. f3 O-O 6. Be3 e5 7. d5 Nh5 8. Qd2 Qh4+ 9. g3 Nxg3 10. Qf2 Nxf1 11. Qxh4 Nxe3 12. Ke2,d4-Nf6,23,rnb2rk1/ppp2pbp/3p2p1/3Pp3/2P1P2Q/2N1nP2/PP2K2P/R5NR b - - 1 12,0.79,white,23,King's Indian Defense
E87,"King's Indian Defense: Sämisch Variation, Orthodox Variation, Bronstein Variation",1. d4 Nf6 2. c4 g6 3. Nc3 Bg7 4. e4 d6 5. f3 O-O 6. Be3 e5 7. d5 Nh5 8. Qd2 Qh4+ 9. g3 Nxg3 10. Qf2 Nxf1 11. Qxh4 Nxe3 12. Ke2 Nxc4,d4-Nf6,24,rnb2rk1/ppp2pbp/3p2p1/3Pp3/2n1P2Q/2N2P2/PP2K2P/R5NR w - - 0 13,0.71,white,24,King's Indian Defense
E77,King's Indian Defense: Six Pawns Attack,1. d4 Nf6 2. c4 g6 3. Nc3 Bg7 4. e4 d6 5. f4 O-O 6. Be2 c5 7. d5 e6 8. dxe6 fxe6 9. g4 Nc6 10. h4,d4-Nf6,19,r1bq1rk1/pp4bp/2nppnp1/2p5/2P1PPPP/2N5/PP2B3/R1BQK1NR b KQ - 0 10,-0.73,black,9,King's Indian Defense
E63,"King's Indian Defense: Fianchetto Variation, Panno Variation, Donner Line",1. d4 Nf6 2. c4 g6 3. Nf3 Bg7 4. g3 O-O 5. Bg2 d6 6. O-O Nc6 7. Nc3 a6 8. d5 Na5 9. Nd2 c5 10. Qc2 Rb8 11. b3 b5 12. Bb2 bxc4 13. bxc4 Bh6,d4-Nf6,26,1rbq1rk1/4pp1p/p2p1npb/n1pP4/2P5/2N3P1/PBQNPPBP/R4RK1 w - - 1 14,0.9,white,20,King's Indian Defense
E63,"King's Indian Defense: Fianchetto Variation, Panno Variation, Blockade Line",1. d4 Nf6 2. c4 g6 3. Nf3 Bg7 4. g3 O-O 5. Bg2 d6 6. O-O Nc6 7. Nc3 a6 8. d5 Na5 9. Nd2 c5 10. Qc2 e5,d4-Nf6,20,r1bq1rk1/1p3pbp/p2p1np1/n1pPp3/2P5/2N3P1/PPQNPPBP/R1B2RK1 w - e6 0 11,0.66,white,20,King's Indian Defense
E63,"King's Indian Defense: Fianchetto Variation, Panno Variation, Korchnoi Line",1. d4 Nf6 2. c4 g6 3. Nf3 Bg7 4. g3 O-O 5. Bg2 d6 6. O-O Nc6 7. Nc3 a6 8. h3 Rb8 9. Be3 b5 10. Nd2,d4-Nf6,19,1rbq1rk1/2p1ppbp/p1np1np1/1p6/2PP4/2N1B1PP/PP1NPPB1/R2Q1RK1 b - - 1 10,0.07,white,15,King's Indian Defense
E59,"Nimzo-Indian Defense: Normal Variation, Bernstein Defense",1. d4 Nf6 2. c4 e6 3. Nc3 Bb4 4. e3 O-O 5. Bd3 d5 6. Nf3 c5 7. O-O Nc6 8. a3 Bxc3 9. bxc3 dxc4 10. Bxc4,d4-Nf6,19,r1bq1rk1/pp3ppp/2n1pn2/2p5/2BP4/P1P1PN2/5PPP/R1BQ1RK1 b - - 0 10,0.2,white,6,Nimzo-Indian Defense
D57,"Queen's Gambit Declined: Lasker Defense, Bernstein Variation",1. d4 Nf6 2. c4 e6 3. Nc3 d5 4. Bg5 Be7 5. e3 h6 6. Bh4 O-O 7. Nf3 Ne4 8. Bxe7 Qxe7 9. cxd5 Nxc3 10. bxc3 exd5 11. Qb3 Qd6,d4-Nf6,22,rnb2rk1/ppp2pp1/3q3p/3p4/3P4/1QP1PN2/P4PPP/R3KB1R w KQ - 2 12,0.42,white,7,Queen's Gambit Declined
D35,"Queen's Gambit Declined: Exchange Variation, Chameleon Variation",1. d4 Nf6 2. c4 e6 3. Nc3 d5 4. cxd5 exd5 5. Bg5 Be7 6. e3 O-O 7. Bd3 Nbd7 8. Qc2 Re8 9. Nge2 Nf8 10. O-O-O,d4-Nf6,19,r1bqrnk1/ppp1bppp/5n2/3p2B1/3P4/2NBP3/PPQ1NPPP/2KR3R b - - 8 10,-0.08,black,7,Queen's Gambit Declined
D37,Queen's Gambit Declined: Harrwitz Attack,1. d4 Nf6 2. c4 e6 3. Nf3 d5 4. Nc3 Be7 5. Bf4 O-O 6. e3 c5 7. dxc5 Bxc5 8. Qc2 Nc6 9. Rd1 Qa5 10. a3,d4-Nf6,19,r1b2rk1/pp3ppp/2n1pn2/q1bp4/2P2B2/P1N1PN2/1PQ2PPP/3RKB1R b K - 0 10,0.29,white,17,Queen's Gambit Declined
D37,Queen's Gambit Declined: Harrwitz Attack,1. d4 Nf6 2. c4 e6 3. Nf3 d5 4. Nc3 Be7 5. Bf4 O-O 6. e3 c5 7. dxc5 Bxc5 8. Qc2 Nc6 9. a3 Qa5 10. O-O-O,d4-Nf6,19,r1b2rk1/pp3ppp/2n1pn2/q1bp4/2P2B2/P1N1PN2/1PQ2PPP/2KR1B1R b - - 2 10,0.28,white,17,Queen's Gambit Declined
D68,"Queen's Gambit Declined: Orthodox Defense, Classical Variation",1. d4 Nf6 2. c4 e6 3. Nf3 d5 4. Nc3 Be7 5. Bg5 O-O 6. e3 Nbd7 7. Rc1 c6 8. Bd3 dxc4 9. Bxc4 Nd5 10. Bxe7 Qxe7 11. O-O Nxc3 12. Rxc3 e5 13. Qc2,d4-Nf6,25,r1b2rk1/pp1nqppp/2p5/4p3/2BP4/2R1PN2/PPQ2PPP/5RK1 b - - 1 13,0.27,white,10,Queen's Gambit Declined
D55,"Queen's Gambit Declined: Anti-Tartakower Variation, Petrosian Variation",1. d4 Nf6 2. c4 e6 3. Nf3 d5 4. Nc3 Be7 5. Bg5 h6 6. Bxf6 Bxf6 7. e3 O-O 8. Rc1 c6 9. Bd3 Nd7 10. O-O dxc4 11. Bxc4,d4-Nf6,21,r1bq1rk1/pp1n1pp1/2p1pb1p/8/2BP4/2N1PN2/PP3PPP/2RQ1RK1 b - - 0 11,0.13,white,10,Queen's Gambit Declined
D44,"Semi-Slav Defense: Botvinnik Variation, Szabo Variation",1. d4 Nf6 2. c4 e6 3. Nf3 d5 4. Nc3 c6 5. Bg5 dxc4 6. e4 b5 7. e5 h6 8. Bh4 g5 9. Nxg5 hxg5 10. Bxg5 Nbd7 11. Qf3,d4-Nf6,21,r1bqkb1r/p2n1p2/2p1pn2/1p2P1B1/2pP4/2N2Q2/PP3PPP/R3KB1R b KQkq - 2 11,-0.17,black,8,Semi-Slav Defense
D34,"Tarrasch Defense: Classical Variation, Bogoljubow Variation",1. d4 Nf6 2. c4 e6 3. Nc3 c5 4. Nf3 d5 5. cxd5 exd5 6. g3 Nc6 7. Bg2 Be7 8. O-O O-O 9. Bg5 Be6 10. Rc1 c4,d4-Nf6,20,r2q1rk1/pp2bppp/2n1bn2/3p2B1/2pP4/2N2NP1/PP2PPBP/2RQ1RK1 w - - 0 11,0.3,white,6,Tarrasch Defense
D29,"Queen's Gambit Accepted: Classical Defense, Alekhine System, Smyslov Variation",1. d4 d5 2. c4 dxc4 3. Nf3 Nf6 4. e3 e6 5. Bxc4 c5 6. O-O a6 7. Qe2 b5 8. Bb3 Bb7 9. Rd1 Nbd7 10. Nc3 Bd6,d4-d5,20,r2qk2r/1b1n1ppp/p2bpn2/1pp5/3P4/1BN1PN2/PP2QPPP/R1BR2K1 w kq - 6 11,0.14,white,16,Queen's Gambit Accepted
D28,"Queen's Gambit Accepted: Classical, Flohr Variation",1. d4 d5 2. c4 dxc4 3. Nf3 Nf6 4. e3 e6 5. Bxc4 c5 6. O-O a6 7. Qe2 b5 8. Bb3 Nc6 9. Rd1 c4 10. Bc2 Nb4 11. Nc3 Nxc2 12. Qxc2 Bb7 13. d5 Qc7,d4-d5,26,r3kb1r/1bq2ppp/p3pn2/1p1P4/2p5/2N1PN2/PPQ2PPP/R1BR2K1 w kq - 1 14,-0.19,black,16,Queen's Gambit Accepted
D26,"Queen's Gambit Accepted: Classical, Furman Variation",1. d4 d5 2. c4 dxc4 3. Nf3 Nf6 4. e3 e6 5. Bxc4 c5 6. Qe2 a6 7. dxc5 Bxc5 8. O-O Nc6 9. e4 b5 10. e5,d4-d5,19,r1bqk2r/5ppp/p1n1pn2/1pb1P3/2B5/5N2/PP2QPPP/RNB2RK1 b kq - 0 10,0.12,white,11,Queen's Gambit Accepted
D67,"Queen's Gambit Declined: Orthodox Defense, Janowski Variation",1. d4 d5 2. Nf3 Nf6 3. c4 e6 4. Nc3 Be7 5. Bg5 O-O 6. e3 Nbd7 7. Rc1 c6 8. Bd3 dxc4 9. Bxc4 Nd5 10. h4,d4-d5,19,r1bq1rk1/pp1nbppp/2p1p3/3n2B1/2BP3P/2N1PN2/PP3PP1/2RQK2R b K - 0 10,0.16,white,6,Queen's Gambit Declined
D57,"Queen's Gambit Declined: Lasker Defense, Main Line",1. d4 d5 2. c4 e6 3. Nc3 Be7 4. Nf3 Nf6 5. Bg5 h6 6. Bh4 O-O 7. e3 Ne4 8. Bxe7 Qxe7 9. cxd5 Nxc3 10. bxc3,d4-d5,19,rnb2rk1/ppp1qpp1/4p2p/3P4/3P4/2P1PN2/P4PPP/R2QKB1R b KQ - 0 10,0.11,white,14,Queen's Gambit Declined
D59,Queen's Gambit Declined: Tartakower Defense,1. d4 d5 2. c4 e6 3. Nc3 Be7 4. Nf3 Nf6 5. Bg5 h6 6. Bh4 O-O 7. e3 b6 8. cxd5 Nxd5 9. Bxe7 Qxe7 10. Nxd5 exd5 11. Rc1 Be6,d4-d5,22,rn3rk1/p1p1qpp1/1p2b2p/3p4/3P4/4PN2/PP3PPP/2RQKB1R w K - 2 12,0.02,white,14,Queen's Gambit Declined
D67,"Queen's Gambit Declined: Orthodox Defense, Bd3 Line",1. d4 d5 2. c4 e6 3. Nc3 Nf6 4. Bg5 Be7 5. e3 O-O 6. Nf3 Nbd7 7. Rc1 c6 8. Bd3 dxc4 9. Bxc4 Nd5 10. Bxe7 Qxe7,d4-d5,20,r1b2rk1/pp1nqppp/2p1p3/3n4/2BP4/2N1PN2/PP3PPP/2RQK2R w K - 0 11,0.32,white,20,Queen's Gambit Declined
D67,"Queen's Gambit Declined: Orthodox Defense, Alekhine Variation",1. d4 d5 2. c4 e6 3. Nc3 Nf6 4. Bg5 Be7 5. e3 O-O 6. Nf3 Nbd7 7. Rc1 c6 8. Bd3 dxc4 9. Bxc4 Nd5 10. Bxe7 Qxe7 11. Ne4,d4-d5,21,r1b2rk1/pp1nqppp/2p1p3/3n4/2BPN3/4PN2/PP3PPP/2RQK2R b K - 1 11,0.29,white,21,Queen's Gambit Declined
D67,"Queen's Gambit Declined: Orthodox Defense, Main Line",1. d4 d5 2. c4 e6 3. Nc3 Nf6 4. Bg5 Be7 5. e3 O-O 6. Nf3 Nbd7 7. Rc1 c6 8. Bd3 dxc4 9. Bxc4 Nd5 10. Bxe7 Qxe7 11. O-O,d4-d5,21,r1b2rk1/pp1nqppp/2p1p3/3n4/2BP4/2N1PN2/PP3PPP/2RQ1RK1 b - - 1 11,0.3,white,21,Queen's Gambit Declined
D68,"Queen's Gambit Declined: Orthodox Defense, Classical Variation",1. d4 d5 2. c4 e6 3. Nc3 Nf6 4. Bg5 Be7 5. e3 O-O 6. Nf3 Nbd7 7. Rc1 c6 8. Bd3 dxc4 9. Bxc4 Nd5 10. Bxe7 Qxe7 11. O-O Nxc3 12. Rxc3 e5,d4-d5,24,r1b2rk1/pp1nqppp/2p5/4p3/2BP4/2R1PN2/PP3PPP/3Q1RK1 w - - 0 13,0.39,white,24,Queen's Gambit Declined
D69,"Queen's Gambit Declined: Orthodox Defense, Classical Variation",1. d4 d5 2. c4 e6 3. Nc3 Nf6 4. Bg5 Be7 5. e3 O-O 6. Nf3 Nbd7 7. Rc1 c6 8. Bd3 dxc4 9. Bxc4 Nd5 10. Bxe7 Qxe7 11. O-O Nxc3 12. Rxc3 e5 13. dxe5 Nxe5 14. Nxe5 Qxe5,d4-d5,28,r1b2rk1/pp3ppp/2p5/4q3/2B5/2R1P3/PP3PPP/3Q1RK1 w - - 0 15,0.04,white,25,Queen's Gambit Declined
D56,"Queen's Gambit Declined: Lasker Defense, Russian Variation",1. d4 d5 2. c4 e6 3. Nc3 Nf6 4. Bg5 Be7 5. e3 O-O 6. Nf3 h6 7. Bh4 Ne4 8. Bxe7 Qxe7 9. Qc2 Nf6 10. Bd3 dxc4 11. Bxc4 c5 12. O-O Nc6 13. Rfd1 Bd7,d4-d5,26,r4rk1/pp1bqpp1/2n1pn1p/2p5/2BP4/2N1PN2/PPQ2PPP/R2R2K1 w - - 4 14,0.13,white,17,Queen's Gambit Declined
D57,"Queen's Gambit Declined: Lasker Defense, Bernstein Variation, Mar del Plata Gambit",1. d4 d5 2. c4 e6 3. Nc3 Nf6 4. Bg5 Be7 5. e3 O-O 6. Nf3 h6 7. Bh4 Ne4 8. Bxe7 Qxe7 9. cxd5 Nxc3 10. bxc3 exd5 11. Qb3 Rd8 12. c4 Be6,d4-d5,24,rn1r2k1/ppp1qpp1/4b2p/3p4/2PP4/1Q2PN2/P4PPP/R3KB1R w KQ - 1 13,0.08,white,17,Queen's Gambit Declined
D41,"Queen's Gambit Declined: Semi-Tarrasch Defense, Kmoch Variation",1. d4 d5 2. c4 e6 3. Nc3 Nf6 4. Nf3 c5 5. cxd5 Nxd5 6. e4 Nxc3 7. bxc3 cxd4 8. cxd4 Bb4+ 9. Bd2 Bxd2+ 10. Qxd2 O-O 11. Bb5,d4-d5,21,rnbq1rk1/pp3ppp/4p3/1B6/3PP3/5N2/P2Q1PPP/R3K2R b KQ - 2 11,0.08,white,9,Queen's Gambit Declined
D40,"Queen's Gambit Declined: Semi-Tarrasch Defense, Levenfish Variation",1. d4 d5 2. c4 e6 3. Nc3 Nf6 4. Nf3 c5 5. e3 Nc6 6. Bd3 Bd6 7. O-O O-O 8. Qe2 Qe7 9. dxc5 Bxc5 10. e4,d4-d5,19,r1b2rk1/pp2qppp/2n1pn2/2bp4/2P1P3/2NB1N2/PP2QPPP/R1B2RK1 b - - 0 10,0.11,white,9,Queen's Gambit Declined
D68,"Queen's Gambit Declined: Orthodox Defense, Classical Variation",1. d4 d5 2. c4 e6 3. Nf3 Nf6 4. Nc3 Be7 5. Bg5 O-O 6. e3 Nbd7 7. Rc1 c6 8. Bd3 dxc4 9. Bxc4 Nd5 10. Bxe7 Qxe7 11. O-O Nxc3 12. Rxc3 e5 13. Qb1,d4-d5,25,r1b2rk1/pp1nqppp/2p5/4p3/2BP4/2R1PN2/PP3PPP/1Q3RK1 b - - 1 13,0.29,white,6,Queen's Gambit Declined
D34,"Queen's Gambit Declined: Tarrasch Defense, Stoltz Variation",1. d4 d5 2. c4 e6 3. Nf3 c5 4. cxd5 exd5 5. g3 Nc6 6. Bg2 Nf6 7. O-O Be7 8. Nc3 O-O 9. Bg5 Be6 10. Rc1 b6,d4-d5,20,r2q1rk1/p3bppp/1pn1bn2/2pp2B1/3P4/2N2NP1/PP2PPBP/2RQ1RK1 w - - 0 11,0.56,white,6,Queen's Gambit Declined
D49,"Semi-Slav Defense: Meran Variation, Sozin Variation",1. d4 d5 2. Nf3 Nf6 3. c4 c6 4. Nc3 e6 5. e3 Nbd7 6. Bd3 dxc4 7. Bxc4 b5 8. Bd3 a6 9. e4 c5 10. e5 cxd4 11. Nxb5 Nxe5 12. Nxe5 axb5 13. O-O,d4-d5,25,r1bqkb1r/5ppp/4pn2/1p2N3/3p4/3B4/PP3PPP/R1BQ1RK1 b kq - 1 13,0.47,white,6,Semi-Slav Defense
D49,"Semi-Slav Defense: Meran Variation, Rellstab Attack",1. d4 d5 2. c4 c6 3. Nc3 Nf6 4. Nf3 e6 5. e3 Nbd7 6. Bd3 dxc4 7. Bxc4 b5 8. Bd3 a6 9. e4 c5 10. e5 cxd4 11. Nxb5 Nxe5 12. Nxe5 axb5 13. O-O Qd5 14. Qe2 Ba6 15. Bg5,d4-d5,29,r3kb1r/5ppp/b3pn2/1p1qN1B1/3p4/3B4/PP2QPPP/R4RK1 b kq - 5 15,0.21,white,7,Semi-Slav Defense
D47,"Semi-Slav Defense: Meran Variation, Wade Variation, Larsen Variation",1. d4 d5 2. c4 c6 3. Nc3 Nf6 4. e3 e6 5. Nf3 Nbd7 6. Bd3 dxc4 7. Bxc4 b5 8. Bd3 Bb7 9. e4 b4 10. Na4 c5 11. e5 Nd5,d4-d5,22,r2qkb1r/pb1n1ppp/4p3/2pnP3/Np1P4/3B1N2/PP3PPP/R1BQK2R w KQkq - 1 12,0.07,white,22,Semi-Slav Defense
D47,"Semi-Slav Defense: Meran Variation, Wade Variation, Kaidanov Gambit",1. d4 d5 2. c4 c6 3. Nc3 Nf6 4. e3 e6 5. Nf3 Nbd7 6. Bd3 dxc4 7. Bxc4 b5 8. Bd3 Bb7 9. e4 b4 10. Na4 c5 11. e5 Nd5 12. O-O cxd4 13. Nxd4,d4-d5,25,r2qkb1r/pb1n1ppp/4p3/3nP3/Np1N4/3B4/PP3PPP/R1BQ1RK1 b kq - 0 13,0.34,white,23,Semi-Slav Defense
D46,Semi-Slav Defense: Chigorin Defense,1. d4 d5 2. c4 c6 3. Nc3 Nf6 4. e3 e6 5. Nf3 Nbd7 6. Bd3 dxc4 7. Bxc4 b5 8. Bd3 Bd6 9. O-O Bb7 10. a3 O-O 11. Qc2,d4-d5,21,r2q1rk1/pb1n1ppp/2pbpn2/1p6/3P4/P1NBPN2/1PQ2PPP/R1B2RK1 b - - 2 11,0.29,white,16,Semi-Slav Defense
D48,"Semi-Slav Defense: Meran Variation, Old Variation",1. d4 d5 2. c4 c6 3. Nc3 Nf6 4. e3 e6 5. Nf3 Nbd7 6. Bd3 dxc4 7. Bxc4 b5 8. Bd3 a6 9. e4 c5 10. e5,d4-d5,19,r1bqkb1r/3n1ppp/p3pn2/1pp1P3/3P4/2NB1N2/PP3PPP/R1BQK2R b KQkq - 0 10,0.16,white,19,Semi-Slav Defense
D49,"Semi-Slav Defense: Meran Variation, Blumenfeld Variation",1. d4 d5 2. c4 c6 3. Nc3 Nf6 4. e3 e6 5. Nf3 Nbd7 6. Bd3 dxc4 7. Bxc4 b5 8. Bd3 a6 9. e4 c5 10. e5 cxd4 11. Nxb5,d4-d5,21,r1bqkb1r/3n1ppp/p3pn2/1N2P3/3p4/3B1N2/PP3PPP/R1BQK2R b KQkq - 0 11,0.35,white,21,Semi-Slav Defense
D49,"Semi-Slav Defense: Meran Variation, Rabinovich Variation",1. d4 d5 2. c4 c6 3. Nc3 Nf6 4. e3 e6 5. Nf3 Nbd7 6. Bd3 dxc4 7. Bxc4 b5 8. Bd3 a6 9. e4 c5 10. e5 cxd4 11. Nxb5 Ng4,d4-d5,22,r1bqkb1r/3n1ppp/p3p3/1N2P3/3p2n1/3B1N2/PP3PPP/R1BQK2R w KQkq - 1 12,0.52,white,22,Semi-Slav Defense
D49,"Semi-Slav Defense: Meran Variation, Stahlberg Variation",1. d4 d5 2. c4 c6 3. Nc3 Nf6 4. e3 e6 5. Nf3 Nbd7 6. Bd3 dxc4 7. Bxc4 b5 8. Bd3 a6 9. e4 c5 10. e5 cxd4 11. Nxb5 Nxe5 12. Nxe5 axb5 13. Qf3,d4-d5,25,r1bqkb1r/5ppp/4pn2/1p2N3/3p4/3B1Q2/PP3PPP/R1B1K2R b KQkq - 1 13,0.27,white,22,Semi-Slav Defense
D46,Semi-Slav Defense: Main Line,1. d4 d5 2. c4 c6 3. Nc3 Nf6 4. e3 e6 5. Nf3 Nbd7 6. Qc2 b6 7. b3 Bb7 8. Bd3 Be7 9. O-O O-O 10. Bb2,d4-d5,19,r2q1rk1/pb1nbppp/1pp1pn2/3p4/2PP4/1PNBPN2/PBQ2PPP/R4RK1 b - - 6 10,0.35,white,11,Semi-Slav Defense
D44,"Semi-Slav Defense: Botvinnik Variation, Lilienthal Variation",1. d4 d5 2. c4 c6 3. Nf3 Nf6 4. Nc3 e6 5. Bg5 dxc4 6. e4 b5 7. e5 h6 8. Bh4 g5 9. Nxg5 hxg5 10. Bxg5 Nbd7 11. g3,d4-d5,21,r1bqkb1r/p2n1p2/2p1pn2/1p2P1B1/2pP4/2N3P1/PP3P1P/R2QKB1R b KQkq - 0 11,0.78,white,17,Semi-Slav Defense
D44,"Semi-Slav Defense: Botvinnik Variation, Ekstrom Variation",1. d4 d5 2. c4 c6 3. Nf3 Nf6 4. Nc3 e6 5. Bg5 dxc4 6. e4 b5 7. e5 h6 8. Bh4 g5 9. exf6 gxh4 10. Ne5,d4-d5,19,rnbqkb1r/p4p2/2p1pP1p/1p2N3/2pP3p/2N5/PP3PPP/R2QKB1R b KQkq - 1 10,-0.53,black,17,Semi-Slav Defense
D48,"Semi-Slav Defense: Meran Variation, Reynolds' Variation",1. d4 d5 2. c4 c6 3. Nf3 Nf6 4. Nc3 e6 5. e3 Nbd7 6. Bd3 dxc4 7. Bxc4 b5 8. Bd3 a6 9. e4 c5 10. d5,d4-d5,19,r1bqkb1r/3n1ppp/p3pn2/1ppP4/4P3/2NB1N2/PP3PPP/R1BQK2R b KQkq - 0 10,0.14,white,19,Semi-Slav Defense
D49,"Semi-Slav Defense: Meran Variation, Sozin Variation",1. d4 d5 2. c4 c6 3. Nf3 Nf6 4. Nc3 e6 5. e3 Nbd7 6. Bd3 dxc4 7. Bxc4 b5 8. Bd3 a6 9. e4 c5 10. e5 cxd4 11. Nxb5 Nxe5,d4-d5,22,r1bqkb1r/5ppp/p3pn2/1N2n3/3p4/3B1N2/PP3PPP/R1BQK2R w KQkq - 0 12,0.41,white,19,Semi-Slav Defense
D45,"Semi-Slav Defense: Stoltz Variation, Center Variation, Mikhalchishin Line",1. d4 d5 2. c4 c6 3. Nf3 Nf6 4. Nc3 e6 5. e3 Nbd7 6. Qc2 Bd6 7. e4 dxe4 8. Nxe4 Nxe4 9. Qxe4 e5 10. dxe5,d4-d5,19,r1bqk2r/pp1n1ppp/2pb4/4P3/2P1Q3/5N2/PP3PPP/R1B1KB1R b KQkq - 0 10,-0.2,black,11,Semi-Slav Defense
D46,Semi-Slav Defense: Chigorin Defense,1. d4 d5 2. c4 c6 3. Nf3 e6 4. e3 Nf6 5. Nc3 Bd6 6. Bd3 dxc4 7. Bxc4 b5 8. Bd3 Nbd7 9. O-O O-O 10. Qc2,d4-d5,19,r1bq1rk1/p2n1ppp/2pbpn2/1p6/3P4/2NBPN2/PPQ2PPP/R1B2RK1 b - - 5 10,0.44,white,6,Semi-Slav Defense
D17,"Slav Defense: Czech Variation, Carlsbad Variation, Morozevich Variation",1. d4 d5 2. c4 c6 3. Nf3 Nf6 4. Nc3 dxc4 5. a4 Bf5 6. Ne5 Nbd7 7. Nxc4 Qc7 8. g3 e5 9. dxe5 Nxe5 10. Bf4 Nfd7 11. Bg2 g5,d4-d5,22,r3kb1r/ppqn1p1p/2p5/4nbp1/P1N2B2/2N3P1/1P2PPBP/R2QK2R w KQkq - 0 12,0.43,white,11,Slav Defense
D19,"Slav Defense: Czech Variation, Dutch Variation, Sämisch Variation",1. d4 d5 2. c4 c6 3. Nf3 Nf6 4. Nc3 dxc4 5. a4 Bf5 6. e3 e6 7. Bxc4 Bb4 8. O-O O-O 9. Qe2 Ne4 10. g4,d4-d5,19,rn1q1rk1/pp3ppp/2p1p3/5b2/PbBPn1P1/2N1PN2/1P2QP1P/R1B2RK1 b - - 0 10,0.61,white,11,Slav Defense
D34,"Tarrasch Defense: Classical Variation, Petursson Variation",1. d4 d5 2. c4 e6 3. Nc3 c5 4. cxd5 exd5 5. Nf3 Nc6 6. g3 Nf6 7. Bg2 Be7 8. O-O O-O 9. Bg5 cxd4 10. Nxd4 Re8,d4-d5,20,r1bqr1k1/pp2bppp/2n2n2/3p2B1/3N4/2N3P1/PP2PPBP/R2Q1RK1 w - - 1 11,0.56,white,20,Tarrasch Defense
D34,"Tarrasch Defense: Classical Variation, Spassky Variation",1. d4 d5 2. c4 e6 3. Nc3 c5 4. cxd5 exd5 5. Nf3 Nc6 6. g3 Nf6 7. Bg2 Be7 8. O-O O-O 9. Bg5 cxd4 10. Nxd4 h6 11. Be3 Bg4,d4-d5,22,r2q1rk1/pp2bpp1/2n2n1p/3p4/3N2b1/2N1B1P1/PP2PPBP/R2Q1RK1 w - - 2 12,0.45,white,22,Tarrasch Defense
D34,"Tarrasch Defense: Classical Variation, Main Line",1. d4 d5 2. c4 e6 3. Nc3 c5 4. cxd5 exd5 5. Nf3 Nc6 6. g3 Nf6 7. Bg2 Be7 8. O-O O-O 9. Bg5 cxd4 10. Nxd4 h6 11. Be3 Re8,d4-d5,22,r1bqr1k1/pp2bpp1/2n2n1p/3p4/3N4/2N1B1P1/PP2PPBP/R2Q1RK1 w - - 2 12,0.38,white,22,Tarrasch Defense
D34,"Tarrasch Defense: Classical Variation, Chandler Variation",1. d4 d5 2. c4 e6 3. Nc3 c5 4. cxd5 exd5 5. Nf3 Nc6 6. g3 Nf6 7. Bg2 Be7 8. O-O O-O 9. Bg5 cxd4 10. Nxd4 h6 11. Be3 Re8 12. Rc1 Be6,d4-d5,24,r2qr1k1/pp2bpp1/2n1bn1p/3p4/3N4/2N1B1P1/PP2PPBP/2RQ1RK1 w - - 4 13,0.71,white,23,Tarrasch Defense
D34,"Tarrasch Defense: Classical Variation, Réti Variation",1. d4 d5 2. c4 e6 3. Nc3 c5 4. cxd5 exd5 5. Nf3 Nc6 6. g3 Nf6 7. Bg2 Be7 8. O-O O-O 9. dxc5 Bxc5 10. Na4,d4-d5,19,r1bq1rk1/pp3ppp/2n2n2/2bp4/N7/5NP1/PP2PPBP/R1BQ1RK1 b - - 1 10,0.32,white,17,Tarrasch Defense
B03,"Alekhine Defense: Exchange Variation, Karpov Variation",1. e4 Nf6 2. e5 Nd5 3. d4 d6 4. c4 Nb6 5. exd6 cxd6 6. Nc3 g6 7. h3 Bg7 8. Nf3 O-O 9. Be2 Nc6 10. O-O Bf5 11. Bf4,e4-Nf6,21,r2q1rk1/pp2ppbp/1nnp2p1/5b2/2PP1B2/2N2N1P/PP2BPP1/R2Q1RK1 b - - 8 11,0.53,white,9,Alekhine Defense
B03,"Alekhine Defense: Four Pawns Attack, Korchnoi Variation",1. e4 Nf6 2. e5 Nd5 3. d4 d6 4. c4 Nb6 5. f4 dxe5 6. fxe5 Bf5 7. Nc3 e6 8. Nf3 Be7 9. Be2 O-O 10. O-O f6,e4-Nf6,20,rn1q1rk1/ppp1b1pp/1n2pp2/4Pb2/2PP4/2N2N2/PP2B1PP/R1BQ1RK1 w - - 0 11,0.72,white,12,Alekhine Defense
B03,"Alekhine Defense: Four Pawns Attack, Tartakower Variation",1. e4 Nf6 2. e5 Nd5 3. d4 d6 4. c4 Nb6 5. f4 dxe5 6. fxe5 Nc6 7. Be3 Bf5 8. Nc3 e6 9. Nf3 Qd7 10. Be2 O-O-O 11. O-O Be7,e4-Nf6,22,2kr3r/pppqbppp/1nn1p3/4Pb2/2PP4/2N1BN2/PP2B1PP/R2Q1RK1 w - - 6 12,1.24,white,12,Alekhine Defense
B74,"Sicilian Defense: Dragon Variation, Classical Variation, Stockholm Attack",1. e4 c5 2. Nc3 d6 3. f4 Nc6 4. Nf3 g6 5. d4 cxd4 6. Nxd4 Bg7 7. Be3 Nf6 8. Be2 O-O 9. Nb3 Be6 10. O-O Na5 11. f5 Bc4 12. Nxa5 Bxe2 13. Qxe2 Qxa5 14. g4,e4-c5,27,r4rk1/pp2ppbp/3p1np1/q4P2/4P1P1/2N1B3/PPP1Q2P/R4RK1 b - - 0 14,-0.15,black,3,Sicilian Defense
B69,"Sicilian Defense: Richter-Rauzer Variation, Neo-Modern Variation, Nyezhmetdinov Attack",1. e4 c5 2. Nf3 Nc6 3. d4 cxd4 4. Nxd4 Nf6 5. Nc3 d6 6. Bg5 e6 7. Qd2 a6 8. O-O-O Bd7 9. f4 Be7 10. Nf3 b5 11. Bxf6,e4-c5,21,r2qk2r/3bbppp/p1nppB2/1p6/4PP2/2N2N2/PPPQ2PP/2KR1B1R b kq - 0 11,0.41,white,10,Sicilian Defense
B33,"Sicilian Defense: Lasker-Pelikan Variation, Sveshnikov Variation, Novosibirsk Variation",1. e4 c5 2. Nf3 Nc6 3. d4 cxd4 4. Nxd4 Nf6 5. Nc3 e5 6. Ndb5 d6 7. Bg5 a6 8. Na3 b5 9. Bxf6 gxf6 10. Nd5 Bg7,e4-c5,20,r1bqk2r/5pbp/p1np1p2/1p1Np3/4P3/N7/PPP2PPP/R2QKB1R w KQkq - 2 11,0.29,white,20,Sicilian Defense
B33,"Sicilian Defense: Lasker-Pelikan Variation, Sveshnikov Variation",1. e4 c5 2. Nf3 Nc6 3. d4 cxd4 4. Nxd4 Nf6 5. Nc3 e5 6. Ndb5 d6 7. Bg5 a6 8. Na3 b5 9. Bxf6 gxf6 10. Nd5 f5,e4-c5,20,r1bqkb1r/5p1p/p1np4/1p1Npp2/4P3/N7/PPP2PPP/R2QKB1R w KQkq - 0 11,0.28,white,20,Sicilian Defense
B33,"Sicilian Defense: Lasker-Pelikan Variation, Sveshnikov Variation, Peresypkin's Sacrifice",1. e4 c5 2. Nf3 Nc6 3. d4 cxd4 4. Nxd4 Nf6 5. Nc3 e5 6. Ndb5 d6 7. Bg5 a6 8. Na3 b5 9. Bxf6 gxf6 10. Nd5 f5 11. Bxb5,e4-c5,21,r1bqkb1r/5p1p/p1np4/1B1Npp2/4P3/N7/PPP2PPP/R2QK2R b KQkq - 0 11,0.0,black,21,Sicilian Defense
B73,"Sicilian Defense: Dragon Variation, Classical Variation, Zollner Gambit",1. e4 c5 2. Nf3 Nc6 3. d4 cxd4 4. Nxd4 g6 5. Be3 Bg7 6. Be2 Nf6 7. Nc3 O-O 8. O-O d6 9. f4 Qb6 10. e5,e4-c5,19,r1b2rk1/pp2ppbp/1qnp1np1/4P3/3N1P2/2N1B3/PPP1B1PP/R2Q1RK1 b - - 0 10,-0.87,black,9,Sicilian Defense
B74,"Sicilian Defense: Dragon Variation, Classical Variation, Spielmann Variation",1. e4 c5 2. Nf3 Nc6 3. d4 cxd4 4. Nxd4 g6 5. Nc3 Bg7 6. Be3 Nf6 7. Be2 O-O 8. Nb3 d6 9. O-O Be6 10. f4 Na5 11. f5 Bc4 12. Bd3,e4-c5,23,r2q1rk1/pp2ppbp/3p1np1/n4P2/2b1P3/1NNBB3/PPP3PP/R2Q1RK1 b - - 2 12,0.2,white,9,Sicilian Defense
B89,"Sicilian Defense: Sozin Attack, Main Line, Sherbakov Variation",1. e4 c5 2. Nf3 d6 3. d4 cxd4 4. Nxd4 Nf6 5. Nc3 Nc6 6. Bc4 e6 7. Be3 Be7 8. Bb3 O-O 9. O-O Na5 10. f4 b6,e4-c5,20,r1bq1rk1/p3bppp/1p1ppn2/n7/3NPP2/1BN1B3/PPP3PP/R2Q1RK1 w - - 0 11,0.3,white,11,Sicilian Defense
B63,"Sicilian Defense: Richter-Rauzer Variation, Classical Variation, Kantscher Line",1. e4 c5 2. Nf3 d6 3. d4 cxd4 4. Nxd4 Nf6 5. Nc3 Nc6 6. Bg5 e6 7. Qd2 Be7 8. O-O-O Nxd4 9. Qxd4 a6 10. f4 b5,e4-c5,20,r1bqk2r/4bppp/p2ppn2/1p4B1/3QPP2/2N5/PPP3PP/2KR1B1R w kq - 0 11,0.64,white,16,Sicilian Defense
B65,"Sicilian Defense: Richter-Rauzer Variation, Classical Variation",1. e4 c5 2. Nf3 d6 3. d4 cxd4 4. Nxd4 Nf6 5. Nc3 Nc6 6. Bg5 e6 7. Qd2 Be7 8. O-O-O O-O 9. f4 Nxd4 10. Qxd4,e4-c5,19,r1bq1rk1/pp2bppp/3ppn2/6B1/3QPP2/2N5/PPP3PP/2KR1B1R b - - 0 10,0.5,white,16,Sicilian Defense
B94,"Sicilian Defense: Najdorf Variation, Ivkov Variation",1. e4 c5 2. Nf3 d6 3. d4 cxd4 4. Nxd4 Nf6 5. Nc3 a6 6. Bg5 Nbd7 7. Bc4 Qa5 8. Qd2 e6 9. O-O-O b5 10. Bb3 Bb7 11. Rhe1 Nc5 12. e5,e4-c5,23,r3kb1r/1b3ppp/p2ppn2/qpn1P1B1/3N4/1BN5/PPPQ1PPP/2KRR3 b kq - 0 12,-0.41,black,12,Sicilian Defense
B96,"Sicilian Defense: Najdorf Variation, Polugaevsky Variation, Simagin Line",1. e4 c5 2. Nf3 d6 3. d4 cxd4 4. Nxd4 Nf6 5. Nc3 a6 6. Bg5 e6 7. f4 b5 8. e5 dxe5 9. fxe5 Qc7 10. Qe2,e4-c5,19,rnb1kb1r/2q2ppp/p3pn2/1p2P1B1/3N4/2N5/PPP1Q1PP/R3KB1R b KQkq - 2 10,0.61,white,12,Sicilian Defense
B74,"Sicilian Defense: Dragon Variation, Classical Variation, Maróczy Line",1. e4 c5 2. Nf3 d6 3. d4 cxd4 4. Nxd4 Nf6 5. Nc3 g6 6. Be2 Bg7 7. O-O O-O 8. Be3 Nc6 9. Nb3 Be6 10. f4 Na5,e4-c5,20,r2q1rk1/pp2ppbp/3pbnp1/n7/4PP2/1NN1B3/PPP1B1PP/R2Q1RK1 w - - 1 11,0.11,white,20,Sicilian Defense
B74,"Sicilian Defense: Dragon Variation, Classical Variation, Tartakower Line",1. e4 c5 2. Nf3 d6 3. d4 cxd4 4. Nxd4 Nf6 5. Nc3 g6 6. Be2 Bg7 7. O-O O-O 8. Be3 Nc6 9. Nb3 Be6 10. f4 Qc8,e4-c5,20,r1q2rk1/pp2ppbp/2npbnp1/8/4PP2/1NN1B3/PPP1B1PP/R2Q1RK1 w - - 1 11,0.18,white,20,Sicilian Defense
B77,"Sicilian Defense: Dragon Variation, Yugoslav Attack, Czerniak Variation",1. e4 c5 2. Nf3 d6 3. d4 cxd4 4. Nxd4 Nf6 5. Nc3 g6 6. Be3 Bg7 7. f3 Nc6 8. Qd2 O-O 9. Bc4 Nxd4 10. Bxd4 Be6,e4-c5,20,r2q1rk1/pp2ppbp/3pbnp1/8/2BBP3/2N2P2/PPPQ2PP/R3K2R w KQ - 1 11,0.46,white,14,Sicilian Defense
B78,"Sicilian Defense: Dragon Variation, Yugoslav Attack",1. e4 c5 2. Nf3 d6 3. d4 cxd4 4. Nxd4 Nf6 5. Nc3 g6 6. Be3 Bg7 7. f3 O-O 8. Qd2 Nc6 9. Bc4 Bd7 10. O-O-O,e4-c5,19,r2q1rk1/pp1bppbp/2np1np1/8/2BNP3/2N1BP2/PPPQ2PP/2KR3R b - - 6 10,0.84,white,19,Sicilian Defense
B79,"Sicilian Defense: Dragon Variation, Yugoslav Attack, Soltis Variation",1. e4 c5 2. Nf3 d6 3. d4 cxd4 4. Nxd4 Nf6 5. Nc3 g6 6. Be3 Bg7 7. f3 O-O 8. Qd2 Nc6 9. Bc4 Bd7 10. O-O-O Qa5 11. h4 Rfc8 12. Bb3 h5,e4-c5,24,r1r3k1/pp1bppb1/2np1np1/q6p/3NP2P/1BN1BP2/PPPQ2P1/2KR3R w - - 0 13,0.9,white,20,Sicilian Defense
B78,"Sicilian Defense: Dragon Variation, Yugoslav Attack, Old Line",1. e4 c5 2. Nf3 d6 3. d4 cxd4 4. Nxd4 Nf6 5. Nc3 g6 6. Be3 Bg7 7. f3 O-O 8. Qd2 Nc6 9. Bc4 Bd7 10. O-O-O Rc8,e4-c5,20,2rq1rk1/pp1bppbp/2np1np1/8/2BNP3/2N1BP2/PPPQ2PP/2KR3R w - - 7 11,0.7,white,20,Sicilian Defense
B79,"Sicilian Defense: Dragon Variation, Yugoslav Attack",1. e4 c5 2. Nf3 d6 3. d4 cxd4 4. Nxd4 Nf6 5. Nc3 g6 6. Be3 Bg7 7. f3 O-O 8. Qd2 Nc6 9. Bc4 Bd7 10. h4 Qa5 11. O-O-O Rfc8 12. Bb3,e4-c5,23,r1r3k1/pp1bppbp/2np1np1/q7/3NP2P/1BN1BP2/PPPQ2P1/2KR3R b - - 4 12,1.08,white,19,Sicilian Defense
B44,"Sicilian Defense: Taimanov Variation, Modern Line",1. e4 c5 2. Nf3 e6 3. d4 cxd4 4. Nxd4 Nc6 5. Nb5 d6 6. c4 Nf6 7. N1c3 a6 8. Na3 Be7 9. Be2 O-O 10. O-O b6,e4-c5,20,r1bq1rk1/4bppp/ppnppn2/8/2P1P3/N1N5/PP2BPPP/R1BQ1RK1 w - - 0 11,0.17,white,9,Sicilian Defense
B85,"Sicilian Defense: Scheveningen Variation, Classical Main Line",1. e4 c5 2. Nf3 e6 3. d4 cxd4 4. Nxd4 Nc6 5. Nc3 Qc7 6. Be2 a6 7. O-O Nf6 8. Be3 Be7 9. f4 d6 10. Qe1 O-O,e4-c5,20,r1b2rk1/1pq1bppp/p1nppn2/8/3NPP2/2N1B3/PPP1B1PP/R3QRK1 w - - 2 11,0.4,white,15,Sicilian Defense
B85,"Sicilian Defense: Scheveningen Variation, Classical Variation, Paulsen Variation",1. e4 c5 2. Nf3 e6 3. d4 cxd4 4. Nxd4 Nc6 5. Nc3 Qc7 6. Be2 a6 7. O-O Nf6 8. Kh1 Be7 9. f4 d6 10. a4,e4-c5,19,r1b1k2r/1pq1bppp/p1nppn2/8/P2NPP2/2N5/1PP1B1PP/R1BQ1R1K b kq - 0 10,0.3,white,15,Sicilian Defense
B83,"Sicilian Defense: Scheveningen Variation, Modern Variation",1. e4 c5 2. Nf3 e6 3. d4 cxd4 4. Nxd4 Nf6 5. Nc3 d6 6. Be2 Be7 7. O-O O-O 8. f4 Nc6 9. Be3 Bd7 10. Nb3,e4-c5,19,r2q1rk1/pp1bbppp/2nppn2/8/4PP2/1NN1B3/PPP1B1PP/R2Q1RK1 b - - 4 10,0.42,white,8,Sicilian Defense
B74,"Sicilian Defense: Dragon Variation, Classical Variation, Bernard Defense",1. e4 c5 2. Nf3 g6 3. d4 cxd4 4. Nxd4 Nf6 5. Nc3 d6 6. Be2 Bg7 7. O-O O-O 8. Be3 Nc6 9. Nb3 Be6 10. f4 Na5 11. f5 Bc4 12. Bd3 Bxd3 13. cxd3 d5,e4-c5,26,r2q1rk1/pp2ppbp/5np1/n2p1P2/4P3/1NNPB3/PP4PP/R2Q1RK1 w - - 0 14,0.56,white,4,Sicilian Defense
B19,"Caro-Kann Defense: Classical Variation, Seirawan Variation",1. e4 c6 2. d4 d5 3. Nd2 dxe4 4. Nxe4 Bf5 5. Ng3 Bg6 6. h4 h6 7. Nf3 Nd7 8. h5 Bh7 9. Bd3 Bxd3 10. Qxd3 Ngf6 11. Bd2 e6 12. O-O-O Bd6,e4-c6,24,r2qk2r/pp1n1pp1/2pbpn1p/7P/3P4/3Q1NN1/PPPB1PP1/2KR3R w kq - 2 13,0.55,white,20,Caro-Kann Defense
B19,"Caro-Kann Defense: Classical Variation, Lobron System",1. e4 c6 2. d4 d5 3. Nd2 dxe4 4. Nxe4 Bf5 5. Ng3 Bg6 6. h4 h6 7. Nf3 Nd7 8. h5 Bh7 9. Bd3 Bxd3 10. Qxd3 e6 11. Bd2 Ngf6 12. O-O-O Be7,e4-c6,24,r2qk2r/pp1nbpp1/2p1pn1p/7P/3P4/3Q1NN1/PPPB1PP1/2KR3R w kq - 4 13,0.3,white,20,Caro-Kann Defense
B17,"Caro-Kann Defense: Karpov Variation, Modern Main Line",1. e4 c6 2. d4 d5 3. Nd2 dxe4 4. Nxe4 Nd7 5. Ng5 Ngf6 6. Bd3 e6 7. N1f3 Bd6 8. Qe2 h6 9. Ne4 Nxe4 10. Qxe4,e4-c6,19,r1bqk2r/pp1n1pp1/2pbp2p/8/3PQ3/3B1N2/PPP2PPP/R1B1K2R b KQkq - 0 10,0.43,white,8,Caro-Kann Defense
C49,"Four Knights Game: Spanish Variation, Symmetrical Variation",1. e4 e5 2. Nf3 Nc6 3. Nc3 Nf6 4. Bb5 Bb4 5. O-O O-O 6. d3 d6 7. Bg5 Bxc3 8. bxc3 Qe7 9. Re1 Nd8 10. d4 Bg4,e4-e5,20,r2n1rk1/ppp1qppp/3p1n2/1B2p1B1/3PP1b1/2P2N2/P1P2PPP/R2QR1K1 w - - 1 11,0.24,white,14,Four Knights Game
C49,"Four Knights Game: Spanish Variation, Symmetrical Variation, Blake Variation",1. e4 e5 2. Nf3 Nc6 3. Nc3 Nf6 4. Bb5 Bb4 5. O-O O-O 6. d3 d6 7. Bg5 Ne7 8. Nh4 c6 9. Bc4 d5 10. Bb3 Qd6,e4-e5,20,r1b2rk1/pp2nppp/2pq1n2/3pp1B1/1b2P2N/1BNP4/PPP2PPP/R2Q1RK1 w - - 2 11,0.26,white,14,Four Knights Game
C48,"Four Knights Game: Spanish Variation, Spielmann Variation",1. e4 e5 2. Nf3 Nc6 3. Nc3 Nf6 4. Bb5 a6 5. Bxc6 dxc6 6. Nxe5 Nxe4 7. Nxe4 Qd4 8. O-O Qxe5 9. Re1 Be6 10. d4 Qd5,e4-e5,20,r3kb1r/1pp2ppp/p1p1b3/3q4/3PN3/8/PPP2PPP/R1BQR1K1 w kq - 1 11,0.28,white,8,Four Knights Game
C47,"Four Knights Game: Halloween Gambit, Plasma Variation",1. e4 e5 2. Nf3 Nc6 3. Nc3 Nf6 4. Nxe5 Nxe5 5. d4 Nc6 6. d5 Ne5 7. f4 Ng6 8. e5 Ng8 9. d6 cxd6 10. exd6 Qf6 11. Nb5 Rb8,e4-e5,22,1rb1kbnr/pp1p1ppp/3P1qn1/1N6/5P2/8/PPP3PP/R1BQKB1R w KQk - 3 12,1.26,white,7,Four Knights Game
C51,"Italian Game: Evans Gambit Declined, Pavlov Variation",1. e4 e5 2. Nf3 Nc6 3. Bc4 Bc5 4. b4 Bb6 5. b5 Na5 6. Nxe5 Nh6 7. d4 d6 8. Bxh6 dxe5 9. Bxg7 Rg8 10. Bxf7+ Kxf7 11. Bxe5 Qg5 12. Nd2,e4-e5,23,r1b3r1/ppp2k1p/1b6/nP2B1q1/3PP3/8/P1PN1PPP/R2QK2R b KQ - 2 12,-0.75,black,8,Italian Game
C52,"Italian Game: Evans Gambit, Levenfish Variation",1. e4 e5 2. Nf3 Nc6 3. Bc4 Bc5 4. b4 Bxb4 5. c3 Ba5 6. d4 d6 7. Qb3 Qd7 8. dxe5 dxe5 9. O-O Bb6 10. Ba3 Na5 11. Nxe5,e4-e5,21,r1b1k1nr/pppq1ppp/1b6/n3N3/2B1P3/BQP5/P4PPP/RN3RK1 b kq - 0 11,0.03,white,12,Italian Game
C52,"Italian Game: Evans Gambit, Compromised Defense, Main Line",1. e4 e5 2. Nf3 Nc6 3. Bc4 Bc5 4. b4 Bxb4 5. c3 Ba5 6. d4 exd4 7. O-O dxc3 8. Qb3 Qf6 9. e5 Qg6 10. Nxc3 Nge7 11. Ba3,e4-e5,21,r1b1k2r/ppppnppp/2n3q1/b3P3/2B5/BQN2N2/P4PPP/R4RK1 b kq - 2 11,0.57,white,21,Italian Game
C52,"Italian Game: Evans Gambit, Compromised Defense, Potter Variation",1. e4 e5 2. Nf3 Nc6 3. Bc4 Bc5 4. b4 Bxb4 5. c3 Ba5 6. d4 exd4 7. O-O dxc3 8. Qb3 Qf6 9. e5 Qg6 10. Nxc3 Nge7 11. Rd1,e4-e5,21,r1b1k2r/ppppnppp/2n3q1/b3P3/2B5/1QN2N2/P4PPP/R1BR2K1 b kq - 2 11,0.15,white,21,Italian Game
C51,"Italian Game: Evans Gambit, Fraser Attack",1. e4 e5 2. Nf3 Nc6 3. Bc4 Bc5 4. b4 Bxb4 5. c3 Bc5 6. d4 exd4 7. O-O d6 8. cxd4 Bb6 9. Nc3 Bg4 10. Qa4,e4-e5,19,r2qk1nr/ppp2ppp/1bnp4/8/Q1BPP1b1/2N2N2/P4PPP/R1B2RK1 b kq - 4 10,0.13,white,19,Italian Game
C51,"Italian Game: Evans Gambit, Fraser-Mortimer Attack",1. e4 e5 2. Nf3 Nc6 3. Bc4 Bc5 4. b4 Bxb4 5. c3 Bc5 6. d4 exd4 7. O-O d6 8. cxd4 Bb6 9. Nc3 Bg4 10. Qa4 Bd7 11. Qb3 Na5 12. Bxf7+ Kf8 13. Qc2,e4-e5,25,r2q1knr/pppb1Bpp/1b1p4/n7/3PP3/2N2N2/P1Q2PPP/R1B2RK1 b - - 2 13,-0.94,black,25,Italian Game
C51,"Italian Game: Evans Gambit, Mortimer-Evans Gambit",1. e4 e5 2. Nf3 Nc6 3. Bc4 Bc5 4. b4 Bxb4 5. c3 Bc5 6. d4 exd4 7. O-O d6 8. cxd4 Bb6 9. Nc3 Bg4 10. Qa4 Bd7 11. Qb3 Na5 12. Bxf7+ Kf8 13. Qc2 Kxf7,e4-e5,26,r2q2nr/pppb1kpp/1b1p4/n7/3PP3/2N2N2/P1Q2PPP/R1B2RK1 w - - 0 14,-0.2,black,26,Italian Game
C51,"Italian Game: Evans Gambit, Göring Attack",1. e4 e5 2. Nf3 Nc6 3. Bc4 Bc5 4. b4 Bxb4 5. c3 Bc5 6. d4 exd4 7. O-O d6 8. cxd4 Bb6 9. Nc3 Na5 10. Bg5,e4-e5,19,r1bqk1nr/ppp2ppp/1b1p4/n5B1/2BPP3/2N2N2/P4PPP/R2Q1RK1 b kq - 4 10,-0.17,black,19,Italian Game
C51,"Italian Game: Evans Gambit, Steinitz Variation",1. e4 e5 2. Nf3 Nc6 3. Bc4 Bc5 4. b4 Bxb4 5. c3 Bc5 6. d4 exd4 7. O-O d6 8. cxd4 Bb6 9. Nc3 Na5 10. Bg5 f6 11. Be3,e4-e5,21,r1bqk1nr/ppp3pp/1b1p1p2/n7/2BPP3/2N1BN2/P4PPP/R2Q1RK1 b kq - 1 11,-0.71,black,20,Italian Game
C51,"Italian Game: Evans Gambit, Ulvestad Variation",1. e4 e5 2. Nf3 Nc6 3. Bc4 Bc5 4. b4 Bxb4 5. c3 Bc5 6. d4 exd4 7. O-O d6 8. cxd4 Bb6 9. d5 Na5 10. Bb2,e4-e5,19,r1bqk1nr/ppp2ppp/1b1p4/n2P4/2B1P3/5N2/PB3PPP/RN1Q1RK1 b kq - 2 10,0.02,white,19,Italian Game
C51,"Italian Game: Evans Gambit, Paulsen Variation",1. e4 e5 2. Nf3 Nc6 3. Bc4 Bc5 4. b4 Bxb4 5. c3 Bc5 6. d4 exd4 7. O-O d6 8. cxd4 Bb6 9. d5 Na5 10. Bb2 Ne7,e4-e5,20,r1bqk2r/ppp1nppp/1b1p4/n2P4/2B1P3/5N2/PB3PPP/RN1Q1RK1 w kq - 3 11,-0.1,black,20,Italian Game
C54,"Italian Game: Giuoco Piano, Krause Variation",1. e4 e5 2. Nf3 Nc6 3. Bc4 Bc5 4. c3 Nf6 5. d4 exd4 6. cxd4 Bb4+ 7. Bd2 Nxe4 8. Bxb4 Nxb4 9. Bxf7+ Kxf7 10. Qb3+ d5 11. Ne5+ Kf6 12. f3,e4-e5,23,r1bq3r/ppp3pp/5k2/3pN3/1n1Pn3/1Q3P2/PP4PP/RN2K2R b KQ - 0 12,1.06,white,13,Italian Game
C54,"Italian Game: Giuoco Piano, Steinitz Variation",1. e4 e5 2. Nf3 Nc6 3. Bc4 Bc5 4. c3 Nf6 5. d4 exd4 6. cxd4 Bb4+ 7. Nc3 Nxe4 8. O-O Bxc3 9. bxc3 d5 10. Ba3,e4-e5,19,r1bqk2r/ppp2ppp/2n5/3p4/2BPn3/B1P2N2/P4PPP/R2Q1RK1 b kq - 1 10,-1.76,black,17,Italian Game
C54,"Italian Game: Giuoco Piano, Therkatz-Herzog Variation",1. e4 e5 2. Nf3 Nc6 3. Bc4 Bc5 4. c3 Nf6 5. d4 exd4 6. cxd4 Bb4+ 7. Nc3 Nxe4 8. O-O Bxc3 9. d5 Bf6 10. Re1 Ne7 11. Rxe4 d6 12. Bg5 Bxg5 13. Nxg5 O-O 14. Nxh7,e4-e5,27,r1bq1rk1/ppp1nppN/3p4/3P4/2B1R3/8/PP3PPP/R2Q2K1 b - - 0 14,-0.75,black,23,Italian Game
C54,"Italian Game: Classical Variation, Greco Gambit, Moeller-Bayonet Attack",1. e4 e5 2. Nf3 Nc6 3. Bc4 Bc5 4. c3 Nf6 5. d4 exd4 6. cxd4 Bb4+ 7. Nc3 Nxe4 8. O-O Bxc3 9. d5 Bf6 10. Re1 Ne7 11. Rxe4 d6 12. g4,e4-e5,23,r1bqk2r/ppp1nppp/3p1b2/3P4/2B1R1P1/5N2/PP3P1P/R1BQ2K1 b kq - 0 12,-0.46,black,23,Italian Game
C54,"Italian Game: Giuoco Piano, Aitken Variation",1. e4 e5 2. Nf3 Nc6 3. Bc4 Bc5 4. c3 Nf6 5. d4 exd4 6. cxd4 Bb4+ 7. Nc3 Nxe4 8. O-O Nxc3 9. bxc3 Bxc3 10. Ba3,e4-e5,19,r1bqk2r/pppp1ppp/2n5/8/2BP4/B1b2N2/P4PPP/R2Q1RK1 b kq - 1 10,1.3,white,19,Italian Game
C54,"Italian Game: Giuoco Piano, Bernstein Variation",1. e4 e5 2. Nf3 Nc6 3. Bc4 Bc5 4. c3 Nf6 5. d4 exd4 6. cxd4 Bb4+ 7. Nc3 Nxe4 8. O-O Nxc3 9. bxc3 Bxc3 10. Qb3 d5,e4-e5,20,r1bqk2r/ppp2ppp/2n5/3p4/2BP4/1Qb2N2/P4PPP/R1B2RK1 w kq - 0 11,1.25,white,19,Italian Game
C59,"Italian Game: Two Knights Defense, Knorre Variation",1. e4 e5 2. Nf3 Nc6 3. Bc4 Nf6 4. Ng5 d5 5. exd5 Na5 6. Bb5+ c6 7. dxc6 bxc6 8. Be2 h6 9. Nf3 e4 10. Ne5 Bd6 11. d4 Qc7 12. Bd2,e4-e5,23,r1b1k2r/p1q2pp1/2pb1n1p/n3N3/3Pp3/8/PPPBBPPP/RN1QK2R b KQkq - 2 12,0.13,white,20,Italian Game
C59,"Italian Game: Two Knights Defense, Polerio Defense, Göring Variation",1. e4 e5 2. Nf3 Nc6 3. Bc4 Nf6 4. Ng5 d5 5. exd5 Na5 6. Bb5+ c6 7. dxc6 bxc6 8. Be2 h6 9. Nf3 e4 10. Ne5 Qc7,e4-e5,20,r1b1kb1r/p1q2pp1/2p2n1p/n3N3/4p3/8/PPPPBPPP/RNBQK2R w KQkq - 2 11,0.3,white,20,Italian Game
C58,"Italian Game: Two Knights Defense, Polerio Defense, Yankovich Variation",1. e4 e5 2. Nf3 Nc6 3. Bc4 Nf6 4. Ng5 d5 5. exd5 Na5 6. d3 h6 7. Nf3 e4 8. Qe2 Nxc4 9. dxc4 Bc5 10. Nfd2,e4-e5,19,r1bqk2r/ppp2pp1/5n1p/2bP4/2P1p3/8/PPPNQPPP/RNB1K2R b KQkq - 2 10,-0.54,black,11,Italian Game
C57,"Italian Game: Two Knights Defense, Fegatello Attack, Leonhardt Variation",1. e4 e5 2. Nf3 Nc6 3. Bc4 Nf6 4. Ng5 d5 5. exd5 Nxd5 6. Nxf7 Kxf7 7. Qf3+ Ke6 8. Nc3 Nb4 9. Qe4 c6 10. a3 Na6 11. d4 Nc7,e4-e5,22,r1bq1b1r/ppn3pp/2p1k3/3np3/2BPQ3/P1N5/1PP2PPP/R1B1K2R w KQ - 1 12,-1.0,black,10,Italian Game
C54,"Italian Game: Giuoco Piano, Holzhausen Attack",1. e4 e5 2. Nf3 Nc6 3. Bc4 Nf6 4. O-O Bc5 5. d4 Bxd4 6. Nxd4 Nxd4 7. Bg5 d6 8. f4 Qe7 9. fxe5 dxe5 10. Nc3,e4-e5,19,r1b1k2r/ppp1qppp/5n2/4p1B1/2BnP3/2N5/PPP3PP/R2Q1RK1 b kq - 1 10,-0.44,black,7,Italian Game
C56,"Italian Game: Two Knights Defense, Max Lange Attack, Rubinstein Variation",1. e4 e5 2. Nf3 Nc6 3. Bc4 Nf6 4. d4 exd4 5. O-O Bc5 6. e5 d5 7. exf6 dxc4 8. Re1+ Be6 9. Ng5 Qd5 10. Nc3 Qf5 11. Nce4 Bf8,e4-e5,22,r3kb1r/ppp2ppp/2n1bP2/5qN1/2ppN3/8/PPP2PPP/R1BQR1K1 w kq - 8 12,0.95,white,21,Italian Game
C56,"Italian Game: Two Knights Defense, Max Lange Attack, Berger Variation",1. e4 e5 2. Nf3 Nc6 3. Bc4 Nf6 4. d4 exd4 5. O-O Bc5 6. e5 d5 7. exf6 dxc4 8. Re1+ Be6 9. Ng5 Qd5 10. Nc3 Qf5 11. g4 Qg6 12. Nce4 Bb6 13. f4 O-O-O,e4-e5,26,2kr3r/ppp2ppp/1bn1bPq1/6N1/2ppNPP1/8/PPP4P/R1BQR1K1 w - - 1 14,0.61,white,21,Italian Game
C56,"Italian Game: Scotch Gambit, Anderssen Attack, Main Line",1. e4 e5 2. Nf3 Nc6 3. Bc4 Nf6 4. d4 exd4 5. O-O Nxe4 6. Re1 d5 7. Bxd5 Qxd5 8. Nc3 Qa5 9. Nxe4 Be6 10. Bd2 Qd5 11. Bg5,e4-e5,21,r3kb1r/ppp2ppp/2n1b3/3q2B1/3pN3/5N2/PPP2PPP/R2QR1K1 b kq - 4 11,-0.05,black,10,Italian Game
C56,"Italian Game: Scotch Gambit, Max Lange Attack, Long Variation",1. e4 e5 2. Nf3 Nc6 3. d4 exd4 4. Bc4 Nf6 5. O-O Bc5 6. e5 d5 7. exf6 dxc4 8. Re1+ Be6 9. Ng5 Qd5 10. Nc3 Qf5 11. Nce4,e4-e5,21,r3k2r/ppp2ppp/2n1bP2/2b2qN1/2ppN3/8/PPP2PPP/R1BQR1K1 b kq - 7 11,-0.18,black,10,Italian Game
C56,"Italian Game: Two Knights Defense, Yurdansky Attack",1. e4 e5 2. Nf3 Nc6 3. d4 exd4 4. Bc4 Nf6 5. O-O Nxe4 6. Re1 d5 7. Bxd5 Qxd5 8. Nc3 Qa5 9. Nxe4 Be6 10. Bg5 h6 11. Bh4 g5 12. Nf6+ Ke7 13. b4,e4-e5,25,r4b1r/ppp1kp2/2n1bN1p/q5p1/1P1p3B/5N2/P1P2PPP/R2QR1K1 b - - 0 13,-0.47,black,10,Italian Game
C38,King's Gambit Accepted: Greco Gambit,1. e4 e5 2. f4 exf4 3. Nf3 g5 4. Bc4 Bg7 5. h4 h6 6. d4 d6 7. Nc3 c6 8. hxg5 hxg5 9. Rxh8 Bxh8 10. Ne5,e4-e5,19,rnbqk1nb/pp3p2/2pp4/4N1p1/2BPPp2/2N5/PPP3P1/R1BQK3 b Qq - 1 10,-2.25,black,8,King's Gambit Accepted
C37,"King's Gambit Accepted: Lolli Gambit, Young Variation",1. e4 e5 2. f4 exf4 3. Nf3 g5 4. Bc4 g4 5. Bxf7+ Kxf7 6. O-O gxf3 7. Qxf3 Qf6 8. d4 Qxd4+ 9. Be3 Qf6 10. Nc3,e4-e5,19,rnb2bnr/pppp1k1p/5q2/8/4Pp2/2N1BQ2/PPP3PP/R4RK1 b - - 3 10,-0.82,black,9,King's Gambit Accepted
C37,"King's Gambit Accepted: Double Muzio Gambit, Young Gambit",1. e4 e5 2. f4 exf4 3. Nf3 g5 4. Bc4 g4 5. O-O gxf3 6. Qxf3 Qf6 7. Bxf7+ Kxf7 8. d4 Qxd4+ 9. Be3 Qf6 10. Nc3 fxe3,e4-e5,20,rnb2bnr/pppp1k1p/5q2/8/4P3/2N1pQ2/PPP3PP/R4RK1 w - - 0 11,4.52,white,13,King's Gambit Accepted
C37,"King's Gambit Accepted: Double Muzio Gambit, Paulsen Defense",1. e4 e5 2. f4 exf4 3. Nf3 g5 4. Bc4 g4 5. O-O gxf3 6. Qxf3 Qf6 7. e5 Qxe5 8. d3 Bh6 9. Nc3 Ne7 10. Bd2 Nbc6 11. Rae1,e4-e5,21,r1b1k2r/ppppnp1p/2n4b/4q3/2B2p2/2NP1Q2/PPPB2PP/4RRK1 b kq - 6 11,-1.9,black,13,King's Gambit Accepted
C39,"King's Gambit Accepted: Allgaier, Cook Variation",1. e4 e5 2. f4 exf4 3. Nf3 g5 4. h4 g4 5. Ng5 h6 6. Nxf7 Kxf7 7. d4 d5 8. Bxf4 dxe4 9. Bc4+ Kg7 10. Be5+,e4-e5,19,rnbq1bnr/ppp3k1/7p/4B3/2BPp1pP/8/PPP3P1/RN1QK2R b KQ - 3 10,-1.6,black,7,King's Gambit Accepted
C42,"Petrov's Defense: Classical Attack, Marshall Trap",1. e4 e5 2. Nf3 Nf6 3. Nxe5 d6 4. Nf3 Nxe4 5. d4 d5 6. Bd3 Bd6 7. O-O O-O 8. c4 Bg4 9. cxd5 f5 10. Re1 Bxh2+,e4-e5,20,rn1q1rk1/ppp3pp/8/3P1p2/3Pn1b1/3B1N2/PP3PPb/RNBQR1K1 w - - 0 11,-0.61,black,12,Petrov's Defense
C42,"Petrov's Defense: Classical Attack, Berger Variation",1. e4 e5 2. Nf3 Nf6 3. Nxe5 d6 4. Nf3 Nxe4 5. d4 d5 6. Bd3 Be7 7. O-O Nc6 8. Re1 Bg4 9. c3 f5 10. Nbd2,e4-e5,19,r2qk2r/ppp1b1pp/2n5/3p1p2/3Pn1b1/2PB1N2/PP1N1PPP/R1BQR1K1 b kq - 1 10,0.28,white,19,Petrov's Defense
C42,"Petrov's Defense: Classical Attack, Maróczy Variation",1. e4 e5 2. Nf3 Nf6 3. Nxe5 d6 4. Nf3 Nxe4 5. d4 d5 6. Bd3 Be7 7. O-O Nc6 8. Re1 Bg4 9. c3 f5 10. c4 Bh4,e4-e5,20,r2qk2r/ppp3pp/2n5/3p1p2/2PPn1bb/3B1N2/PP3PPP/RNBQR1K1 w kq - 1 11,-0.43,black,19,Petrov's Defense
C42,"Petrov's Defense: Classical Attack, Krause Variation",1. e4 e5 2. Nf3 Nf6 3. Nxe5 d6 4. Nf3 Nxe4 5. d4 d5 6. Bd3 Nc6 7. O-O Be7 8. Re1 Bg4 9. c3 f5 10. c4,e4-e5,19,r2qk2r/ppp1b1pp/2n5/3p1p2/2PPn1b1/3B1N2/PP3PPP/RNBQR1K1 b kq - 0 10,-0.12,black,12,Petrov's Defense
C41,Philidor Defense: Berger Variation,1. e4 e5 2. Nf3 d6 3. d4 exd4 4. Nxd4 Nf6 5. Nc3 Be7 6. Be2 O-O 7. O-O c5 8. Nf3 Nc6 9. Bg5 Be6 10. Re1,e4-e5,19,r2q1rk1/pp2bppp/2npbn2/2p3B1/4P3/2N2N2/PPP1BPPP/R2QR1K1 b - - 5 10,0.12,white,4,Philidor Defense
C67,"Ruy Lopez: Berlin Defense, Rio de Janeiro Variation",1. e4 e5 2. Nf3 Nc6 3. Bb5 Nf6 4. O-O Nxe4 5. d4 Be7 6. Qe2 Nd6 7. Bxc6 bxc6 8. dxe5 Nb7 9. Nc3 O-O 10. Re1 Nc5 11. Nd4 Ne6 12. Be3 Nxd4 13. Bxd4 c5,e4-e5,26,r1bq1rk1/p1ppbppp/8/2p1P3/3B4/2N5/PPP1QPPP/R3R1K1 w - - 0 14,0.23,white,6,Ruy Lopez
C89,"Ruy Lopez: Marshall Attack, Original Marshall Attack",1. e4 e5 2. Nf3 Nc6 3. Bb5 a6 4. Ba4 Nf6 5. O-O Be7 6. Re1 b5 7. Bb3 O-O 8. c3 d5 9. exd5 Nxd5 10. Nxe5 Nxe5 11. Rxe5 Nf6,e4-e5,22,r1bq1rk1/2p1bppp/p4n2/1p2R3/8/1BP5/PP1P1PPP/RNBQ2K1 w - - 1 12,0.68,white,22,Ruy Lopez
C89,"Ruy Lopez: Marshall Attack, Modern Variation",1. e4 e5 2. Nf3 Nc6 3. Bb5 a6 4. Ba4 Nf6 5. O-O Be7 6. Re1 b5 7. Bb3 O-O 8. c3 d5 9. exd5 Nxd5 10. Nxe5 Nxe5 11. Rxe5 c6,e4-e5,22,r1bq1rk1/4bppp/p1p5/1p1nR3/8/1BP5/PP1P1PPP/RNBQ2K1 w - - 0 12,0.77,white,22,Ruy Lopez
C89,"Ruy Lopez: Marshall Attack, Re3 Variation",1. e4 e5 2. Nf3 Nc6 3. Bb5 a6 4. Ba4 Nf6 5. O-O Be7 6. Re1 b5 7. Bb3 O-O 8. c3 d5 9. exd5 Nxd5 10. Nxe5 Nxe5 11. Rxe5 c6 12. Bxd5 cxd5 13. d4 Bd6 14. Re3,e4-e5,27,r1bq1rk1/5ppp/p2b4/1p1p4/3P4/2P1R3/PP3PPP/RNBQ2K1 b - - 2 14,-0.21,black,23,Ruy Lopez
C89,"Ruy Lopez: Marshall Attack, Main Line",1. e4 e5 2. Nf3 Nc6 3. Bb5 a6 4. Ba4 Nf6 5. O-O Be7 6. Re1 b5 7. Bb3 O-O 8. c3 d5 9. exd5 Nxd5 10. Nxe5 Nxe5 11. Rxe5 c6 12. d4,e4-e5,23,r1bq1rk1/4bppp/p1p5/1p1nR3/3P4/1BP5/PP3PPP/RNBQ2K1 b - - 0 12,0.67,white,23,Ruy Lopez
C89,"Ruy Lopez: Marshall Attack, Modern Main Line",1. e4 e5 2. Nf3 Nc6 3. Bb5 a6 4. Ba4 Nf6 5. O-O Be7 6. Re1 b5 7. Bb3 O-O 8. c3 d5 9. exd5 Nxd5 10. Nxe5 Nxe5 11. Rxe5 c6 12. d4 Bd6 13. Re1 Qh4 14. g3 Qh3,e4-e5,28,r1b2rk1/5ppp/p1pb4/1p1n4/3P4/1BP3Pq/PP3P1P/RNBQR1K1 w - - 1 15,0.07,white,28,Ruy Lopez
C89,"Ruy Lopez: Marshall Attack, Main Line, Spassky Variation",1. e4 e5 2. Nf3 Nc6 3. Bb5 a6 4. Ba4 Nf6 5. O-O Be7 6. Re1 b5 7. Bb3 O-O 8. c3 d5 9. exd5 Nxd5 10. Nxe5 Nxe5 11. Rxe5 c6 12. d4 Bd6 13. Re1 Qh4 14. g3 Qh3 15. Be3 Bg4 16. Qd3 Rae8 17. Nd2 Re6 18. a4 Qh5,e4-e5,36,5rk1/5ppp/p1pbr3/1p1n3q/P2P2b1/1BPQB1P1/1P1N1P1P/R3R1K1 w - - 1 19,0.13,white,29,Ruy Lopez
C88,"Ruy Lopez: Closed, Alekhine Gambit",1. e4 e5 2. Nf3 Nc6 3. Bb5 a6 4. Ba4 Nf6 5. O-O Be7 6. Re1 b5 7. Bb3 d6 8. c3 Na5 9. Bc2 c5 10. d4 Qc7 11. Nbd2 O-O 12. Nf1 Bg4 13. Ne3 Bxf3 14. Qxf3,e4-e5,27,r4rk1/2q1bppp/p2p1n2/npp1p3/3PP3/2P1NQ2/PPB2PPP/R1B1R1K1 b - - 0 14,0.13,white,21,Ruy Lopez
C88,"Ruy Lopez: Closed, Balla Variation",1. e4 e5 2. Nf3 Nc6 3. Bb5 a6 4. Ba4 Nf6 5. O-O Be7 6. Re1 b5 7. Bb3 d6 8. c3 Na5 9. Bc2 c5 10. d4 Qc7 11. a4,e4-e5,21,r1b1k2r/2q1bppp/p2p1n2/npp1p3/P2PP3/2P2N2/1PB2PPP/RNBQR1K1 b kq - 0 11,0.36,white,21,Ruy Lopez
C88,"Ruy Lopez: Closed, Leonhardt Variation",1. e4 e5 2. Nf3 Nc6 3. Bb5 a6 4. Ba4 Nf6 5. O-O Be7 6. Re1 b5 7. Bb3 d6 8. c3 Na5 9. Bc2 c5 10. d4 Qc7 11. h3 Nc6 12. d5 Nb8 13. Nbd2 g5,e4-e5,26,rnb1k2r/2q1bp1p/p2p1n2/1ppPp1p1/4P3/2P2N1P/PPBN1PP1/R1BQR1K1 w kq - 0 14,2.65,white,21,Ruy Lopez
C91,"Ruy Lopez: Closed, Yates Variation, Short Attack",1. e4 e5 2. Nf3 Nc6 3. Bb5 a6 4. Ba4 Nf6 5. O-O Be7 6. Re1 b5 7. Bb3 d6 8. c3 O-O 9. d4 Bg4 10. a4,e4-e5,19,r2q1rk1/2p1bppp/p1np1n2/1p2p3/P2PP1b1/1BP2N2/1P3PPP/RNBQR1K1 b - - 0 10,0.01,white,17,Ruy Lopez
C92,"Ruy Lopez: Closed, Smyslov-Breyer-Zaitsev Hybrid",1. e4 e5 2. Nf3 Nc6 3. Bb5 a6 4. Ba4 Nf6 5. O-O Be7 6. Re1 b5 7. Bb3 d6 8. c3 O-O 9. h3 Bb7 10. d4 Re8 11. Nbd2 Bf8 12. a3 h6,e4-e5,24,r2qrbk1/1bp2pp1/p1np1n1p/1p2p3/3PP3/PBP2N1P/1P1N1PP1/R1BQR1K1 w - - 0 13,0.31,white,18,Ruy Lopez
C96,"Ruy Lopez: Closed, Chigorin Defense",1. e4 e5 2. Nf3 Nc6 3. Bb5 a6 4. Ba4 Nf6 5. O-O Be7 6. Re1 b5 7. Bb3 d6 8. c3 O-O 9. h3 Na5 10. Bc2,e4-e5,19,r1bq1rk1/2p1bppp/p2p1n2/np2p3/4P3/2P2N1P/PPBP1PP1/RNBQR1K1 b - - 2 10,0.61,white,19,Ruy Lopez
C96,"Ruy Lopez: Closed, Chigorin Defense",1. e4 e5 2. Nf3 Nc6 3. Bb5 a6 4. Ba4 Nf6 5. O-O Be7 6. Re1 b5 7. Bb3 d6 8. c3 O-O 9. h3 Na5 10. Bc2 c5,e4-e5,20,r1bq1rk1/4bppp/p2p1n2/npp1p3/4P3/2P2N1P/PPBP1PP1/RNBQR1K1 w - - 0 11,0.63,white,20,Ruy Lopez
C96,"Ruy Lopez: Closed, Borisenko Variation",1. e4 e5 2. Nf3 Nc6 3. Bb5 a6 4. Ba4 Nf6 5. O-O Be7 6. Re1 b5 7. Bb3 d6 8. c3 O-O 9. h3 Na5 10. Bc2 c5 11. d4 Nc6,e4-e5,22,r1bq1rk1/4bppp/p1np1n2/1pp1p3/3PP3/2P2N1P/PPB2PP1/RNBQR1K1 w - - 1 12,1.07,white,22,Ruy Lopez
C96,"Ruy Lopez: Closed, Keres Defense",1. e4 e5 2. Nf3 Nc6 3. Bb5 a6 4. Ba4 Nf6 5. O-O Be7 6. Re1 b5 7. Bb3 d6 8. c3 O-O 9. h3 Na5 10. Bc2 c5 11. d4 Nd7,e4-e5,22,r1bq1rk1/3nbppp/p2p4/npp1p3/3PP3/2P2N1P/PPB2PP1/RNBQR1K1 w - - 1 12,0.55,white,22,Ruy Lopez
C97,"Ruy Lopez: Closed, Chigorin Defense",1. e4 e5 2. Nf3 Nc6 3. Bb5 a6 4. Ba4 Nf6 5. O-O Be7 6. Re1 b5 7. Bb3 d6 8. c3 O-O 9. h3 Na5 10. Bc2 c5 11. d4 Qc7,e4-e5,22,r1b2rk1/2q1bppp/p2p1n2/npp1p3/3PP3/2P2N1P/PPB2PP1/RNBQR1K1 w - - 1 12,0.65,white,22,Ruy Lopez
C97,"Ruy Lopez: Closed, Chigorin, Yugoslav System",1. e4 e5 2. Nf3 Nc6 3. Bb5 a6 4. Ba4 Nf6 5. O-O Be7 6. Re1 b5 7. Bb3 d6 8. c3 O-O 9. h3 Na5 10. Bc2 c5 11. d4 Qc7 12. Nbd2 Bd7 13. Nf1 Rfe8 14. Ne3 g6,e4-e5,28,r3r1k1/2qbbp1p/p2p1np1/npp1p3/3PP3/2P1NN1P/PPB2PP1/R1BQR1K1 w - - 0 15,0.61,white,24,Ruy Lopez
C98,"Ruy Lopez: Closed, Chigorin Defense",1. e4 e5 2. Nf3 Nc6 3. Bb5 a6 4. Ba4 Nf6 5. O-O Be7 6. Re1 b5 7. Bb3 d6 8. c3 O-O 9. h3 Na5 10. Bc2 c5 11. d4 Qc7 12. Nbd2 Nc6,e4-e5,24,r1b2rk1/2q1bppp/p1np1n2/1pp1p3/3PP3/2P2N1P/PPBN1PP1/R1BQR1K1 w - - 3 13,1.05,white,24,Ruy Lopez
C98,"Ruy Lopez: Closed, Chigorin Defense",1. e4 e5 2. Nf3 Nc6 3. Bb5 a6 4. Ba4 Nf6 5. O-O Be7 6. Re1 b5 7. Bb3 d6 8. c3 O-O 9. h3 Na5 10. Bc2 c5 11. d4 Qc7 12. Nbd2 Nc6 13. dxc5,e4-e5,25,r1b2rk1/2q1bppp/p1np1n2/1pP1p3/4P3/2P2N1P/PPBN1PP1/R1BQR1K1 b - - 0 13,0.15,white,25,Ruy Lopez
C99,"Ruy Lopez: Closed, Chigorin Defense, Panov System",1. e4 e5 2. Nf3 Nc6 3. Bb5 a6 4. Ba4 Nf6 5. O-O Be7 6. Re1 b5 7. Bb3 d6 8. c3 O-O 9. h3 Na5 10. Bc2 c5 11. d4 Qc7 12. Nbd2 cxd4 13. cxd4,e4-e5,25,r1b2rk1/2q1bppp/p2p1n2/np2p3/3PP3/5N1P/PPBN1PP1/R1BQR1K1 b - - 0 13,0.55,white,24,Ruy Lopez
C96,"Ruy Lopez: Closed, Rossolimo Defense",1. e4 e5 2. Nf3 Nc6 3. Bb5 a6 4. Ba4 Nf6 5. O-O Be7 6. Re1 b5 7. Bb3 d6 8. c3 O-O 9. h3 Na5 10. Bc2 c6 11. d4 Qc7,e4-e5,22,r1b2rk1/2q1bppp/p1pp1n2/np2p3/3PP3/2P2N1P/PPB2PP1/RNBQR1K1 w - - 1 12,0.78,white,20,Ruy Lopez
C96,"Ruy Lopez: Closed, Chigorin Defense, Gajewski Gambit",1. e4 e5 2. Nf3 Nc6 3. Bb5 a6 4. Ba4 Nf6 5. O-O Be7 6. Re1 b5 7. Bb3 d6 8. c3 O-O 9. h3 Na5 10. Bc2 d5,e4-e5,20,r1bq1rk1/2p1bppp/p4n2/np1pp3/4P3/2P2N1P/PPBP1PP1/RNBQR1K1 w - - 0 11,0.64,white,20,Ruy Lopez
C94,"Ruy Lopez: Closed, Breyer Defense, Quiet Variation",1. e4 e5 2. Nf3 Nc6 3. Bb5 a6 4. Ba4 Nf6 5. O-O Be7 6. Re1 b5 7. Bb3 d6 8. c3 O-O 9. h3 Nb8 10. d3,e4-e5,19,rnbq1rk1/2p1bppp/p2p1n2/1p2p3/4P3/1BPP1N1P/PP3PP1/RNBQR1K1 b - - 0 10,0.35,white,19,Ruy Lopez
C95,"Ruy Lopez: Closed, Breyer",1. e4 e5 2. Nf3 Nc6 3. Bb5 a6 4. Ba4 Nf6 5. O-O Be7 6. Re1 b5 7. Bb3 d6 8. c3 O-O 9. h3 Nb8 10. d4,e4-e5,19,rnbq1rk1/2p1bppp/p2p1n2/1p2p3/3PP3/1BP2N1P/PP3PP1/RNBQR1K1 b - - 0 10,0.53,white,19,Ruy Lopez
C95,"Ruy Lopez: Closed, Breyer Defense, Zaitsev Hybrid",1. e4 e5 2. Nf3 Nc6 3. Bb5 a6 4. Ba4 Nf6 5. O-O Be7 6. Re1 b5 7. Bb3 d6 8. c3 O-O 9. h3 Nb8 10. d4 Nbd7,e4-e5,20,r1bq1rk1/2pnbppp/p2p1n2/1p2p3/3PP3/1BP2N1P/PP3PP1/RNBQR1K1 w - - 1 11,0.42,white,20,Ruy Lopez
C95,"Ruy Lopez: Closed, Breyer Defense",1. e4 e5 2. Nf3 Nc6 3. Bb5 a6 4. Ba4 Nf6 5. O-O Be7 6. Re1 b5 7. Bb3 d6 8. c3 O-O 9. h3 Nb8 10. d4 Nbd7 11. Nbd2 Bb7 12. Bc2 c5,e4-e5,24,r2q1rk1/1b1nbppp/p2p1n2/1pp1p3/3PP3/2P2N1P/PPBN1PP1/R1BQR1K1 w - - 0 13,0.51,white,21,Ruy Lopez
C95,"Ruy Lopez: Closed, Breyer Defense",1. e4 e5 2. Nf3 Nc6 3. Bb5 a6 4. Ba4 Nf6 5. O-O Be7 6. Re1 b5 7. Bb3 d6 8. c3 O-O 9. h3 Nb8 10. d4 Nbd7 11. Nh4,e4-e5,21,r1bq1rk1/2pnbppp/p2p1n2/1p2p3/3PP2N/1BP4P/PP3PP1/RNBQR1K1 b - - 2 11,0.22,white,21,Ruy Lopez
C88,Ruy Lopez: Noah's Ark Trap,1. e4 e5 2. Nf3 Nc6 3. Bb5 a6 4. Ba4 Nf6 5. O-O Be7 6. Re1 b5 7. Bb3 d6 8. d4 Nxd4 9. Nxd4 exd4 10. Qxd4 c5,e4-e5,20,r1bqk2r/4bppp/p2p1n2/1pp5/3QP3/1B6/PPP2PPP/RNB1R1K1 w kq - 0 11,-3.69,black,15,Ruy Lopez
C83,"Ruy Lopez: Open, Classical Defense, Main Line",1. e4 e5 2. Nf3 Nc6 3. Bb5 a6 4. Ba4 Nf6 5. O-O Nxe4 6. d4 Be7 7. Re1 b5 8. Bb3 d5 9. dxe5 Be6 10. c3,e4-e5,19,r2qk2r/2p1bppp/p1n1b3/1p1pP3/4n3/1BP2N2/PP3PPP/RNBQR1K1 b kq - 0 10,0.14,white,12,Ruy Lopez
C80,"Ruy Lopez: Open, Berger Variation",1. e4 e5 2. Nf3 Nc6 3. Bb5 a6 4. Ba4 Nf6 5. O-O Nxe4 6. d4 b5 7. Bb3 d5 8. a4 Nxd4 9. Nxd4 exd4 10. Nc3,e4-e5,19,r1bqkb1r/2p2ppp/p7/1p1p4/P2pn3/1BN5/1PP2PPP/R1BQ1RK1 b kq - 1 10,-0.95,black,15,Ruy Lopez
C80,"Ruy Lopez: Open, Bernstein Variation, Luther Line",1. e4 e5 2. Nf3 Nc6 3. Bb5 a6 4. Ba4 Nf6 5. O-O Nxe4 6. d4 b5 7. Bb3 d5 8. dxe5 Be6 9. Nbd2 Bc5 10. Qe1,e4-e5,19,r2qk2r/2p2ppp/p1n1b3/1pbpP3/4n3/1B3N2/PPPN1PPP/R1B1QRK1 b kq - 4 10,0.47,white,18,Ruy Lopez
C80,"Ruy Lopez: Open, Karpov Gambit",1. e4 e5 2. Nf3 Nc6 3. Bb5 a6 4. Ba4 Nf6 5. O-O Nxe4 6. d4 b5 7. Bb3 d5 8. dxe5 Be6 9. Nbd2 Nc5 10. c3 d4 11. Ng5,e4-e5,21,r2qkb1r/2p2ppp/p1n1b3/1pn1P1N1/3p4/1BP5/PP1N1PPP/R1BQ1RK1 b kq - 1 11,0.43,white,18,Ruy Lopez
C81,"Ruy Lopez: Open, Howell Attack, Ekstrom Variation",1. e4 e5 2. Nf3 Nc6 3. Bb5 a6 4. Ba4 Nf6 5. O-O Nxe4 6. d4 b5 7. Bb3 d5 8. dxe5 Be6 9. Qe2 Be7 10. Rd1 O-O 11. c4 bxc4 12. Bxc4 Qd7,e4-e5,24,r4rk1/2pqbppp/p1n1b3/3pP3/2B1n3/5N2/PP2QPPP/RNBR2K1 w - - 1 13,0.55,white,19,Ruy Lopez
C81,"Ruy Lopez: Open, Howell Attack",1. e4 e5 2. Nf3 Nc6 3. Bb5 a6 4. Ba4 Nf6 5. O-O Nxe4 6. d4 b5 7. Bb3 d5 8. dxe5 Be6 9. Qe2 Be7 10. c4,e4-e5,19,r2qk2r/2p1bppp/p1n1b3/1p1pP3/2P1n3/1B3N2/PP2QPPP/RNB2RK1 b kq - 0 10,-0.54,black,19,Ruy Lopez
C82,"Ruy Lopez: Open, St. Petersburg Variation",1. e4 e5 2. Nf3 Nc6 3. Bb5 a6 4. Ba4 Nf6 5. O-O Nxe4 6. d4 b5 7. Bb3 d5 8. dxe5 Be6 9. c3 Bc5 10. Nbd2,e4-e5,19,r2qk2r/2p2ppp/p1n1b3/1pbpP3/4n3/1BP2N2/PP1N1PPP/R1BQ1RK1 b kq - 2 10,0.35,white,19,Ruy Lopez
C82,"Ruy Lopez: Open, Dilworth Variation",1. e4 e5 2. Nf3 Nc6 3. Bb5 a6 4. Ba4 Nf6 5. O-O Nxe4 6. d4 b5 7. Bb3 d5 8. dxe5 Be6 9. c3 Bc5 10. Nbd2 O-O 11. Bc2 Nxf2,e4-e5,22,r2q1rk1/2p2ppp/p1n1b3/1pbpP3/8/2P2N2/PPBN1nPP/R1BQ1RK1 w - - 0 12,0.52,white,20,Ruy Lopez
C82,"Ruy Lopez: Open, Motzko Attack",1. e4 e5 2. Nf3 Nc6 3. Bb5 a6 4. Ba4 Nf6 5. O-O Nxe4 6. d4 b5 7. Bb3 d5 8. dxe5 Be6 9. c3 Bc5 10. Qd3,e4-e5,19,r2qk2r/2p2ppp/p1n1b3/1pbpP3/4n3/1BPQ1N2/PP3PPP/RNB2RK1 b kq - 2 10,0.27,white,19,Ruy Lopez
C82,"Ruy Lopez: Open, Motzko Attack, Nenarokov Variation",1. e4 e5 2. Nf3 Nc6 3. Bb5 a6 4. Ba4 Nf6 5. O-O Nxe4 6. d4 b5 7. Bb3 d5 8. dxe5 Be6 9. c3 Bc5 10. Qd3 Ne7,e4-e5,20,r2qk2r/2p1nppp/p3b3/1pbpP3/4n3/1BPQ1N2/PP3PPP/RNB2RK1 w kq - 3 11,0.54,white,20,Ruy Lopez
C83,"Ruy Lopez: Open, Malkin Variation",1. e4 e5 2. Nf3 Nc6 3. Bb5 a6 4. Ba4 Nf6 5. O-O Nxe4 6. d4 b5 7. Bb3 d5 8. dxe5 Be6 9. c3 Be7 10. Nbd2 O-O 11. Qe2,e4-e5,21,r2q1rk1/2p1bppp/p1n1b3/1p1pP3/4n3/1BP2N2/PP1NQPPP/R1B2RK1 b - - 4 11,0.2,white,19,Ruy Lopez
C83,"Ruy Lopez: Open, Breslau Variation",1. e4 e5 2. Nf3 Nc6 3. Bb5 a6 4. Ba4 Nf6 5. O-O Nxe4 6. d4 b5 7. Bb3 d5 8. dxe5 Be6 9. c3 Be7 10. Re1 O-O 11. Nd4 Nxe5,e4-e5,22,r2q1rk1/2p1bppp/p3b3/1p1pn3/3Nn3/1BP5/PP3PPP/RNBQR1K1 w - - 0 12,0.35,white,22,Ruy Lopez
C83,"Ruy Lopez: Open, Tarrasch Trap",1. e4 e5 2. Nf3 Nc6 3. Bb5 a6 4. Ba4 Nf6 5. O-O Nxe4 6. d4 b5 7. Bb3 d5 8. dxe5 Be6 9. c3 Be7 10. Re1 O-O 11. Nd4 Qd7 12. Nxe6 fxe6 13. Rxe4,e4-e5,25,r4rk1/2pqb1pp/p1n1p3/1p1pP3/4R3/1BP5/PP3PPP/RNBQ2K1 b - - 0 13,3.88,white,22,Ruy Lopez
C78,Ruy Lopez: Rabinovich Variation,1. e4 e5 2. Nf3 Nc6 3. Bb5 a6 4. Ba4 Nf6 5. O-O b5 6. Bb3 d6 7. Ng5 d5 8. exd5 Nd4 9. Re1 Bc5 10. Rxe5+ Kf8,e4-e5,20,r1bq1k1r/2p2ppp/p4n2/1pbPR1N1/3n4/1B6/PPPP1PPP/RNBQ2K1 w - - 1 11,-0.23,black,10,Ruy Lopez
C79,"Ruy Lopez: Steinitz Defense Deferred, Boleslavsky Variation",1. e4 e5 2. Nf3 Nc6 3. Bb5 a6 4. Ba4 Nf6 5. O-O d6 6. Bxc6+ bxc6 7. d4 Nxe4 8. Re1 f5 9. dxe5 d5 10. Nc3,e4-e5,19,r1bqkb1r/2p3pp/p1p5/3pPp2/4n3/2N2N2/PPP2PPP/R1BQR1K1 b kq - 1 10,0.38,white,10,Ruy Lopez
C45,Scotch Game: Gottschall Variation,1. e4 e5 2. Nf3 Nc6 3. d4 exd4 4. Nxd4 Bc5 5. Be3 Qf6 6. c3 Nge7 7. Qd2 d5 8. Nb5 Bxe3 9. Qxe3 O-O 10. Nxc7 Rb8 11. Nxd5 Nxd5 12. exd5 Nb4,e4-e5,24,1rb2rk1/pp3ppp/5q2/3P4/1n6/2P1Q3/PP3PPP/RN2KB1R w KQ - 1 13,-1.59,black,7,Scotch Game
C44,Scotch Game: Sea-Cadet Mate,1. e4 e5 2. Nf3 Nc6 3. d4 exd4 4. c3 dxc3 5. Nxc3 d6 6. Bc4 Bg4 7. O-O Ne5 8. Nxe5 Bxd1 9. Bxf7+ Ke7 10. Nd5#,e4-e5,19,r2q1bnr/ppp1kBpp/3p4/3NN3/4P3/8/PP3PPP/R1Bb1RK1 b - - 2 10,0.0,black,7,Scotch Game
C27,"Vienna Game: Stanley Variation, Frankenstein-Dracula Variation",1. e4 e5 2. Nc3 Nf6 3. Bc4 Nxe4 4. Qh5 Nd6 5. Bb3 Nc6 6. Nb5 g6 7. Qf3 f5 8. Qd5 Qe7 9. Nxc7+ Kd8 10. Nxa8 b6,e4-e5,20,N1bk1b1r/p2pq2p/1pnn2p1/3Qpp2/8/1B6/PPPP1PPP/R1B1K1NR w KQ - 0 11,0.8,white,3,Vienna Game
C19,"French Defense: Winawer Variation, Poisoned Pawn Variation, Paoli Variation",1. e4 e6 2. d4 d5 3. Nc3 Bb4 4. e5 c5 5. a3 Bxc3+ 6. bxc3 Ne7 7. Qg4 Qc7 8. Qxg7 Rg8 9. Qxh7 cxd4 10. Kd1,e4-e6,19,rnb1k1r1/ppq1np1Q/4p3/3pP3/3p4/P1P5/2P2PPP/R1BK1BNR b q - 1 10,0.14,white,19,French Defense
C19,"French Defense: Winawer Variation, Poisoned Pawn Variation, Main Line",1. e4 e6 2. d4 d5 3. Nc3 Bb4 4. e5 c5 5. a3 Bxc3+ 6. bxc3 Ne7 7. Qg4 Qc7 8. Qxg7 Rg8 9. Qxh7 cxd4 10. Ne2,e4-e6,19,rnb1k1r1/ppq1np1Q/4p3/3pP3/3p4/P1P5/2P1NPPP/R1B1KB1R b KQq - 1 10,0.62,white,19,French Defense
C14,"French Defense: Classical Variation, Stahlberg Variation",1. e4 e6 2. d4 d5 3. Nc3 Nf6 4. Bg5 Be7 5. e5 Nfd7 6. Bxe7 Qxe7 7. f4 O-O 8. Nf3 c5 9. Qd2 Nc6 10. O-O-O c4,e4-e6,20,r1b2rk1/pp1nqppp/2n1p3/3pP3/2pP1P2/2N2N2/PPPQ2PP/2KR1B1R w - - 0 11,0.87,white,6,French Defense
C07,"French Defense: Tarrasch Variation, Chistyakov Defense, Modern Line",1. e4 e6 2. d4 d5 3. Nd2 c5 4. exd5 Qxd5 5. Ngf3 cxd4 6. Bc4 Qd6 7. O-O Nf6 8. Nb3 Nc6 9. Nbxd4 Nxd4 10. Nxd4 a6,e4-e6,20,r1b1kb1r/1p3ppp/p2qpn2/8/2BN4/8/PPP2PPP/R1BQ1RK1 w kq - 0 11,0.22,white,5,French Defense
