country,competition_tier,competition,season,champion,champion_former,champion_point,runner_up,runner_up_former,runner_up_point,third_place,third_place_former,third_place_point,fourth_place,fourth_place_point,teams,rounds
England,1,Premier League,1992-1993,Manchester United,,,Aston Villa,,,Norwich City,,,Blackburn Rovers,,,
England,1,Premier League,1993-1994,Manchester United,,,Blackburn Rovers,,,Newcastle United,,,Arsenal,,,
England,1,Premier League,1994-1995,Blackburn Rovers,,,Manchester United,,,Nottingham Forrest,,,Liverpool,,,
England,1,Premier League,1995-1996,Manchester United,,,Newcastle United,,,Liverpool,,,Aston Villa,,,
England,1,Premier League,1996-1997,Manchester United,,,Newcastle United,,,Arsenal,,,Liverpool,,,
England,1,Premier League,1997-1998,Arsenal,,,Manchester United,,,Liverpool,,,Chelsea,,,
England,1,Premier League,1998-1999,Manchester United,,,Arsenal,,,Chelsea,,,Leeds United,,,
England,1,Premier League,1999-2000,Manchester United,,,Arsenal,,,Leeds United,,,Liverpool,,,
England,1,Premier League,2000-2001,Manchester United,,,Arsenal,,,Liverpool,,,Leeds United,,,
England,1,Premier League,2001-2002,Arsenal,,,Liverpool,,,Manchester United,,,Newcastle United,,,
England,1,Premier League,2002-2003,Manchester United,,,Arsenal,,,Newcastle United,,,Chelsea,,,
England,1,Premier League,2003-2004,Arsenal,,,Chelsea,,,Manchester United,,,Liverpool,,,
England,1,Premier League,2004-2005,Chelsea,,,Arsenal,,,Manchester United,,,Everton,,,
England,1,Premier League,2005-2006,Chelsea,,,Manchester United,,,Liverpool,,,Arsenal,,,
England,1,Premier League,2006-2007,Manchester United,,,Chelsea,,,Liverpool,,,Arsenal,,,
England,1,Premier League,2007-2008,Manchester United,,,Chelsea,,,Arsenal,,,Liverpool,,,
England,1,Premier League,2008-2009,Manchester United,,,Liverpool,,,Chelsea,,,Arsenal,,,
England,1,Premier League,2009-2010,Chelsea,,,Manchester United,,,Arsenal,,,Tottenham Hotspur,,,
England,1,Premier League,2010-2011,Manchester United,,,Chelsea,,,Arsenal,,,Manchester City,,,
England,1,Premier League,2011-2012,Manchester City,,,Manchester United,,,,,,Chelsea,,,
England,1,Premier League,2012-2013,Manchester United,,,Manchester City,,,Chelsea,,,Arsenal,,,
England,1,Premier League,2013-2014,Manchester City,,,Liverpool,,,Chelsea,,,Arsenal,,,
England,1,Premier League,2014-2015,Chelsea,,,Manchester City,,,Arsenal,,,Manchester United,,,
England,1,Premier League,2015-2016,Leicester City,,,Arsenal,,,Tottenham Hotspur,,,Manchester City,,,
England,1,Premier League,2016-2017,Chelsea,,,Tottenham Hotspur,,,Manchester City,,,Liverpool,,,
England,1,Premier League,2017-2018,Manchester City,,,Manchester United,,,Tottenham Hotspur,,,Liverpool,,,
England,1,Premier League,2018-2019,Manchester City,,,Liverpool,,,Chelsea,,,Tottenham Hotspur,,,
England,1,Premier League,2019-2020,Liverpool,,,Manchester City,,,Manchester United,,,Chelsea,,,
England,1,Premier League,2020-2021,Manchester City,,,Manchester United,,,Liverpool,,,Chelsea,,,
England,1,Premier League,2021-2022,Manchester City,,,Liverpool,,,Chelsea,,,Tottenham Hotspur,,,
England,1,Premier League,2022-2023,Manchester City,,,Arsenal,,,Manchester United,,,Newcastle United,,,
England,2,English Football League - Championship,,,,,,,,,,,,,,
England,3,English Football League - League One,,,,,,,,,,,,,,
England,4,English Football League - League Two,,,,,,,,,,,,,,
England,5,National League,,,,,,,,,,,,,,
England,6,National League North,,,,,,,,,,,,,,
England,6,National League South,,,,,,,,,,,,,,
France,1,Ligue 1,1932-33,Olympique Lillois,,,Cannes,,,FC Antibes,,,,,,
France,1,Ligue 1,1933-34,Sète,,,Fives,,,Marseille,,,,,,
France,1,Ligue 1,1934-35,Sochaux,,,Strasbourg,,,RC Paris,,,,,,
France,1,Ligue 1,1935-36,RC Paris,,,Lille,,,Strasbourg,,,,,,
France,1,Ligue 1,1936-37,Marseille,,,Sochaux,,,RC Paris,,,,,,
France,1,Ligue 1,1937-38,Sochaux,,,Marseille,,,Sète,,,,,,
France,1,Ligue 1,1938-39,Sète,,,Marseille,,,RC Paris,,,,,,
France,1,Ligue 1,1945-46,Lille,,,Saint-Étienne,,,RC Roubaix,,,,,,
France,1,Ligue 1,1946-47,Roubaix-Tourcoing,,,Reims,,,Strasbourg,,,,,,
France,1,Ligue 1,1947-48,Marseille,,,Lille,,,Reims,,,,,,
France,1,Ligue 1,1948-49,Reims,,,Lille,,,Marseille,,,,,,
France,1,Ligue 1,1949-50,Bordeaux,,,Lille,,,Reims,,,,,,
France,1,Ligue 1,1950-51,Nice,,,Lille,,,Le Havre,,,,,,
France,1,Ligue 1,1951-52,Nice,,,Bordeaux,,,Lille,,,,,,
France,1,Ligue 1,1952-53,Reims,,,Sochaux,,,Bordeaux,,,,,,
France,1,Ligue 1,1953-54,Lille,,,Reims,,,Bordeaux,,,,,,
France,1,Ligue 1,1954-55,Reims,,,Toulouse (1937),,,Lens,,,,,,
France,1,Ligue 1,1955-56,Nice,,,Lens,,,Monaco,,,,,,
France,1,Ligue 1,1956-57,Saint-Étienne,,,Lens,,,Reims,,,,,,
France,1,Ligue 1,1957-58,Reims,,,Nîmes,,,Monaco,,,,,,
France,1,Ligue 1,1958-59,Nice,,,Nîmes,,,RC Paris,,,,,,
France,1,Ligue 1,1959-60,Reims,,,Nîmes,,,RC Paris,,,,,,
France,1,Ligue 1,1960-61,Monaco,,,RC Paris,,,Reims,,,,,,
France,1,Ligue 1,1961-62,Reims,,,RC Paris,,,Nîmes,,,,,,
France,1,Ligue 1,1962-63,Monaco,,,Reims,,,Sedan,,,,,,
France,1,Ligue 1,1963-64,Saint-Étienne,,,Monaco,,,Lens,,,,,,
France,1,Ligue 1,1964-65,Nantes,,,Bordeaux,,,Valenciennes,,,,,,
France,1,Ligue 1,1965-66,Nantes,,,Bordeaux,,,Valenciennes,,,,,,
France,1,Ligue 1,1966-67,Saint-Étienne,,,Nantes,,,Angers,,,,,,
France,1,Ligue 1,1967-68,Saint-Étienne,,,Nice,,,Sochaux,,,,,,
France,1,Ligue 1,1968-69,Saint-Étienne,,,Bordeaux,,,Metz,,,,,,
France,1,Ligue 1,1969-70,Saint-Étienne,,,Marseille,,,Sedan,,,,,,
France,1,Ligue 1,1970-71,Marseille,,,Saint-Étienne,,,Nantes,,,,,,
France,1,Ligue 1,1971-72,Marseille,,,Nîmes,,,Sochaux,,,,,,
France,1,Ligue 1,1972-73,Nantes,,,Nice,,,Marseille,,,,,,
France,1,Ligue 1,1973-74,Saint-Étienne,,,Nantes,,,Lyon,,,,,,
France,1,Ligue 1,1974-75,Saint-Étienne,,,Marseille,,,Lyon,,,,,,
France,1,Ligue 1,1975-76,Saint-Étienne,,,Nice,,,Sochaux,,,,,,
France,1,Ligue 1,1976-77,Nantes,,,Lens,,,Bastia,,,,,,
France,1,Ligue 1,1977-78,Monaco,,,Nantes,,,Strasbourg,,,,,,
France,1,Ligue 1,1978-79,Strasbourg,,,Nantes,,,Saint-Étienne,,,,,,
France,1,Ligue 1,1979-80,Nantes,,,Sochaux,,,Saint-Étienne,,,,,,
France,1,Ligue 1,1980-81,Saint-Étienne,,,Nantes,,,Bordeaux,,,,,,
France,1,Ligue 1,1981-82,Monaco,,,Saint-Étienne,,,Sochaux,,,,,,
France,1,Ligue 1,1982-83,Nantes,,,Bordeaux,,,Paris Saint-Germain,,,,,,
France,1,Ligue 1,1983-84,Bordeaux,,,Monaco,,,Auxerre,,,,,,
France,1,Ligue 1,1984-85,Bordeaux,,,Nantes,,,Monaco,,,,,,
France,1,Ligue 1,1985-86,Paris Saint-Germain,,,Nantes,,,Bordeaux,,,,,,
France,1,Ligue 1,1986-87,Bordeaux,,,Marseille,,,Toulouse,,,,,,
France,1,Ligue 1,1987-88,Monaco,,,Bordeaux,,,Montpellier,,,,,,
France,1,Ligue 1,1988-89,Marseille,,,Paris Saint-Germain,,,Monaco,,,,,,
France,1,Ligue 1,1989-90,Marseille,,,Bordeaux,,,Monaco,,,,,,
France,1,Ligue 1,1990-91,Marseille,,,Monaco,,,Auxerre,,,,,,
France,1,Ligue 1,1991-92,Marseille,,,Monaco,,,Paris Saint-Germain,,,,,,
France,1,Ligue 1,1992-93,,,,Paris Saint-Germain,,,Monaco,,,,,,
France,1,Ligue 1,1993-94,Paris Saint-Germain,,,Marseille,,,Auxerre,,,,,,
France,1,Ligue 1,1994-95,Nantes,,,Lyon,,,Paris Saint-Germain,,,,,,
France,1,Ligue 1,1995-96,Auxerre,,,Paris Saint-Germain,,,Monaco,,,,,,
France,1,Ligue 1,1996-97,Monaco,,,Paris Saint-Germain,,,Nantes,,,,,,
France,1,Ligue 1,1997-98,Lens,,,Metz,,,Monaco,,,,,,
France,1,Ligue 1,1998-99,Bordeaux,,,Marseille,,,Lyon,,,,,,
France,1,Ligue 1,1999-2000,Monaco,,,Paris Saint-Germain,,,Lyon,,,,,,
France,1,Ligue 1,2000-01,Nantes,,,Lyon,,,Lille,,,,,,
France,1,Ligue 1,2001-02,Lyon,,,Lens,,,Auxerre,,,,,,
France,1,Ligue 1,2002-03,Lyon,,,Monaco,,,Marseille,,,,,,
France,1,Ligue 1,2003-04,Lyon,,,Paris Saint-Germain,,,Monaco,,,,,,
France,1,Ligue 1,2004-05,Lyon,,,Lille,,,Monaco,,,,,,
France,1,Ligue 1,2005-06,Lyon,,,Bordeaux,,,Lille,,,,,,
France,1,Ligue 1,2006-07,Lyon,,,Marseille,,,Toulouse,,,,,,
France,1,Ligue 1,2007-08,Lyon,,,Bordeaux,,,Marseille,,,,,,
France,1,Ligue 1,2008-09,Bordeaux,,,Marseille,,,Lyon,,,,,,
France,1,Ligue 1,2009-10,Marseille,,,Lyon,,,Auxerre,,,,,,
France,1,Ligue 1,2010-11,Lille,,,Marseille,,,Lyon,,,,,,
France,1,Ligue 1,2011-12,Montpellier,,,Paris Saint-Germain,,,Lille,,,,,,
France,1,Ligue 1,2012-13,Paris Saint-Germain,,,Marseille,,,Lyon,,,,,,
France,1,Ligue 1,2013-14,Paris Saint-Germain,,,Monaco,,,Lille,,,,,,
France,1,Ligue 1,2014-15,Paris Saint-Germain,,,Lyon,,,Monaco,,,,,,
France,1,Ligue 1,2015-16,Paris Saint-Germain,,,Lyon,,,Monaco,,,,,,
France,1,Ligue 1,2016-17,Monaco,,,Paris Saint-Germain,,,Nice,,,,,,
France,1,Ligue 1,2017-18,Paris Saint-Germain,,,Monaco,,,Lyon,,,,,,
France,1,Ligue 1,2018-19,Paris Saint-Germain,,,Lille,,,Lyon,,,,,,
France,1,Ligue 1,2019-20,Paris Saint-Germain,,,Marseille,,,Rennes,,,,,,
France,1,Ligue 1,2020-21,Lille,,,Paris Saint-Germain,,,Monaco,,,,,,
France,1,Ligue 1,2021-22,Paris Saint-Germain,,,Marseille,,,Monaco,,,,,,
France,1,Ligue 1,2022-23,Paris Saint-Germain,,,Lens,,,Marseille,,,,,,
Germany,1,Bundesliga,1963-1964,1. FC Köln,,,Meidericher SV,,,Eintracht Frankfurt,,,,,,
Germany,1,Bundesliga,1964-1965,Werder Bremen,,,1. FC Köln,,,Borussia Dortmund,,,,,,
Germany,1,Bundesliga,1965-1966,TSV 1860 Munich,,,Borussia Dortmund,,,Bayern Munich,,,,,,
Germany,1,Bundesliga,1966-1967,Eintracht Braunschweig,,,TSV 1860 Munich,,,Borussia Dortmund,,,,,,
Germany,1,Bundesliga,1967-1968,1. FC Nürnberg,,,Werder Bremen,,,Borussia Mönchengladbach,,,,,,
Germany,1,Bundesliga,1968-1969,Bayern Munich,,,Alemannia Aachen,,,Borussia Mönchengladbach,,,,,,
Germany,1,Bundesliga,1969-1970,Borussia Mönchengladbach,,,Bayern Munich,,,Hertha BSC,,,,,,
Germany,1,Bundesliga,1970-1971,Borussia Mönchengladbach,,,Bayern Munich,,,Hertha BSC,,,,,,
Germany,1,Bundesliga,1971-1972,Bayern Munich,,,Schalke 04,,,Borussia Mönchengladbach,,,,,,
Germany,1,Bundesliga,1972-1973,Bayern Munich,,,1. FC Köln,,,Fortuna Düsseldorf,,,,,,
Germany,1,Bundesliga,1973-1974,Bayern Munich,,,Borussia Mönchengladbach,,,Fortuna Düsseldorf,,,,,,
Germany,1,Bundesliga,1974-1975,Borussia Mönchengladbach,,,Hertha BSC,,,Hamburger SV,,,,,,
Germany,1,Bundesliga,1975-1976,Borussia Mönchengladbach,,,Hamburger SV,,,Bayern Munich,,,,,,
Germany,1,Bundesliga,1976-1977,Borussia Mönchengladbach,,,Schalke 04,,,Eintracht Braunschweig,,,,,,
Germany,1,Bundesliga,1977-1978,1. FC Köln,,,Borussia Mönchengladbach,,,Hertha BSC,,,,,,
Germany,1,Bundesliga,1978-1979,Hamburger SV,,,VfB Stuttgart,,,1. FC Kaiserslautern,,,,,,
Germany,1,Bundesliga,1979-1980,Bayern Munich,,,Hamburger SV,,,VfB Stuttgart,,,,,,
Germany,1,Bundesliga,1980-1981,Bayern Munich,,,Hamburger SV,,,VfB Stuttgart,,,,,,
Germany,1,Bundesliga,1981-1982,Hamburger SV,,,1. FC Köln,,,Bayern Munich,,,,,,
Germany,1,Bundesliga,1982-1983,Hamburger SV,,,Werder Bremen,,,VfB Stuttgart,,,,,,
Germany,1,Bundesliga,1983-1984,VfB Stuttgart,,,Hamburger SV,,,Borussia Mönchengladbach,,,,,,
Germany,1,Bundesliga,1984-1985,Bayern Munich,,,Werder Bremen,,,1. FC Köln,,,,,,
Germany,1,Bundesliga,1985-1986,Bayern Munich,,,Werder Bremen,,,Bayer Uerdingen,,,,,,
Germany,1,Bundesliga,1986-1987,Bayern Munich,,,Hamburger SV,,,Borussia Mönchengladbach,,,,,,
Germany,1,Bundesliga,1987-1988,Werder Bremen,,,Bayern Munich,,,1. FC Köln,,,,,,
Germany,1,Bundesliga,1988-1989,Bayern Munich,,,1. FC Köln,,,Werder Bremen,,,,,,
Germany,1,Bundesliga,1989-1990,Bayern Munich,,,1. FC Köln,,,Eintracht Frankfurt,,,,,,
Germany,1,Bundesliga,1990-1991,1. FC Kaiserslautern,,,Bayern Munich,,,Werder Bremen,,,,,,
Germany,1,Bundesliga,1991-1992,VfB Stuttgart,,,Borussia Dortmund,,,Eintracht Frankfurt,,,,,,
Germany,1,Bundesliga,1992-1993,Werder Bremen,,,Bayern Munich,,,Eintracht Frankfurt,,,,,,
Germany,1,Bundesliga,1993-1994,Bayern Munich,,,1. FC Kaiserslautern,,,Bayer Leverkusen,,,,,,
Germany,1,Bundesliga,1994-1995,Borussia Dortmund,,,Werder Bremen,,,Freiburg,,,,,,
Germany,1,Bundesliga,1995-1996,Borussia Dortmund,,,Bayern Munich,,,Schalke 04,,,,,,
Germany,1,Bundesliga,1996-1997,Bayern Munich,,,Bayer Leverkusen,,,Borussia Dortmund,,,,,,
Germany,1,Bundesliga,1997-1998,1. FC Kaiserslautern,,,Bayern Munich,,,Bayer Leverkusen,,,,,,
Germany,1,Bundesliga,1998-1999,Bayern Munich,,,Bayer Leverkusen,,,Hertha BSC,,,,,,
Germany,1,Bundesliga,1999-2000,Bayern Munich,,,Bayer Leverkusen,,,Hamburger SV,,,,,,
Germany,1,Bundesliga,2000-2001,Bayern Munich,,,Schalke 04,,,Borussia Dortmund,,,,,,
Germany,1,Bundesliga,2001-2002,Borussia Dortmund,,,Bayer Leverkusen,,,Bayern Munich,,,,,,
Germany,1,Bundesliga,2002-2003,Bayern Munich,,,VfB Stuttgart,,,Borussia Dortmund,,,,,,
Germany,1,Bundesliga,2003-2004,Werder Bremen,,,Bayern Munich,,,Bayer Leverkusen,,,,,,
Germany,1,Bundesliga,2004-2005,Bayern Munich,,,Schalke 04,,,Werder Bremen,,,,,,
Germany,1,Bundesliga,2005-2006,Bayern Munich,,,Werder Bremen,,,Hamburger SV,,,,,,
Germany,1,Bundesliga,2006-2007,VfB Stuttgart,,,Schalke 04,,,Werder Bremen,,,,,,
Germany,1,Bundesliga,2007-2008,Bayern Munich,,,Werder Bremen,,,Schalke 04,,,,,,
Germany,1,Bundesliga,2008-2009,VfL Wolfsburg,,,Bayern Munich,,,VfB Stuttgart,,,,,,
Germany,1,Bundesliga,2009-2010,Bayern Munich,,,Schalke 04,,,Werder Bremen,,,,,,
Germany,1,Bundesliga,2010-2011,Borussia Dortmund,,,Bayer Leverkusen,,,Bayern Munich,,,,,,
Germany,1,Bundesliga,2011-2012,Borussia Dortmund,,,Bayern Munich,,,Schalke 04,,,,,,
Germany,1,Bundesliga,2012-2013,Bayern Munich,,,Borussia Dortmund,,,Bayer Leverkusen,,,,,,
Germany,1,Bundesliga,2013-2014,Bayern Munich,,,Borussia Dortmund,,,Schalke 04,,,,,,
Germany,1,Bundesliga,2014-2015,Bayern Munich,,,VfL Wolfsburg,,,Borussia Mönchengladbach,,,,,,
Germany,1,Bundesliga,2015-2016,Bayern Munich,,,Borussia Dortmund,,,Bayer Leverkusen,,,,,,
Germany,1,Bundesliga,2016-2017,Bayern Munich,,,RB Leipzig,,,Borussia Dortmund,,,,,,
Germany,1,Bundesliga,2017-2018,Bayern Munich,,,Schalke 04,,,1899 Hoffenheim,,,,,,
Germany,1,Bundesliga,2018-2019,Bayern Munich,,,Borussia Dortmund,,,RB Leipzig,,,,,,
Germany,1,Bundesliga,2019-2020,Bayern Munich,,,Borussia Dortmund,,,RB Leipzig,,,,,,
Germany,1,Bundesliga,2020-2021,Bayern Munich,,,RB Leipzig,,,Borussia Dortmund,,,,,,
Germany,1,Bundesliga,2021-2022,Bayern Munich,,,Borussia Dortmund,,,Bayer Leverkusen,,,,,,
Germany,1,Bundesliga,2022-2023,Bayern Munich,,,Borussia Dortmund,,,RB Leipzig,,,,,,
Italy,1,Seria A,1929-30,Ambrosiana-Inter,,,Genoa,,,Juventus,,,,,,
Italy,1,Seria A,1930-31,Juventus,,,Roma,,,Bologna,,,,,,
Italy,1,Seria A,1931-32,Juventus,,,Bologna,,,Roma,,,,,,
Italy,1,Seria A,1932-33,Juventus,,,Ambrosiana-Inter,,,Bologna/Napoli,,,,,,
Italy,1,Seria A,1933-34,Juventus,,,Ambrosiana-Inter,,,Napoli,,,,,,
Italy,1,Seria A,1934-35,Juventus,,,Ambrosiana-Inter,,,Fiorentina,,,,,,
Italy,1,Seria A,1935-36,Bologna,,,Roma,,,Torino,,,,,,
Italy,1,Seria A,1936-37,Bologna,,,Lazio,,,Torino,,,,,,
Italy,1,Seria A,1937-38,Ambrosiana-Inter,,,Juventus,,,Genoa,,,,,,
Italy,1,Seria A,1938-39,Bologna,,,Torino,,,Ambrosiana-Inter,,,,,,
Italy,1,Seria A,1939-40,Ambrosiana-Inter,,,Bologna,,,Juventus,,,,,,
Italy,1,Seria A,1940-41,Bologna,,,Ambrosiana-Inter,,,Milan,,,,,,
Italy,1,Seria A,1941-42,Roma,,,Torino,,,Venezia,,,,,,
Italy,1,Seria A,1942-43,Torino,,,Livorno,,,Juventus Cisitalia,,,,,,
Italy,1,Seria A,1945-46,Torino,,,Juventus,,,Milan,,,,,,
Italy,1,Seria A,1946-47,Torino,,,Juventus,,,Modena,,,,,,
Italy,1,Seria A,1947-48,Torino,,,Juventus/Milan/Triestina,,,,,,,,,
Italy,1,Seria A,1948-49,Torino,,,Internazionale,,,Milan,,,,,,
Italy,1,Seria A,1949-50,Juventus,,,Milan,,,Internazionale,,,,,,
Italy,1,Seria A,1950-51,Milan,,,Internazionale,,,Juventus,,,,,,
Italy,1,Seria A,1951-52,Juventus,,,Milan,,,Internazionale,,,,,,
Italy,1,Seria A,1952-53,Internazionale,,,Juventus,,,Milan,,,,,,
Italy,1,Seria A,1953-54,Internazionale,,,Juventus,,,Fiorentina/Milan,,,,,,
Italy,1,Seria A,1954-55,Milan,,,Udinese,,,Roma,,,,,,
Italy,1,Seria A,1955-56,Fiorentina,,,Milan,,,Internazionale/Lazio,,,,,,
Italy,1,Seria A,1956-57,Milan,,,Fiorentina,,,Lazio,,,,,,
Italy,1,Seria A,1957-58,Juventus,,,Fiorentina,,,Padova,,,,,,
Italy,1,Seria A,1958-59,Milan,,,Fiorentina,,,Internazionale,,,,,,
Italy,1,Seria A,1959-60,Juventus,,,Fiorentina,,,Milan,,,,,,
Italy,1,Seria A,1960-61,Juventus,,,Milan,,,Internazionale,,,,,,
Italy,1,Seria A,1961-62,Milan,,,Internazionale,,,Fiorentina,,,,,,
Italy,1,Seria A,1962-63,Internazionale,,,Juventus,,,Milan,,,,,,
Italy,1,Seria A,1963-64,Bologna,,,Internazionale,,,Milan,,,,,,
Italy,1,Seria A,1964-65,Internazionale,,,Milan,,,Torino,,,,,,
Italy,1,Seria A,1965-66,Internazionale,,,Bologna,,,Napoli,,,,,,
Italy,1,Seria A,1966-67,Juventus,,,Internazionale,,,Bologna,,,,,,
Italy,1,Seria A,1967-68,Milan,,,Napoli,,,Juventus,,,,,,
Italy,1,Seria A,1968-69,Fiorentina,,,Cagliari,,,Milan,,,,,,
Italy,1,Seria A,1969-70,Cagliari,,,Internazionale,,,Juventus,,,,,,
Italy,1,Seria A,1970-71,Internazionale,,,Milan,,,Napoli,,,,,,
Italy,1,Seria A,1971-72,Juventus,,,Milan/Torino,,,,,,,,,
Italy,1,Seria A,1972-73,Juventus,,,Milan,,,Lazio,,,,,,
Italy,1,Seria A,1973-74,Lazio,,,Juventus,,,Napoli,,,,,,
Italy,1,Seria A,1974-75,Juventus,,,Napoli,,,Roma,,,,,,
Italy,1,Seria A,1975-76,Torino,,,Juventus,,,Milan,,,,,,
Italy,1,Seria A,1976-77,Juventus,,,Torino,,,Fiorentina,,,,,,
Italy,1,Seria A,1977-78,Juventus,,,Vicenza/Torino,,,,,,,,,
Italy,1,Seria A,1978-79,Milan,,,Perugia,,,Juventus,,,,,,
Italy,1,Seria A,1979-80,Internazionale,,,Juventus,,,Torino,,,,,,
Italy,1,Seria A,1980-81,Juventus,,,Roma,,,Napoli,,,,,,
Italy,1,Seria A,1981-82,Juventus,,,Fiorentina,,,Roma,,,,,,
Italy,1,Seria A,1982-83,Roma,,,Juventus,,,Internazionale,,,,,,
Italy,1,Seria A,1983-84,Juventus,,,Roma,,,Fiorentina,,,,,,
Italy,1,Seria A,1984-85,Hellas Verona,,,Torino,,,Internazionale,,,,,,
Italy,1,Seria A,1985-86,Juventus,,,Roma,,,Napoli,,,,,,
Italy,1,Seria A,1986-87,Napoli,,,Juventus,,,Internazionale,,,,,,
Italy,1,Seria A,1987-88,Milan,,,Napoli,,,Roma,,,,,,
Italy,1,Seria A,1988-89,Internazionale,,,Napoli,,,Milan,,,,,,
Italy,1,Seria A,1989-90,Napoli,,,Milan,,,Internazionale,,,,,,
Italy,1,Seria A,1990-91,Sampdoria,,,Milan,,,Internazionale,,,,,,
Italy,1,Seria A,1991-92,Milan,,,Juventus,,,Torino,,,,,,
Italy,1,Seria A,1992-93,Milan,,,Internazionale,,,Parma,,,,,,
Italy,1,Seria A,1993-94,Milan,,,Juventus,,,Sampdoria,,,,,,
Italy,1,Seria A,1994-95,Juventus,,,Lazio,,,Parma,,,,,,
Italy,1,Seria A,1995-96,Milan,,,Juventus,,,Lazio,,,,,,
Italy,1,Seria A,1996-97,Juventus,,,Parma,,,Internazionale,,,,,,
Italy,1,Seria A,1997-98,Juventus,,,Internazionale,,,Udinese,,,,,,
Italy,1,Seria A,1998-99,Milan,,,Lazio,,,Fiorentina,,,,,,
Italy,1,Seria A,1999-2000,Lazio,,,Juventus,,,Milan,,,,,,
Italy,1,Seria A,2000-01,Roma,,,Juventus,,,Lazio,,,,,,
Italy,1,Seria A,2001-02,Juventus,,,Roma,,,Internazionale,,,,,,
Italy,1,Seria A,2002-03,Juventus,,,Internazionale,,,Milan,,,,,,
Italy,1,Seria A,2003-04,Milan,,,Roma,,,Juventus,,,,,,
Italy,1,Seria A,2004-05,,,,Milan,,,Internazionale,,,,,,
Italy,1,Seria A,2005-06,Internazionale,,,Roma,,,Milan,,,,,,
Italy,1,Seria A,2006-07,Internazionale,,,Roma,,,Lazio,,,,,,
Italy,1,Seria A,2007-08,Internazionale,,,Roma,,,Juventus,,,,,,
Italy,1,Seria A,2008-09,Internazionale,,,Juventus,,,Milan,,,,,,
Italy,1,Seria A,2009-10,Internazionale,,,Roma,,,Milan,,,,,,
Italy,1,Seria A,2010-11,Milan,,,Internazionale,,,Napoli,,,,,,
Italy,1,Seria A,2011-12,Juventus,,,Milan,,,Udinese,,,,,,
Italy,1,Seria A,2012-13,Juventus,,,Napoli,,,Milan,,,,,,
Italy,1,Seria A,2013-14,Juventus,,,Roma,,,Napoli,,,,,,
Italy,1,Seria A,2014-15,Juventus,,,Roma,,,Lazio,,,,,,
Italy,1,Seria A,2015-16,Juventus,,,Napoli,,,Roma,,,,,,
Italy,1,Seria A,2016-17,Juventus,,,Roma,,,Napoli,,,,,,
Italy,1,Seria A,2017-18,Juventus,,,Napoli,,,Roma,,,,,,
Italy,1,Seria A,2018-19,Juventus,,,Napoli,,,Atalanta,,,,,,
Italy,1,Seria A,2019-20,Juventus,,,Internazionale,,,Atalanta,,,,,,
Italy,1,Seria A,2020-21,Internazionale,,,Milan,,,Atalanta,,,,,,
Italy,1,Seria A,2021-22,Milan,,,Internazionale,,,Napoli,,,,,,
Italy,1,Seria A,2022-23,Napoli,,,Lazio,,,Internazionale,,,,,,
Japan,1,J1 League,1965,Sanfrecce Hiroshima,Toyo Industries,,Yawata Steel,,,Furukawa Electric,,,,,,
Japan,1,J1 League,1966,Sanfrecce Hiroshima,Toyo Industries,,Yawata Steel,,,Furukawa Electric,,,,,,
Japan,1,J1 League,1967,Sanfrecce Hiroshima,Toyo Industries,,Furukawa Electric,,,Urawa Red Diamonds,Mitsubishi Heavy Industries,,,,,
Japan,1,J1 League,1968,Sanfrecce Hiroshima,Toyo Industries,,Cerezo Osaka,Yanmar Diesel,,Urawa Red Diamonds,Mitsubishi Heavy Industries,,,,,
Japan,1,J1 League,1969,Urawa Red Diamonds,Mitsubishi Heavy Industries,,Sanfrecce Hiroshima,Toyo Industries,,Yawata Steel,,,,,,
Japan,1,J1 League,1970,Sanfrecce Hiroshima,Toyo Industries,,Urawa Red Diamonds,Mitsubishi Heavy Industries,,Kashiwa Reysol,Hitachi SC,,,,,
Japan,1,J1 League,1971,Cerezo Osaka,Yanmar Diesel,,Urawa Red Diamonds,Mitsubishi Heavy Industries,,Nippon Steel,,,,,,
Japan,1,J1 League,1972,Kashiwa Reysol,Hitachi SC,,Cerezo Osaka,Yanmar Diesel,,Sanfrecce Hiroshima,Toyo Industries,,,,,
Japan,1,J1 League,1973,Urawa Red Diamonds,Mitsubishi Heavy Industries,,Kashiwa Reysol,Hitachi SC,,Cerezo Osaka,Yanmar Diesel,,,,,
Japan,1,J1 League,1974,Cerezo Osaka,Yanmar Diesel,,Urawa Red Diamonds,Mitsubishi Heavy Industries,,Kashiwa Reysol,Hitachi SC,,,,,
Japan,1,J1 League,1975,Cerezo Osaka,Yanmar Diesel,,Urawa Red Diamonds,Mitsubishi Heavy Industries,,Kashiwa Reysol,Hitachi SC,,,,,
Japan,1,J1 League,1976,Furukawa Electric,,,Urawa Red Diamonds,Mitsubishi Heavy Industries,,Shonan Bellmare,Fujita Industries,,,,,
Japan,1,J1 League,1977,Shonan Bellmare,Fujita Industries,,Urawa Red Diamonds,Mitsubishi Heavy Industries,,Kashiwa Reysol,Hitachi SC,,,,,
Japan,1,J1 League,1978,Urawa Red Diamonds,Mitsubishi Heavy Industries,,Cerezo Osaka,Yanmar Diesel,,Shonan Bellmare,Fujita Industries,,,,,
Japan,1,J1 League,1979,Shonan Bellmare,Fujita Industries,,Tokyo Verdy,Yomiuri SC,,Kashiwa Reysol,Hitachi SC,,,,,
Japan,1,J1 League,1980,Cerezo Osaka,Yanmar Diesel,,Shonan Bellmare,Fujita Industries,,Furukawa Electric,,,,,,
Japan,1,J1 League,1981,Shonan Bellmare,Fujita Industries,,Tokyo Verdy,Yomiuri SC,,Urawa Red Diamonds,Mitsubishi Heavy Industries,,,,,
Japan,1,J1 League,1982,Urawa Red Diamonds,Mitsubishi Heavy Industries,,Cerezo Osaka,Yanmar Diesel,,Furukawa Electric,,,,,,
Japan,1,J1 League,1983,Tokyo Verdy,Yomiuri SC,,Yokohama F. Marinos,Nissan Motors,,Shonan Bellmare,Fujita Industries,,,,,
Japan,1,J1 League,1984,Tokyo Verdy,Yomiuri SC,,Yokohama F. Marinos,Nissan Motors,,Júbilo Iwata,Yamaha Motors,,,,,
Japan,1,J1 League,1985-86,Furukawa Electric,,,NKK SC,,,Honda Motors,,,,,,
Japan,1,J1 League,1986-87,Tokyo Verdy,Yomiuri SC,,NKK SC,,,Urawa Red Diamonds,Mitsubishi Heavy Industries,,,,,
Japan,1,J1 League,1987-88,Júbilo Iwata,Yamaha Motors,,NKK SC,,,Urawa Red Diamonds,Mitsubishi Heavy Industries,,,,,
Japan,1,J1 League,1988-89,Yokohama F. Marinos,Nissan Motors,,ANA SC,,,Júbilo Iwata,Yamaha Motors,,,,,
Japan,1,J1 League,1989-90,Yokohama F. Marinos,Nissan Motors,,Tokyo Verdy,Yomiuri SC,,ANA SC,,,,,,
Japan,1,J1 League,1990-91,Tokyo Verdy,Yomiuri SC,,Yokohama F. Marinos,Nissan Motors,,Honda Motors,,,,,,
Japan,1,J1 League,1991-92,Tokyo Verdy,Yomiuri SC,,Yokohama F. Marinos,Nissan Motors,,Júbilo Iwata,Yamaha Motors,,,,,
Japan,1,J1 League,1993,Tokyo Verdy,Verdy Kawasaki,,Kashima Antlers,,,Shimizu S-Pulse,,,,,,
Japan,1,J1 League,1994,Tokyo Verdy,Verdy Kawasaki,,Sanfrecce Hiroshima,,,Kashima Antlers,,,,,,
Japan,1,J1 League,1995,Yokohama F. Marinos,,,Tokyo Verdy,Verdy Kawasaki,,Nagoya Grampus Eight,,,,,,
Japan,1,J1 League,1996,Kashima Antlers,,,Nagoya Grampus Eight,,,Yokohama Flügels,,,,,,
Japan,1,J1 League,1997,Júbilo Iwata,,,Kashima Antlers,,,Yokohama F. Marinos,,,,,,
Japan,1,J1 League,1998,Kashima Antlers,,,Júbilo Iwata,,,Shimizu S-Pulse,,,,,,
Japan,1,J1 League,1999,Júbilo Iwata,,,Shimizu S-Pulse,,,Kashiwa Reysol,,,,,,
Japan,1,J1 League,2000,Kashima Antlers,,,Yokohama F. Marinos,,,Kashiwa Reysol,,,,,,
Japan,1,J1 League,2001,Kashima Antlers,,,Júbilo Iwata,,,JEF United Ichihara,,,,,,
Japan,1,J1 League,2002,Júbilo Iwata,,,Yokohama F. Marinos,,,Gamba Osaka,,,,,,
Japan,1,J1 League,2003,Yokohama F. Marinos,,,Júbilo Iwata,,,JEF United Chiba,,,,,,
Japan,1,J1 League,2004,Yokohama F. Marinos,,,Urawa Red Diamonds,,,Gamba Osaka,,,,,,
Japan,1,J1 League,2005,Gamba Osaka,,,Urawa Red Diamonds,,,Kashima Antlers,,,,,,
Japan,1,J1 League,2006,Urawa Red Diamonds,,,Kawasaki Frontale,,,Gamba Osaka,,,,,,
Japan,1,J1 League,2007,Kashima Antlers,,,Urawa Red Diamonds,,,Gamba Osaka,,,,,,
Japan,1,J1 League,2008,Kashima Antlers,,,Kawasaki Frontale,,,Nagoya Grampus,,,,,,
Japan,1,J1 League,2009,Kashima Antlers,,,Kawasaki Frontale,,,Gamba Osaka,,,,,,
Japan,1,J1 League,2010,Nagoya Grampus,,,Gamba Osaka,,,Cerezo Osaka,,,,,,
Japan,1,J1 League,2011,Kashiwa Reysol,,,Nagoya Grampus,,,Gamba Osaka,,,,,,
Japan,1,J1 League,2012,Sanfrecce Hiroshima,,,Vegalta Sendai,,,Urawa Red Diamonds,,,,,,
Japan,1,J1 League,2013,Sanfrecce Hiroshima,,,Yokohama F. Marinos,,,Kawasaki Frontale,,,,,,
Japan,1,J1 League,2014,Gamba Osaka,,,Urawa Red Diamonds,,,Kashima Antlers,,,,,,
Japan,1,J1 League,2015,Sanfrecce Hiroshima,,,Gamba Osaka,,,Urawa Red Diamonds,,,,,,
Japan,1,J1 League,2016,Kashima Antlers,,,Urawa Red Diamonds,,,Kawasaki Frontale,,,,,,
Japan,1,J1 League,2017,Kawasaki Frontale,,,Kashima Antlers,,,Cerezo Osaka,,,,,,
Japan,1,J1 League,2018,Kawasaki Frontale,,,Sanfrecce Hiroshima,,,Kashima Antlers,,,,,,
Japan,1,J1 League,2019,Yokohama F. Marinos,,,FC Tokyo,,,Kashima Antlers,,,,,,
Japan,1,J1 League,2020,Kawasaki Frontale,,,Gamba Osaka,,,Nagoya Grampus,,,,,,
Japan,1,J1 League,2021,Kawasaki Frontale,,,Yokohama F. Marinos,,,Vissel Kobe,,,,,,
Japan,1,J1 League,2022,Yokohama F. Marinos,,,Kawasaki Frontale,,,Sanfrecce Hiroshima,,,,,,
Korea,1,K League 1,1983,Hallelujah FC,,,Busan IPark,Daewoo Royals,,,,,,,,
Korea,1,K League 1,1984,Busan IPark,Daewoo Royals,,Jeju United,Yukong Elephants,,,,,,,,
Korea,1,K League 1,1985,FC Seoul,Lucky-Goldstar Hwangso,,Pohang Steelers,POSCO Atoms,,,,,,,,
Korea,1,K League 1,1986,Pohang Steelers,POSCO Atoms,,FC Seoul,Lucky-Goldstar Hwangso,,,,,,,,
Korea,1,K League 1,1987,Busan IPark,Daewoo Royals,,Pohang Steelers,POSCO Atoms,,,,,,,,
Korea,1,K League 1,1988,Pohang Steelers,POSCO Atoms,,Ulsan Hyundai,Hyundai Horang-i,,,,,,,,
Korea,1,K League 1,1989,Jeju United,Yukong Elephants,,FC Seoul,Lucky-Goldstar Hwangso,,,,,,,,
Korea,1,K League 1,1990,FC Seoul,Lucky-Goldstar Hwangso,,Busan IPark,Daewoo Royals,,,,,,,,
Korea,1,K League 1,1991,Busan IPark,Daewoo Royals,,Ulsan Hyundai,Hyundai Horang-i,,,,,,,,
Korea,1,K League 1,1992,Pohang Steelers,POSCO Atoms,,Seongnam FC,Ilhwa Chunma,,,,,,,,
Korea,1,K League 1,1993,Seongnam FC,Ilhwa Chunma,,FC Seoul,LG Cheetahs,,,,,,,,
Korea,1,K League 1,1994,Seongnam FC,Ilhwa Chunma,,Jeju United,Yukong Elephants,,,,,,,,
Korea,1,K League 1,1995,Seongnam FC,Ilhwa Chunma,,Pohang Steelers,Pohang Atoms,,,,,,,,
Korea,1,K League 1,1996,Ulsan Hyundai,Hyundai Horang-i,,Suwon Samsung Bluewings,,,,,,,,,
Korea,1,K League 1,1997,Busan IPark,Daewoo Royals,,Jeonnam Dragons,,,,,,,,,
Korea,1,K League 1,1998,Suwon Samsung Bluewings,,,Ulsan Hyundai,Hyundai Horang-i,,,,,,,,
Korea,1,K League 1,1999,Suwon Samsung Bluewings,,,Busan IPark,Daewoo Royals,,,,,,,,
Korea,1,K League 1,2000,FC Seoul,LG Cheetahs,,Jeju United,Bucheon SK,,,,,,,,
Korea,1,K League 1,2001,Seongnam FC,Ilhwa Chunma,,FC Seoul,LG Cheetahs,,,,,,,,
Korea,1,K League 1,2002,Seongnam FC,Ilhwa Chunma,,Ulsan Hyundai,Hyundai Horang-i,,,,,,,,
Korea,1,K League 1,2003,Seongnam FC,Ilhwa Chunma,,Ulsan Hyundai,Hyundai Horang-i,,,,,,,,
Korea,1,K League 1,2004,Suwon Samsung Bluewings,,,Pohang Steelers,,,,,,,,,
Korea,1,K League 1,2005,Ulsan Hyundai,Hyundai Horang-i,,Incheon United,,,,,,,,,
Korea,1,K League 1,2006,Seongnam FC,Ilhwa Chunma,,Suwon Samsung Bluewings,,,,,,,,,
Korea,1,K League 1,2007,Pohang Steelers,,,Seongnam FC,Ilhwa Chunma,,,,,,,,
Korea,1,K League 1,2008,Suwon Samsung Bluewings,,,FC Seoul,,,,,,,,,
Korea,1,K League 1,2009,Jeonbuk Hyundai Motors,,,Seongnam FC,Ilhwa Chunma,,,,,,,,
Korea,1,K League 1,2010,FC Seoul,,,Jeju United,,,,,,,,,
Korea,1,K League 1,2011,Jeonbuk Hyundai Motors,,,Ulsan Hyundai,,,,,,,,,
Korea,1,K League 1,2012,FC Seoul,,,Jeonbuk Hyundai Motors,,,,,,,,,
Korea,1,K League 1,2013,Pohang Steelers,,,Ulsan Hyundai,,,,,,,,,
Korea,1,K League 1,2014,Jeonbuk Hyundai Motors,,,Suwon Samsung Bluewings,,,,,,,,,
Korea,1,K League 1,2015,Jeonbuk Hyundai Motors,,,Suwon Samsung Bluewings,,,,,,,,,
Korea,1,K League 1,2016,FC Seoul,,,Jeonbuk Hyundai Motors,,,,,,,,,
Korea,1,K League 1,2017,Jeonbuk Hyundai Motors,,,Jeju United,,,,,,,,,
Korea,1,K League 1,2018,Jeonbuk Hyundai Motors,,,Gyeongnam FC,,,,,,,,,
Korea,1,K League 1,2019,Jeonbuk Hyundai Motors,,,Ulsan Hyundai,,,,,,,,,
Korea,1,K League 1,2020,Jeonbuk Hyundai Motors,,,Ulsan Hyundai,,,,,,,,,
Korea,1,K League 1,2021,Jeonbuk Hyundai Motors,,,Ulsan Hyundai,,,,,,,,,
Korea,1,K League 1,2022,Ulsan Hyundai,,,Jeonbuk Hyundai Motors,,,,,,,,,
Korea,1,K League 2,2013,Sangju Sangmu,,,Ansan Mugunghwa,Police FC,,,,,,,,
Korea,1,K League 2,2014,Daejeon Citizen,,,Gwangju FC,,,,,,,,,
Korea,1,K League 2,2015,Sangju Sangmu,,,Suwon FC,,,,,,,,,
Korea,1,K League 2,2016,Ansan Mugunghwa,,,Daegu FC,,,,,,,,,
Korea,1,K League 2,2017,Gyeongnam FC,,,Busan IPark,,,,,,,,,
Korea,1,K League 2,2018,Asan Mugunghwa,,,Seongnam FC,,,,,,,,,
Korea,1,K League 2,2019,Gwangju FC,,,Busan IPark,,,,,,,,,
Korea,1,K League 2,2020,Jeju United,,,Suwon FC,,,,,,,,,
Korea,1,K League 2,2021,Gimcheon Sangmu,,,Daejeon Hana Citizen,,,,,,,,,
Korea,1,K League 2,2022,Gwangju FC,,,Daejeon Hana Citizen,,,,,,,,,
Netherlands,1,Eredivisie,1956-57,Ajax,,,,,,,,,,,,
Netherlands,1,Eredivisie,1957-58,D.O.S.,,,,,,,,,,,,
Netherlands,1,Eredivisie,1958-59,Sparta,,,,,,,,,,,,
Netherlands,1,Eredivisie,1959-60,Ajax,,,,,,,,,,,,
Netherlands,1,Eredivisie,1960-61,Feyenoord,,,,,,,,,,,,
Netherlands,1,Eredivisie,1961-62,Feyenoord,,,,,,,,,,,,
Netherlands,1,Eredivisie,1962-63,PSV,,,,,,,,,,,,
Netherlands,1,Eredivisie,1963-64,DWS,,,,,,,,,,,,
Netherlands,1,Eredivisie,1964-65,Feyenoord,,,,,,,,,,,,
Netherlands,1,Eredivisie,1965-66,Ajax,,,,,,,,,,,,
Netherlands,1,Eredivisie,1966-67,Ajax,,,,,,,,,,,,
Netherlands,1,Eredivisie,1967-68,Ajax,,,,,,,,,,,,
Netherlands,1,Eredivisie,1968-69,Feyenoord,,,,,,,,,,,,
Netherlands,1,Eredivisie,1969-70,Ajax,,,,,,,,,,,,
Netherlands,1,Eredivisie,1970-71,Feyenoord,,,,,,,,,,,,
Netherlands,1,Eredivisie,1971-72,Ajax,,,,,,,,,,,,
Netherlands,1,Eredivisie,1972-73,Ajax,,,,,,,,,,,,
Netherlands,1,Eredivisie,1973-74,Feyenoord,,,,,,,,,,,,
Netherlands,1,Eredivisie,1974-75,PSV,,,,,,,,,,,,
Netherlands,1,Eredivisie,1975-76,PSV,,,,,,,,,,,,
Netherlands,1,Eredivisie,1976-77,Ajax,,,,,,,,,,,,
Netherlands,1,Eredivisie,1977-78,PSV,,,,,,,,,,,,
Netherlands,1,Eredivisie,1978-79,Ajax,,,,,,,,,,,,
Netherlands,1,Eredivisie,1979-80,Ajax,,,,,,,,,,,,
Netherlands,1,Eredivisie,1980-81,AZ '67,,,,,,,,,,,,
Netherlands,1,Eredivisie,1981-82,Ajax,,,,,,,,,,,,
Netherlands,1,Eredivisie,1982-83,Ajax,,,,,,,,,,,,
Netherlands,1,Eredivisie,1983-84,Feyenoord,,,,,,,,,,,,
Netherlands,1,Eredivisie,1984-85,Ajax,,,,,,,,,,,,
Netherlands,1,Eredivisie,1985-86,PSV,,,,,,,,,,,,
Netherlands,1,Eredivisie,1986-87,PSV,,,,,,,,,,,,
Netherlands,1,Eredivisie,1987-88,PSV,,,,,,,,,,,,
Netherlands,1,Eredivisie,1988-89,PSV,,,,,,,,,,,,
Netherlands,1,Eredivisie,1989-90,Ajax,,,,,,,,,,,,
Netherlands,1,Eredivisie,1990-91,PSV,,,,,,,,,,,,
Netherlands,1,Eredivisie,1991-92,PSV,,,,,,,,,,,,
Netherlands,1,Eredivisie,1992-93,Feyenoord,,,,,,,,,,,,
Netherlands,1,Eredivisie,1993-94,Ajax,,,,,,,,,,,,
Netherlands,1,Eredivisie,1994-95,Ajax,,,,,,,,,,,,
Netherlands,1,Eredivisie,1995-96,Ajax,,,,,,,,,,,,
Netherlands,1,Eredivisie,1996-97,PSV,,,,,,,,,,,,
Netherlands,1,Eredivisie,1997-98,Ajax,,,,,,,,,,,,
Netherlands,1,Eredivisie,1998-99,Feyenoord,,,,,,,,,,,,
Netherlands,1,Eredivisie,1999-2000,PSV,,,,,,,,,,,,
Netherlands,1,Eredivisie,2000-01,PSV,,,,,,,,,,,,
Netherlands,1,Eredivisie,2001-02,Ajax,,,,,,,,,,,,
Netherlands,1,Eredivisie,2002-03,PSV,,,,,,,,,,,,
Netherlands,1,Eredivisie,2003-04,Ajax,,,,,,,,,,,,
Netherlands,1,Eredivisie,2004-05,PSV,,,,,,,,,,,,
Netherlands,1,Eredivisie,2005-06,PSV,,,,,,,,,,,,
Netherlands,1,Eredivisie,2006-07,PSV,,,,,,,,,,,,
Netherlands,1,Eredivisie,2007-08,PSV,,,,,,,,,,,,
Netherlands,1,Eredivisie,2008-09,AZ,,,,,,,,,,,,
Netherlands,1,Eredivisie,2009-10,Twente,,,,,,,,,,,,
Netherlands,1,Eredivisie,2010-11,Ajax,,,,,,,,,,,,
Netherlands,1,Eredivisie,2011-12,Ajax,,,,,,,,,,,,
Netherlands,1,Eredivisie,2012-13,Ajax,,,,,,,,,,,,
Netherlands,1,Eredivisie,2013-14,Ajax,,,,,,,,,,,,
Netherlands,1,Eredivisie,2014-15,PSV,,,,,,,,,,,,
Netherlands,1,Eredivisie,2015-16,PSV,,,,,,,,,,,,
Netherlands,1,Eredivisie,2016-17,Feyenoord,,,,,,,,,,,,
Netherlands,1,Eredivisie,2017-18,PSV,,,,,,,,,,,,
Netherlands,1,Eredivisie,2018-19,Ajax,,,,,,,,,,,,
Netherlands,1,Eredivisie,2020-21,Ajax,,,,,,,,,,,,
Netherlands,1,Eredivisie,2021-22,Ajax,,,,,,,,,,,,
Netherlands,1,Eredivisie,2022-23,Feyenoord,,,,,,,,,,,,
Portugal,1,Primeira Liga,1999-2000,Sporting CP,,77.0,Porto,,73.0,Benfica,,69.0,,,18.0,34.0
Portugal,1,Primeira Liga,2000-01,Boavista,,77.0,Porto,,76.0,Sporting CP,,62.0,,,18.0,34.0
Portugal,1,Primeira Liga,2001-02,Sporting CP,,75.0,Boavista,,70.0,Porto,,68.0,,,18.0,34.0
Portugal,1,Primeira Liga,2002-03,Porto,,86.0,Benfica,,75.0,Sporting CP,,59.0,,,18.0,34.0
Portugal,1,Primeira Liga,2003-04,Porto,,82.0,Benfica,,74.0,Sporting CP,,73.0,,,18.0,34.0
Portugal,1,Primeira Liga,2004-05,Benfica,,65.0,Porto,,62.0,Sporting CP,,61.0,,,18.0,34.0
Portugal,1,Primeira Liga,2005-06,Porto,,79.0,Sporting CP,,72.0,Benfica,,67.0,,,18.0,34.0
Portugal,1,Primeira Liga,2006-07,Porto,,69.0,Sporting CP,,68.0,Benfica,,67.0,,,16.0,30.0
Portugal,1,Primeira Liga,2007-08,Porto,,69.0,Sporting CP,,55.0,Vitória de Guimarães,,53.0,,,16.0,30.0
Portugal,1,Primeira Liga,2008-09,Porto,,70.0,Sporting CP,,66.0,Benfica,,59.0,,,16.0,30.0
Portugal,1,Primeira Liga,2009-10,Benfica,,76.0,Braga,,71.0,Porto,,68.0,,,16.0,30.0
Portugal,1,Primeira Liga,2010-11,Porto,,84.0,Benfica,,63.0,Sporting CP,,48.0,,,16.0,30.0
Portugal,1,Primeira Liga,2011-12,Porto,,75.0,Benfica,,69.0,Braga,,62.0,,,16.0,30.0
Portugal,1,Primeira Liga,2012-13,Porto,,78.0,Benfica,,77.0,Paços de Ferreira,,54.0,,,16.0,30.0
Portugal,1,Primeira Liga,2013-14,Benfica,,74.0,Sporting CP,,67.0,Porto,,61.0,,,16.0,30.0
Portugal,1,Primeira Liga,2014-15,Benfica,,85.0,Porto,,82.0,Sporting CP,,76.0,,,18.0,34.0
Portugal,1,Primeira Liga,2015-16,Benfica,,88.0,Sporting CP,,86.0,Porto,,73.0,,,18.0,34.0
Portugal,1,Primeira Liga,2016-17,Benfica,,82.0,Porto,,76.0,Sporting CP,,70.0,,,18.0,34.0
Portugal,1,Primeira Liga,2017-18,Porto,,88.0,Benfica,,81.0,Sporting CP,,78.0,,,18.0,34.0
Portugal,1,Primeira Liga,2018-19,Benfica,,87.0,Porto,,85.0,Sporting CP,,74.0,,,18.0,34.0
Portugal,1,Primeira Liga,2019-20,Porto,,82.0,Benfica,,77.0,Braga,,60.0,,,18.0,34.0
Portugal,1,Primeira Liga,2020-21,Sporting CP,,85.0,Porto,,80.0,Benfica,,76.0,,,18.0,34.0
Portugal,1,Primeira Liga,2021-22,Porto,,91.0,Sporting CP,,85.0,Benfica,,74.0,,,18.0,34.0
Portugal,1,Primeira Liga,2022-23,Benfica,,87.0,Porto,,85.0,Braga,,78.0,,,18.0,34.0
Singapore,1,Singapore Premier League,1996,Geylang United,,,Warriors FC,Singapore Armed Forces,,,,,,,,
Singapore,1,Singapore Premier League,1997,Warriors FC,Singapore Armed Forces,,Tanjong Pagar United,Tiong Bahru United,,,,,,,,
Singapore,1,Singapore Premier League,1998,Warriors FC,Singapore Armed Forces,,Tanjong Pagar United,,,,,,,,,
Singapore,1,Singapore Premier League,1999,Lion City Sailors,Home United,,Warriors FC,Singapore Armed Forces,,,,,,,,
Singapore,1,Singapore Premier League,2000,Warriors FC,Singapore Armed Forces,,Tanjong Pagar United,,,,,,,,,
Singapore,1,Singapore Premier League,2001,Geylang United,,,Warriors FC,Singapore Armed Forces,,,,,,,,
Singapore,1,Singapore Premier League,2002,Warriors FC,Singapore Armed Forces,,Lion City Sailors,Home United,,,,,,,,
Singapore,1,Singapore Premier League,2003,Lion City Sailors,Home United,,Geylang United,,,,,,,,,
Singapore,1,Singapore Premier League,2004,Tampines Rovers,,,Lion City Sailors,Home United,,,,,,,,
Singapore,1,Singapore Premier League,2005,Tampines Rovers,,,Warriors FC,Singapore Armed Forces,,,,,,,,
Singapore,1,Singapore Premier League,2006,Warriors FC,Singapore Armed Forces,,Tampines Rovers,,,,,,,,,
Singapore,1,Singapore Premier League,2007,Warriors FC,Singapore Armed Forces,,Lion City Sailors,Home United,,,,,,,,
Singapore,1,Singapore Premier League,2008,Warriors FC,Singapore Armed Forces,,Super Reds,,,,,,,,,
Singapore,1,Singapore Premier League,2009,Warriors FC,Singapore Armed Forces,,Tampines Rovers,,,,,,,,,
Singapore,1,Singapore Premier League,2010,Étoile,,,Tampines Rovers,,,,,,,,,
Singapore,1,Singapore Premier League,2011,Tampines Rovers,,,Lion City Sailors,Home United,,,,,,,,
Singapore,1,Singapore Premier League,2012,Tampines Rovers,,,DPMM FC,,,,,,,,,
Singapore,1,Singapore Premier League,2013,Tampines Rovers,,,Lion City Sailors,Home United,,,,,,,,
Singapore,1,Singapore Premier League,2014,Warriors FC,,,DPMM FC,,,,,,,,,
Singapore,1,Singapore Premier League,2015,DPMM FC,,,Tampines Rovers,,,,,,,,,
Singapore,1,Singapore Premier League,2016,Albirex Niigata,,,Tampines Rovers,,,,,,,,,
Singapore,1,Singapore Premier League,2017,Albirex Niigata,,,Tampines Rovers,,,,,,,,,
Singapore,1,Singapore Premier League,2018,Albirex Niigata,,,Lion City Sailors,Home United,,,,,,,,
Singapore,1,Singapore Premier League,2019,DPMM FC,,,Tampines Rovers,,,,,,,,,
Singapore,1,Singapore Premier League,2020,Albirex Niigata,,,Tampines Rovers,,,,,,,,,
Singapore,1,Singapore Premier League,2021,Lion City Sailors,,,Albirex Niigata,,,,,,,,,
Singapore,1,Singapore Premier League,2022,Albirex Niigata,,,Lion City Sailors,,,,,,,,,
Spain,1,La Liga,1929,Barcelona,,25.0,Real Madrid,,23.0,Athletic Bilbao,,20.0,,,,
Spain,1,La Liga,1929-30,Athletic Bilbao,,30.0,Barcelona,,23.0,Arenas,,20.0,,,,
Spain,1,La Liga,1930-31,Athletic Bilbao,,22.0,Racing Santander,,22.0,Real Sociedad,,22.0,,,,
Spain,1,La Liga,1931-32,Madrid FC,,28.0,Athletic Bilbao,,25.0,Barcelona,,24.0,,,,
Spain,1,La Liga,1932-33,Madrid FC,,28.0,Athletic Bilbao,,26.0,Espanyol,,22.0,,,,
Spain,1,La Liga,1933-34,Athletic Bilbao,,24.0,Madrid FC,,22.0,Racing Santander,,19.0,,,,
Spain,1,La Liga,1934-35,Real Betis,,34.0,Madrid FC,,33.0,Oviedo,,26.0,,,,
Spain,1,La Liga,1935-36,Athletic Bilbao,,31.0,Madrid FC,,29.0,Oviedo,,28.0,,,,
Spain,1,La Liga,1939-40,Atlético Aviación,,29.0,Sevilla,,28.0,Athletic Bilbao,,26.0,,,,
Spain,1,La Liga,1940-41,Atlético Aviación,,33.0,Athletic Bilbao,,31.0,Valencia,,27.0,,,,
Spain,1,La Liga,1941-42,Valencia,,40.0,Real Madrid,,33.0,Atlético Aviación,,33.0,,,,
Spain,1,La Liga,1942-43,Athletic Bilbao,,36.0,Sevilla,,33.0,Barcelona,,32.0,,,,
Spain,1,La Liga,1943-44,Valencia,,40.0,Atlético Aviación,,34.0,Sevilla,,32.0,,,,
Spain,1,La Liga,1944-45,Barcelona,,39.0,Real Madrid,,38.0,Atlético Aviación,,31.0,,,,
Spain,1,La Liga,1945-46,Sevilla,,36.0,Barcelona,,35.0,Athletic Bilbao,,35.0,,,,
Spain,1,La Liga,1946-47,Valencia,,34.0,Athletic Bilbao,,34.0,Atlético Aviación,,32.0,,,,
Spain,1,La Liga,1947-48,Barcelona,,37.0,Valencia,,34.0,Atlético Madrid,,33.0,,,,
Spain,1,La Liga,1948-49,Barcelona,,37.0,Valencia,,35.0,Real Madrid,,34.0,,,,
Spain,1,La Liga,1949-50,Atlético Madrid,,33.0,Deportivo La Coruña,,32.0,Valencia,,31.0,,,,
Spain,1,La Liga,1950-51,Atlético Madrid,,40.0,Sevilla,,38.0,Valencia,,37.0,,,,
Spain,1,La Liga,1951-52,Barcelona,,43.0,Athletic Bilbao,,40.0,Real Madrid,,38.0,,,,
Spain,1,La Liga,1952-53,Barcelona,,42.0,Valencia,,40.0,Real Madrid,,39.0,,,,
Spain,1,La Liga,1953-54,Real Madrid,,40.0,Barcelona,,36.0,Valencia,,34.0,,,,
Spain,1,La Liga,1954-55,Real Madrid,,46.0,Barcelona,,41.0,Athletic Bilbao,,39.0,,,,
Spain,1,La Liga,1955-56,Athletic Bilbao,,48.0,Barcelona,,47.0,Real Madrid,,38.0,,,,
Spain,1,La Liga,1956-57,Real Madrid,,44.0,Sevilla,,39.0,Barcelona,,39.0,,,,
Spain,1,La Liga,1957-58,Real Madrid,,45.0,Atlético Madrid,,42.0,Barcelona,,38.0,,,,
Spain,1,La Liga,1958-59,Barcelona,,51.0,Real Madrid,,47.0,Athletic Bilbao,,36.0,,,,
Spain,1,La Liga,1959-60,Barcelona,,46.0,Real Madrid,,46.0,Athletic Bilbao,,39.0,,,,
Spain,1,La Liga,1960-61,Real Madrid,,52.0,Atlético Madrid,,40.0,Zaragoza,,33.0,,,,
Spain,1,La Liga,1961-62,Real Madrid,,43.0,Barcelona,,40.0,Atlético Madrid,,36.0,,,,
Spain,1,La Liga,1962-63,Real Madrid,,49.0,Atlético Madrid,,37.0,Oviedo,,33.0,,,,
Spain,1,La Liga,1963-64,Real Madrid,,46.0,Barcelona,,42.0,Real Betis,,37.0,,,,
Spain,1,La Liga,1964-65,Real Madrid,,47.0,Atlético Madrid,,43.0,Zaragoza,,40.0,,,,
Spain,1,La Liga,1965-66,Atlético Madrid,,44.0,Real Madrid,,43.0,Barcelona,,38.0,,,,
Spain,1,La Liga,1966-67,Real Madrid,,47.0,Barcelona,,42.0,Espanyol,,37.0,,,,
Spain,1,La Liga,1967-68,Real Madrid,,42.0,Barcelona,,39.0,Las Palmas,,38.0,,,,
Spain,1,La Liga,1968-69,Real Madrid,,47.0,Las Palmas,,38.0,Barcelona,,36.0,,,,
Spain,1,La Liga,1969-70,Atlético Madrid,,42.0,Athletic Bilbao,,41.0,Sevilla,,35.0,,,,
Spain,1,La Liga,1970-71,Valencia,,43.0,Barcelona,,43.0,Atlético Madrid,,42.0,,,,
Spain,1,La Liga,1971-72,Real Madrid,,47.0,Valencia,,45.0,Barcelona,,43.0,,,,
Spain,1,La Liga,1972-73,Atlético Madrid,,48.0,Barcelona,,46.0,Espanyol,,45.0,,,,
Spain,1,La Liga,1973-74,Barcelona,,50.0,Atlético Madrid,,42.0,Zaragoza,,40.0,,,,
Spain,1,La Liga,1974-75,Real Madrid,,50.0,Zaragoza,,38.0,Barcelona,,37.0,,,,
Spain,1,La Liga,1975-76,Real Madrid,,48.0,Barcelona,,43.0,Atlético Madrid,,42.0,,,,
Spain,1,La Liga,1976-77,Atlético Madrid,,46.0,Barcelona,,45.0,Athletic Bilbao,,38.0,,,,
Spain,1,La Liga,1977-78,Real Madrid,,47.0,Barcelona,,41.0,Athletic Bilbao,,40.0,,,,
Spain,1,La Liga,1978-79,Real Madrid,,47.0,Sporting Gijón,,43.0,Atlético Madrid,,41.0,,,,
Spain,1,La Liga,1979-80,Real Madrid,,53.0,Real Sociedad,,52.0,Sporting Gijón,,39.0,,,,
Spain,1,La Liga,1980-81,Real Sociedad,,45.0,Real Madrid,,45.0,Atlético Madrid,,42.0,,,,
Spain,1,La Liga,1981-82,Real Sociedad,,47.0,Barcelona,,45.0,Real Madrid,,44.0,,,,
Spain,1,La Liga,1982-83,Athletic Bilbao,,50.0,Real Madrid,,49.0,Atlético Madrid,,46.0,,,,
Spain,1,La Liga,1983-84,Athletic Bilbao,,49.0,Real Madrid,,49.0,Barcelona,,48.0,,,,
Spain,1,La Liga,1984-85,Barcelona,,53.0,Atlético Madrid,,43.0,Athletic Bilbao,,41.0,,,,
Spain,1,La Liga,1985-86,Real Madrid,,56.0,Barcelona,,45.0,Athletic Bilbao,,43.0,,,,
Spain,1,La Liga,1986-87,Real Madrid,,50.0,Barcelona,,49.0,Espanyol,,43.0,,,,
Spain,1,La Liga,1987-88,Real Madrid,,62.0,Real Sociedad,,51.0,Atlético Madrid,,48.0,,,,
Spain,1,La Liga,1988-89,Real Madrid,,62.0,Barcelona,,57.0,Valencia,,49.0,,,,
Spain,1,La Liga,1989-90,Real Madrid,,62.0,Valencia,,53.0,Barcelona,,51.0,,,,
Spain,1,La Liga,1990-91,Barcelona,,57.0,Atlético Madrid,,47.0,Real Madrid,,46.0,,,,
Spain,1,La Liga,1991-92,Barcelona,,55.0,Real Madrid,,54.0,Atlético Madrid,,53.0,,,,
Spain,1,La Liga,1992-93,Barcelona,,58.0,Real Madrid,,57.0,Deportivo La Coruña,,54.0,,,,
Spain,1,La Liga,1993-94,Barcelona,,56.0,Deportivo La Coruña,,56.0,Zaragoza,,46.0,,,,
Spain,1,La Liga,1994-95,Real Madrid,,55.0,Deportivo La Coruña,,51.0,Real Betis,,46.0,,,,
Spain,1,La Liga,1995-96,Atlético Madrid,,87.0,Valencia,,83.0,Barcelona,,80.0,,,,
Spain,1,La Liga,1996-97,Real Madrid,,92.0,Barcelona,,90.0,Deportivo La Coruña,,77.0,,,,
Spain,1,La Liga,1997-98,Barcelona,,74.0,Athletic Bilbao,,65.0,Real Sociedad,,63.0,,,,
Spain,1,La Liga,1998-99,Barcelona,,79.0,Real Madrid,,68.0,Mallorca,,66.0,,,,
Spain,1,La Liga,1999-2000,Deportivo La Coruña,,69.0,Barcelona,,64.0,Valencia,,64.0,,,,
Spain,1,La Liga,2000-01,Real Madrid,,80.0,Deportivo La Coruña,,73.0,Mallorca,,71.0,,,,
Spain,1,La Liga,2001-02,Valencia,,75.0,Deportivo La Coruña,,68.0,Real Madrid,,66.0,,,,
Spain,1,La Liga,2002-03,Real Madrid,,78.0,Real Sociedad,,76.0,Deportivo La Coruña,,72.0,,,,
Spain,1,La Liga,2003-04,Valencia,,77.0,Barcelona,,72.0,Deportivo La Coruña,,71.0,,,,
Spain,1,La Liga,2004-05,Barcelona,,84.0,Real Madrid,,80.0,Villarreal,,65.0,,,,
Spain,1,La Liga,2005-06,Barcelona,,82.0,Real Madrid,,70.0,Valencia,,69.0,,,,
Spain,1,La Liga,2006-07,Real Madrid,,76.0,Barcelona,,76.0,Sevilla,,71.0,,,,
Spain,1,La Liga,2007-08,Real Madrid,,85.0,Villarreal,,77.0,Barcelona,,67.0,,,,
Spain,1,La Liga,2008-09,Barcelona,,87.0,Real Madrid,,78.0,Sevilla,,70.0,,,,
Spain,1,La Liga,2009-10,Barcelona,,99.0,Real Madrid,,96.0,Valencia,,71.0,,,,
Spain,1,La Liga,2010-11,Barcelona,,96.0,Real Madrid,,92.0,Valencia,,71.0,,,,
Spain,1,La Liga,2011-12,Real Madrid,,100.0,Barcelona,,91.0,Valencia,,61.0,,,,
Spain,1,La Liga,2012-13,Barcelona,,100.0,Real Madrid,,85.0,Atlético Madrid,,76.0,,,,
Spain,1,La Liga,2013-14,Atlético Madrid,,90.0,Barcelona,,87.0,Real Madrid,,87.0,,,,
Spain,1,La Liga,2014-15,Barcelona,,94.0,Real Madrid,,92.0,Atlético Madrid,,78.0,,,,
Spain,1,La Liga,2015-16,Barcelona,,91.0,Real Madrid,,90.0,Atlético Madrid,,88.0,,,,
Spain,1,La Liga,2016-17,Real Madrid,,93.0,Barcelona,,90.0,Atlético Madrid,,78.0,,,,
Spain,1,La Liga,2017-18,Barcelona,,93.0,Atlético Madrid,,79.0,Real Madrid,,76.0,,,,
Spain,1,La Liga,2018-19,Barcelona,,87.0,Atlético Madrid,,76.0,Real Madrid,,68.0,,,,
Spain,1,La Liga,2019-20,Real Madrid,,87.0,Barcelona,,82.0,Atlético Madrid,,70.0,,,,
Spain,1,La Liga,2020-21,Atlético Madrid,,86.0,Real Madrid,,84.0,Barcelona,,79.0,,,,
Spain,1,La Liga,2021-22,Real Madrid,,86.0,Barcelona,,73.0,Atlético Madrid,,71.0,,,,
Spain,1,La Liga,2022-23,Barcelona,,88.0,Real Madrid,,78.0,Atlético Madrid,,77.0,,,,
United States,1,Major League Soccer,1996,Tampa Bay Mutiny,,,,,,,,,,,,
United States,1,Major League Soccer,1997,D.C. United,,,,,,,,,,,,
United States,1,Major League Soccer,1998,Los Angeles Galaxy,,,,,,,,,,,,
United States,1,Major League Soccer,1999,D.C. United,,,,,,,,,,,,
United States,1,Major League Soccer,2000,Kansas City Wizards,,,,,,,,,,,,
United States,1,Major League Soccer,2001,Miami Fusion,,,,,,,,,,,,
United States,1,Major League Soccer,2002,Los Angeles Galaxy,,,,,,,,,,,,
United States,1,Major League Soccer,2003,Chicago Fire,,,,,,,,,,,,
United States,1,Major League Soccer,2004,Columbus Crew SC,,,,,,,,,,,,
United States,1,Major League Soccer,2005,San Jose Earthquakes,,,,,,,,,,,,
United States,1,Major League Soccer,2006,D.C. United,,,,,,,,,,,,
United States,1,Major League Soccer,2007,D.C. United,,,,,,,,,,,,
United States,1,Major League Soccer,2008,Columbus Crew SC,,,,,,,,,,,,
United States,1,Major League Soccer,2009,Columbus Crew SC,,,,,,,,,,,,
United States,1,Major League Soccer,2010,Los Angeles Galaxy,,,,,,,,,,,,
United States,1,Major League Soccer,2011,Los Angeles Galaxy,,,,,,,,,,,,
United States,1,Major League Soccer,2012,San Jose Earthquakes,,,,,,,,,,,,
United States,1,Major League Soccer,2013,New York Red Bulls,,,,,,,,,,,,
United States,1,Major League Soccer,2014,Seattle Sounders FC,,,,,,,,,,,,
United States,1,Major League Soccer,2015,New York Red Bulls,,,,,,,,,,,,
United States,1,Major League Soccer,2016,FC Dallas,,,,,,,,,,,,
United States,1,Major League Soccer,2017,Toronto FC,,,,,,,,,,,,
United States,1,Major League Soccer,2018,New York Red Bulls,,,,,,,,,,,,
United States,1,Major League Soccer,2019,Los Angeles FC,,,,,,,,,,,,
United States,1,Major League Soccer,2020,Philadelphia Union,,,,,,,,,,,,
United States,1,Major League Soccer,2021,New England Revolution,,,,,,,,,,,,
United States,1,Major League Soccer,2022,Los Angeles FC,,,,,,,,,,,,
Vietnam,1,V.League 1,,,,,,,,,,,,,,
Vietnam,2,V.League 2,,,,,,,,,,,,,,
Vietnam,3,V.League 3,,,,,,,,,,,,,,
