sport,competition_area,competition,award,season,name,dob,height,position,team,country,country_continent,country_former,goals,peak_rating,peak_year,world_classical,world_rapid,world_blitz,world_fisher
Chess,,,My Legends,All-time,Magnus Carlsen,1990-11-30,,,,Norway,Europe,,,2882,2014-05-01,champion,champion,champion,
Chess,,,My Legends,All-time,Garry Kasparov,1963-04-13,,,,Russia,Europe,,,2851,1999-07-01,champion,,,
Chess,,,My Legends,All-time,Fabiano Caruana,1992-07-30,,,,United States,North America,Italy,,2844,2014-10-01,,,,
Chess,,,My Legends,All-time,Levon Aronian,1982-10-06,,,,United States,North America,Armenia,,2830,2014-03-01,,champion,champion,
Chess,,,My Legends,All-time,Wesley So,1993-10-09,,,,United States,North America,Philippines,,2822,2017-02-28,,,,champion
Chess,,,My Legends,All-time,Shakhriyar Mamedyarov,1985-04-12,,,,Azerbaijan,Asia,,,2820,2018-09-01,,champion,,
Chess,,,My Legends,All-time,Maxime Vachier-Lagrave,1990-10-21,,,,France,Europe,,,2819,2016-08-01,,,champion,
Chess,,,My Legends,All-time,Viswanathan Anand,1969-12-11,,,,India,Asia,,,2817,2011-03-01,champion,,,
Chess,,,My Legends,All-time,Vladimir Kramnik,1975-06-25,,,,Russia,Europe,,,2817,2016-10-01,champion,,,
Chess,,,My Legends,All-time,Veselin Topalov,1975-03-15,,,,Bulgaria,Europe,,,2816,2015-07-01,champion,,,
Chess,,,My Legends,All-time,Hikaru Nakamura,1987-12-09,,,,United States,North America,Japan,,2816,2015-10-01,,,,champion
Chess,,,My Legends,All-time,Ding Liren,1992-10-24,,,,China,Asia,,,2816,2018-11-01,champion,,,
Chess,,,My Legends,All-time,Alexander Grischuk,1983-10-31,,,,Russia,Europe,,,2810,2014-12-01,,,champion,
Chess,,,My Legends,All-time,Alireza Firouzja,2003-06-18,,,,France,Europe,Iran,,2804,2021-12-01,,,,
Football,,,My Legends,All-time,Paolo Maldini,,,,,Italy,Europe,,,,,,,,
Football,,,My Legends,All-time,Franco Baresi,,,,,Italy,Europe,,,,,,,,
Football,,,My Legends,All-time,Alessandro Nesta,,,,,Italy,Europe,,,,,,,,
Football,,,My Legends,All-time,Kaká,,,,,Brazil,South America,,,,,,,,
Football,,,My Legends,All-time,Dani Alves,,,,,Brazil,South America,,,,,,,,
Football,,,My Legends,All-time,Xavi,,,,,Spain,Europe,,,,,,,,
Football,,,My Legends,All-time,Andrés Iniesta,,,,,Spain,Europe,,,,,,,,
Football,,,My Legends,All-time,Sergio Busquets,,,,,Spain,Europe,,,,,,,,
Football,,,My Legends,All-time,Thierry Henry,,,,,France,Europe,,,,,,,,
Football,,,My Legends,All-time,Neymar,,,,,Brazil,South America,,,,,,,,
Football,,,My Legends,All-time,Messi,,,,,Argentina,South America,,,,,,,,
Football,,,My Legends,All-time,Ronaldinho,,,,,Brazil,South America,,,,,,,,
Football,,,My Legends,All-time,Manuel Neuer,,,,,Germany,Europe,,,,,,,,
Football,,,My Legends,All-time,Philipp Lahm,,,,,Germany,Europe,,,,,,,,
Football,,,My Legends,All-time,Robert Lewandowski,,,,,Poland,Europe,,,,,,,,
Football,,,My Legends,All-time,Arjen Robben,,,,,Netherlands,Europe,,,,,,,,
Football,,,My Legends,All-time,John Terry,,,,,England,Europe,,,,,,,,
Football,,,My Legends,All-time,Ashley Cole,,,,,England,Europe,,,,,,,,
Football,,,My Legends,All-time,Alisson,,,,,Brazil,South America,,,,,,,,
Football,,,My Legends,All-time,Virgil van Dijk,,,,,Netherlands,Europe,,,,,,,,
Football,,,My Legends,All-time,Trent Alexander-Arnold,,,,,England,Europe,,,,,,,,
Football,,,My Legends,All-time,Xabi Alonso,,,,,Spain,Europe,,,,,,,,
Football,,,My Legends,All-time,Steven Gerrard,,,,,England,Europe,,,,,,,,
Football,,,My Legends,All-time,Luis Suárez,,,,,Uruguay,South America,,,,,,,,
Football,,,My Legends,All-time,Mo Salah,,,,,Egypt,Africa,,,,,,,,
Football,,,My Legends,All-time,Fabio Cannavaro,,,,,Italy,Europe,,,,,,,,
Football,,,My Legends,All-time,Marcelo,,,,,Brazil,South America,,,,,,,,
Football,,,My Legends,All-time,Zinedine Zidane,,,,,France,Europe,,,,,,,,
Football,,,My Legends,All-time,Cristiano Ronaldo,,,,,Portugal,Europe,,,,,,,,
Football,,,My Legends,All-time,Ronaldo,,,,,Brazil,South America,,,,,,,,
Football,European,UEFA Euro,Top Scorer,1960,François Heutte,,,,France,,,,2,,,,,,
Football,European,UEFA Euro,Top Scorer,1960,Viktor Ponedelnik,,,,Soviet Union,,,,2,,,,,,
Football,European,UEFA Euro,Top Scorer,1960,Valentin Ivanov,,,,Soviet Union,,,,2,,,,,,
Football,European,UEFA Euro,Top Scorer,1960,Dražan Jerković,,,,Yugoslavia,,,,2,,,,,,
Football,European,UEFA Euro,Top Scorer,1960,Milan Galić,,,,Yugoslavia,,,,2,,,,,,
Football,European,UEFA Euro,Top Scorer,1964,Jesús María Pereda,,,,Spain,,,,2,,,,,,
Football,European,UEFA Euro,Top Scorer,1964,Ferenc Bene,,,,Hungary,,,,2,,,,,,
Football,European,UEFA Euro,Top Scorer,1964,Deszö Novák,,,,Hungary,,,,2,,,,,,
Football,European,UEFA Euro,Top Scorer,1968,Dragan Džajić,,,,Yugoslavia,,,,2,,,,,,
Football,European,UEFA Euro,Top Scorer,1972,Gerd Müller,,,,West Germany,,,,4,,,,,,
Football,European,UEFA Euro,Top Scorer,1976,Dieter Müller,,,,West Germany,,,,4,,,,,,
Football,European,UEFA Euro,Top Scorer,1980,Klaus Allofs,,,,West Germany,,,,3,,,,,,
Football,European,UEFA Euro,Top Scorer,1984,Michel Platini,,,,France,,,,9,,,,,,
Football,European,UEFA Euro,Top Scorer,1988,Marco van Basten,,,,Netherlands,,,,5,,,,,,
Football,European,UEFA Euro,Top Scorer,1992,Henrik Larsen,,,,Denmark,,,,3,,,,,,
Football,European,UEFA Euro,Top Scorer,1992,Karl-Heinz Riedle,,,,Germany,,,,3,,,,,,
Football,European,UEFA Euro,Top Scorer,1992,Dennis Bergkamp,,,,Netherlands,,,,3,,,,,,
Football,European,UEFA Euro,Top Scorer,1992,Tomas Brolin,,,,Sweden,,,,3,,,,,,
Football,European,UEFA Euro,Top Scorer,1996,Alan Shearer,,,,England,,,,5,,,,,,
Football,European,UEFA Euro,Top Scorer,2000,Patrick Kluivert,,,,Netherlands,,,,5,,,,,,
Football,European,UEFA Euro,Top Scorer,2000,Savo Milošević,,,,Yugoslavia,,,,5,,,,,,
Football,European,UEFA Euro,Top Scorer,2004,Milan Baroš,,,,Czech Republic,,,,5,,,,,,
Football,European,UEFA Euro,Top Scorer,2008,David Villa,,,,Spain,,,,4,,,,,,
Football,European,UEFA Euro,Top Scorer,2012,Antoine Griezmann,,,,France,,,,6,,,,,,
Football,European,UEFA Euro,Top Scorer,2016,Fernando Torres,,,,Spain,,,,3,,,,,,
Football,European,UEFA Euro,Top Scorer,2020,Cristiano Ronaldo,,,,Portugal,,,,5,,,,,,
Football,European,UEFA Euro,Best Player,1984,Michel Platini,,,Midfielder,France,,,,,,,,,,
Football,European,UEFA Euro,Best Player,1988,Marco van Basten,,,Forward,Netherlands,,,,,,,,,,
Football,European,UEFA Euro,Best Player,1992,Peter Schmeichel,,,Goalkeeper,Denmark,,,,,,,,,,
Football,European,UEFA Euro,Best Player,1996,Matthias Sammer,,,Midfielder,Germany,,,,,,,,,,
Football,European,UEFA Euro,Best Player,2000,Zinedine Zidane,,,Midfielder,France,,,,,,,,,,
Football,European,UEFA Euro,Best Player,2004,Theodoros Zagorakis,,,Midfielder,Greece,,,,,,,,,,
Football,European,UEFA Euro,Best Player,2008,Xavi,,,Midfielder,Spain,,,,,,,,,,
Football,European,UEFA Euro,Best Player,2012,Andrés Iniesta,,,Midfielder,Spain,,,,,,,,,,
Football,European,UEFA Euro,Best Player,2016,Antoine Griezmann,,,Forward,France,,,,,,,,,,
Football,European,UEFA Euro,Best Player,2020,Gianluigi Donnarumma,,,Goalkeeper,Italy,,,,,,,,,,
Football,English,Premier League,Top Scorer,1992/1993,Teddy Sheringham,,,,Tottenham Hotspur,England,Europe,,22,,,,,,
Football,"English ",Premier League,Top Scorer,1993/1994,Andy Cole,,,,Newcastle United,England,Europe,,34,,,,,,
Football,English,Premier League,Top Scorer,1994/1995,Alan Shearer,,,,Blackburn Rovers,England,Europe,,34,,,,,,
Football,English,Premier League,Top Scorer,1995/1996,Alan Shearer,,,,Blackburn Rovers,England,Europe,,31,,,,,,
Football,English,Premier League,Top Scorer,1996/1997,Alan Shearer,,,,Newcastle United,England,Europe,,25,,,,,,
Football,English,Premier League,Top Scorer,1997/1998,Dion Dublin,,,,Coventry City,England,Europe,,18,,,,,,
Football,English,Premier League,Top Scorer,1997/1998,Michael Owen,,,,Liverpool,England,Europe,,18,,,,,,
Football,English,Premier League,Top Scorer,1997/1998,Chris Sutton,,,,Blackburn Rovers,England,Europe,,18,,,,,,
Football,English,Premier League,Top Scorer,1998/1999,Jimmy Floyd Hasselbaink,,,,Leeds United,Netherlands,Europe,,18,,,,,,
Football,English,Premier League,Top Scorer,1998/1999,Michael Owen,,,,Liverpool,England,Europe,,18,,,,,,
Football,English,Premier League,Top Scorer,1998/1999,Dwight Yorke,,,,Manchester United,Trinidad and Tobago,North America,,18,,,,,,
Football,English,Premier League,Top Scorer,1999/2000,Kevin Phillips,,,,Sunderland,England,Europe,,30,,,,,,
Football,English,Premier League,Top Scorer,2000/2001,Jimmy Floyd Hasselbaink,,,,Chelsea,Netherlands,Europe,,23,,,,,,
Football,English,Premier League,Top Scorer,2001/2002,Thierry Henry,,,,Arsenal,France,Europe,,24,,,,,,
Football,English,Premier League,Top Scorer,2002/2003,Ruud van Nistelrooy,,,,Manchester United,Netherlands,Europe,,25,,,,,,
Football,English,Premier League,Top Scorer,2003/2004,Thierry Henry,,,,Arsenal,France,Europe,,30,,,,,,
Football,English,Premier League,Top Scorer,2004/2005,Thierry Henry,,,,Arsenal,France,Europe,,25,,,,,,
Football,English,Premier League,Top Scorer,2005/2006,Thierry Henry,,,,Arsenal,France,Europe,,27,,,,,,
Football,English,Premier League,Top Scorer,2006/2007,Didier Drogba,,,,Chelsea,Ivory Coast,Africa,,20,,,,,,
Football,English,Premier League,Top Scorer,2007/2008,Cristiano Ronaldo,,,,Manchester United,Portugal,Europe,,31,,,,,,
Football,English,Premier League,Top Scorer,2008/2009,Nicolas Anelka,,,,Chelsea,France,Europe,,19,,,,,,
Football,English,Premier League,Top Scorer,2009/2010,Didier Drogba,,,,Chelsea,Ivory Coast,Africa,,29,,,,,,
Football,English,Premier League,Top Scorer,2010/2011,Dimitar Berbatov,,,,Manchester United,Bulgaria,Europe,,20,,,,,,
Football,English,Premier League,Top Scorer,2010/2011,Carlos Tevez,,,,Manchester City,Argentina,South America,,20,,,,,,
Football,English,Premier League,Top Scorer,2011/2012,Robin Van Persie,,,,Arsenal,Netherlands,Europe,,30,,,,,,
Football,English,Premier League,Top Scorer,2012/2013,Robin Van Persie,,,,Manchester United,Netherlands,Europe,,26,,,,,,
Football,English,Premier League,Top Scorer,2013/2014,Luis Suárez,,,,Liverpool,Uruguay,South America,,31,,,,,,
Football,English,Premier League,Top Scorer,2014/2015,Sergio Agüero,,,,Manchester City,Argentina,South America,,26,,,,,,
Football,English,Premier League,Top Scorer,2015/2016,Harry Kane,,,,Tottenham Hotspur,England,Europe,,25,,,,,,
Football,English,Premier League,Top Scorer,2016/2017,Harry Kane,,,,Tottenham Hotspur,England,Europe,,29,,,,,,
Football,English,Premier League,Top Scorer,2017/2018,Mohamed Salah,,,,Liverpool,Egypt,Africa,,32,,,,,,
Football,English,Premier League,Top Scorer,2018/2019,Mohamed Salah,,,,Liverpool,Egypt,Africa,,22,,,,,,
Football,English,Premier League,Top Scorer,2018/2019,Sadio Mané,,,,Liverpool,Senegal,Africa,,22,,,,,,
Football,English,Premier League,Top Scorer,2018/2019,Pierre-Emerick Aubameyang,,,,Arsenal,Gabon,Africa,,22,,,,,,
Football,English,Premier League,Top Scorer,2019/2020,Jamie Vardy,,,,Leicester City,England,Europe,,23,,,,,,
Football,English,Premier League,Top Scorer,2020/2021,Harry Kane,,,,Tottenham Hotspur,England,Europe,,23,,,,,,
Football,English,Premier League,Top Scorer,2021/2022,Mohamed Salah,,,,Liverpool,Egypt,Africa,,23,,,,,,
Football,English,Premier League,Top Scorer,2021/2022,Son Heung-min,,,,Tottenham Hotspur,South Korea,Asia,,23,,,,,,
Football,English,Premier League,Best Player,1994/1995,Alan Shearer,,,Forward,Blackburn Rovers,England,Europe,,,,,,,,
Football,English,Premier League,Best Player,1995/1996,Peter Schmeichel,,,Goalkeeper,Manchester United,Denmark,Europe,,,,,,,,
Football,English,Premier League,Best Player,1996/1997,Juninho,,,Midfielder,Middlesbrough,Brazil,South America,,,,,,,,
Football,English,Premier League,Best Player,1997/1998,Michael Owen,,,Forward,Liverpool,England,Europe,,,,,,,,
Football,English,Premier League,Best Player,1998/1999,Dwight Yorke,,,Forward,Manchester United,Trinidad and Tobago,North America,,,,,,,,
Football,English,Premier League,Best Player,1999/2000,Kevin Phillips,,,Forward,Sunderland,England,Europe,,,,,,,,
Football,English,Premier League,Best Player,2000/2001,Patrick Vieira,,,Midfielder,Arsenal,France,Europe,,,,,,,,
Football,English,Premier League,Best Player,2001/2002,Freddie Ljungberg,,,Midfielder,Arsenal,Sweden,Europe,,,,,,,,
Football,English,Premier League,Best Player,2002/2003,Ruud van Nistelrooy,,,Forward,Manchester United,Netherlands,Europe,,,,,,,,
Football,English,Premier League,Best Player,2003/2004,Thierry Henry,,,Forward,Arsenal,France,Europe,,,,,,,,
Football,English,Premier League,Best Player,2004/2005,Frank Lampard,,,Midfielder,Chelsea,England,Europe,,,,,,,,
Football,English,Premier League,Best Player,2005/2006,Thierry Henry,,,Forward,Arsenal,France,Europe,,,,,,,,
Football,English,Premier League,Best Player,2006/2007,Cristiano Ronaldo,,,Forward,Manchester United,Portugal,Europe,,,,,,,,
Football,English,Premier League,Best Player,2007/2008,Cristiano Ronaldo,,,Forward,Manchester United,Portugal,Europe,,,,,,,,
Football,English,Premier League,Best Player,2008/2009,Nemanja Vidić,,,Defender,Manchester United,Serbia,Europe,,,,,,,,
Football,English,Premier League,Best Player,2009/2010,Wayne Rooney,,,Forward,Manchester United,England,Europe,,,,,,,,
Football,English,Premier League,Best Player,2010/2011,Nemanja Vidić,,,Defender,Manchester United,Serbia,Europe,,,,,,,,
Football,English,Premier League,Best Player,2011/2012,Vincent Kompany,,,Defender,Manchester City,Belgium,Europe,,,,,,,,
Football,English,Premier League,Best Player,2012/2013,Gareth Bale,,,Midfielder,Tottenham Hotspur,Wales,Europe,,,,,,,,
Football,English,Premier League,Best Player,2013/2014,Luis Suárez,,,Forward,Liverpool,Uruguay,South America,,,,,,,,
Football,English,Premier League,Best Player,2014/2015,Eden Hazard,,,Midfielder,Chelsea,Belgium,Europe,,,,,,,,
Football,English,Premier League,Best Player,2015/2016,Jamie Vardy,,,Midfielder,Leicester City,England,Europe,,,,,,,,
Football,English,Premier League,Best Player,2016/2017,N'Golo Kanté,,,Midfielder,Chelsea,France,Europe,,,,,,,,
Football,English,Premier League,Best Player,2017/2018,Mohamed Salah,,,Forward,Liverpool,Egypt,Africa,,,,,,,,
Football,English,Premier League,Best Player,2018/2019,Virgil van Dijk,,,Defender,Liverpool,Netherlands,Europe,,,,,,,,
Football,English,Premier League,Best Player,2019/2020,Kevin De Bruyne,,,Midfielder,Manchester City,Belgium,Europe,,,,,,,,
Football,English,Premier League,Best Player,2020/2021,Rúben Dias,,,Defender,Manchester City,Portugal,Europe,,,,,,,,
Football,English,Premier League,Best Player,2021/2022,Kevin De Bruyne,,,Midfielder,Manchester City,Belgium,Europe,,,,,,,,
Football,English,Premier League,top-goalkeeper,2004/2005,Petr Čech,,,Goalkeeper,Chelsea,Czech Republic,,,24,,,,,,
Football,English,Premier League,top-goalkeeper,2005/2006,Pepe Reina,,,Goalkeeper,Liverpool,Spain,,,20,,,,,,
Football,English,Premier League,top-goalkeeper,2006/2007,Pepe Reina,,,Goalkeeper,Liverpool,Spain,,,19,,,,,,
Football,English,Premier League,top-goalkeeper,2007/2008,Pepe Reina,,,Goalkeeper,Liverpool,Spain,,,18,,,,,,
Football,English,Premier League,top-goalkeeper,2008/2009,Edwin van der Sar,,,Goalkeeper,Manchester United,Netherlands,,,21,,,,,,
Football,English,Premier League,top-goalkeeper,2009/2010,Petr Čech,,,Goalkeeper,Chelsea,Czech Republic,,,17,,,,,,
Football,English,Premier League,top-goalkeeper,2010/2011,Joe Hart,,,Goalkeeper,Manchester City,England,,,18,,,,,,
Football,English,Premier League,top-goalkeeper,2011/2012,Joe Hart,,,Goalkeeper,Manchester City,England,,,17,,,,,,
Football,English,Premier League,top-goalkeeper,2012/2013,Joe Hart,,,Goalkeeper,Manchester City,England,,,18,,,,,,
Football,English,Premier League,top-goalkeeper,2013/2014,Petr Čech,,,Goalkeeper,Chelsea,Czech Republic,,,16,,,,,,
Football,English,Premier League,top-goalkeeper,2013/2014,Wojciech Szczęsny,,,Goalkeeper,Arsenal,Poland,,,16,,,,,,
Football,English,Premier League,top-goalkeeper,2014/2015,Joe Hart,,,Goalkeeper,Manchester City,England,,,14,,,,,,
Football,English,Premier League,top-goalkeeper,2015/2016,Petr Čech,,,Goalkeeper,Arsenal,Czech Republic,,,16,,,,,,
Football,English,Premier League,top-goalkeeper,2016/2017,Thibaut Courtois,,,Goalkeeper,Chelsea,Belgium,,,16,,,,,,
Football,English,Premier League,top-goalkeeper,2017/2018,David de Gea,,,Goalkeeper,Manchester United,Spain,,,18,,,,,,
Football,English,Premier League,top-goalkeeper,2018/2019,Alisson,,,Goalkeeper,Liverpool,Brazil,,,21,,,,,,
Football,English,Premier League,top-goalkeeper,2019/2020,Ederson,,,Goalkeeper,Manchester City,Brazil,,,16,,,,,,
Football,English,Premier League,top-goalkeeper,2020/2021,Ederson,,,Goalkeeper,Manchester City,Brazil,,,19,,,,,,
Football,English,Premier League,top-goalkeeper,2021/2022,Alisson,,,Goalkeeper,Liverpool,Brazil,,,20,,,,,,
Football,English,Premier League,top-goalkeeper,2021/2022,Ederson,,,Goalkeeper,Manchester City,Brazil,,,20,,,,,,
Football,English,Premier League,top-goalkeeper,2022/2023,David de Gea,,,Goalkeeper,Manchester United,Spain,,,17,,,,,,
Football,Netherlands,Eredivisie,Top Scorer,1956-57,Coen Dillen,,,,,,,,43,,,,,,
Football,Netherlands,Eredivisie,Top Scorer,1957-58,Leo Canjels,,,,,,,,32,,,,,,
Football,Netherlands,Eredivisie,Top Scorer,1958-59,Leo Canjels,,,,,,,,34,,,,,,
Football,Netherlands,Eredivisie,Top Scorer,1959-60,Henk Groot,,,,,,,,38,,,,,,
Football,Netherlands,Eredivisie,Top Scorer,1960-61,Henk Groot,,,,,,,,41,,,,,,
Football,Netherlands,Eredivisie,Top Scorer,1961-62,Dick Tol,,,,,,,,27,,,,,,
Football,Netherlands,Eredivisie,Top Scorer,1962-63,Pierre Kerkhofs,,,,,,,,22,,,,,,
Football,Netherlands,Eredivisie,Top Scorer,1963-64,Frans Geurtsen,,,,,,,,28,,,,,,
Football,Netherlands,Eredivisie,Top Scorer,1964-65,Frans Geurtsen,,,,,,,,23,,,,,,
Football,Netherlands,Eredivisie,Top Scorer,1965-66,Willy van der Kuijlen,,,,,,,,23,,,,,,
Football,Netherlands,Eredivisie,Top Scorer,1965-66,Piet Kruiver,,,,,,,,23,,,,,,
Football,Netherlands,Eredivisie,Top Scorer,1966-67,Johan Cruyff,,,,,,,,33,,,,,,
Football,Netherlands,Eredivisie,Top Scorer,1967-68,Ove Kindvall,,,,,,,,28,,,,,,
Football,Netherlands,Eredivisie,Top Scorer,1968-69,Dick van Dijk,,,,,,,,30,,,,,,
Football,Netherlands,Eredivisie,Top Scorer,1968-69,Ove Kindvall,,,,,,,,30,,,,,,
Football,Netherlands,Eredivisie,Top Scorer,1969-70,Willy van der Kuijlen,,,,,,,,26,,,,,,
Football,Netherlands,Eredivisie,Top Scorer,1970-71,Ove Kindvall,,,,,,,,24,,,,,,
Football,Netherlands,Eredivisie,Top Scorer,1971-72,Johan Cruyff,,,,,,,,25,,,,,,
Football,Netherlands,Eredivisie,Top Scorer,1972-73,Cas Janssens,,,,,,,,18,,,,,,
Football,Netherlands,Eredivisie,Top Scorer,1972-73,Willy Brokamp,,,,,,,,18,,,,,,
Football,Netherlands,Eredivisie,Top Scorer,1973-74,Willy van der Kuijlen,,,,,,,,27,,,,,,
Football,Netherlands,Eredivisie,Top Scorer,1974-75,Ruud Geels,,,,,,,,30,,,,,,
Football,Netherlands,Eredivisie,Top Scorer,1975-76,Ruud Geels,,,,,,,,29,,,,,,
Football,Netherlands,Eredivisie,Top Scorer,1976-77,Ruud Geels,,,,,,,,34,,,,,,
Football,Netherlands,Eredivisie,Top Scorer,1977-78,Ruud Geels,,,,,,,,30,,,,,,
Football,Netherlands,Eredivisie,Top Scorer,1978-79,Kees Kist,,,,,,,,34,,,,,,
Football,Netherlands,Eredivisie,Top Scorer,1979-80,Kees Kist,,,,,,,,27,,,,,,
Football,Netherlands,Eredivisie,Top Scorer,1980-81,Ruud Geels,,,,,,,,22,,,,,,
Football,Netherlands,Eredivisie,Top Scorer,1981-82,Wim Kieft,,,,,,,,32,,,,,,
Football,Netherlands,Eredivisie,Top Scorer,1982-83,Peter Houtman,,,,,,,,30,,,,,,
Football,Netherlands,Eredivisie,Top Scorer,1983-84,Marco van Basten,,,,,,,,28,,,,,,
Football,Netherlands,Eredivisie,Top Scorer,1984-85,Marco van Basten,,,,,,,,22,,,,,,
Football,Netherlands,Eredivisie,Top Scorer,1985-86,Marco van Basten,,,,,,,,37,,,,,,
Football,Netherlands,Eredivisie,Top Scorer,1986-87,Marco van Basten,,,,,,,,31,,,,,,
Football,Netherlands,Eredivisie,Top Scorer,1987-88,Wim Kieft,,,,,,,,29,,,,,,
Football,Netherlands,Eredivisie,Top Scorer,1988-89,Romário,,,,,,,,19,,,,,,
Football,Netherlands,Eredivisie,Top Scorer,1989-90,Romário,,,,,,,,23,,,,,,
Football,Netherlands,Eredivisie,Top Scorer,1990-91,Romário,,,,,,,,25,,,,,,
Football,Netherlands,Eredivisie,Top Scorer,1990-91,Dennis Bergkamp,,,,,,,,25,,,,,,
Football,Netherlands,Eredivisie,Top Scorer,1991-92,Dennis Bergkamp,,,,,,,,22,,,,,,
Football,Netherlands,Eredivisie,Top Scorer,1992-93,Dennis Bergkamp,,,,,,,,26,,,,,,
Football,Netherlands,Eredivisie,Top Scorer,1993-94,Jari Litmanen,,,,,,,,26,,,,,,
Football,Netherlands,Eredivisie,Top Scorer,1994-95,Ronaldo,,,,,,,,30,,,,,,
Football,Netherlands,Eredivisie,Top Scorer,1995-96,Luc Nilis,,,,,,,,21,,,,,,
Football,Netherlands,Eredivisie,Top Scorer,1996-97,Luc Nilis,,,,,,,,21,,,,,,
Football,Netherlands,Eredivisie,Top Scorer,1997-98,Nikos Machlas,,,,,,,,34,,,,,,
Football,Netherlands,Eredivisie,Top Scorer,1998-99,Ruud van Nistelrooy,,,,,,,,31,,,,,,
Football,Netherlands,Eredivisie,Top Scorer,1999-2000,Ruud van Nistelrooy,,,,,,,,29,,,,,,
Football,Netherlands,Eredivisie,Top Scorer,2000-01,Mateja Kežman,,,,,,,,24,,,,,,
Football,Netherlands,Eredivisie,Top Scorer,2001-02,Pierre van Hooijdonk,,,,,,,,24,,,,,,
Football,Netherlands,Eredivisie,Top Scorer,2002-03,Mateja Kežman,,,,,,,,35,,,,,,
Football,Netherlands,Eredivisie,Top Scorer,2003-04,Mateja Kežman,,,,,,,,31,,,,,,
Football,Netherlands,Eredivisie,Top Scorer,2004-05,Dirk Kuyt,,,,,,,,29,,,,,,
Football,Netherlands,Eredivisie,Top Scorer,2005-06,Klaas-Jan Huntelaar,,,,,,,,33,,,,,,
Football,Netherlands,Eredivisie,Top Scorer,2006-07,Afonso Alves,,,,,,,,34,,,,,,
Football,Netherlands,Eredivisie,Top Scorer,2007-08,Klaas-Jan Huntelaar,,,,,,,,33,,,,,,
Football,Netherlands,Eredivisie,Top Scorer,2008-09,Mounir El Hamdaoui,,,,,,,,23,,,,,,
Football,Netherlands,Eredivisie,Top Scorer,2009-10,Luis Suárez,,,,,,,,35,,,,,,
Football,Netherlands,Eredivisie,Top Scorer,2010-11,Björn Vleminckx,,,,,,,,23,,,,,,
Football,Netherlands,Eredivisie,Top Scorer,2011-12,Bas Dost,,,,,,,,32,,,,,,
Football,Netherlands,Eredivisie,Top Scorer,2012-13,Wilfried Bony,,,,,,,,31,,,,,,
Football,Netherlands,Eredivisie,Top Scorer,2013-14,Alfreð Finnbogason,,,,,,,,29,,,,,,
Football,Netherlands,Eredivisie,Top Scorer,2014-15,Memphis Depay,,,,,,,,22,,,,,,
Football,Netherlands,Eredivisie,Top Scorer,2015-16,Vincent Janssen,,,,,,,,27,,,,,,
Football,Netherlands,Eredivisie,Top Scorer,2016-17,Nicolai Jørgensen,,,,,,,,21,,,,,,
Football,Netherlands,Eredivisie,Top Scorer,2017-18,Alireza Jahanbakhsh,,,,,,,,21,,,,,,
Football,Netherlands,Eredivisie,Top Scorer,2018-19,Luuk de Jong,,,,,,,,28,,,,,,
Football,Netherlands,Eredivisie,Top Scorer,2019-20,Dušan Tadić,,,,,,,,28,,,,,,
Football,Netherlands,Eredivisie,Top Scorer,2020-21,Giorgos Giakoumakis,,,,,,,,26,,,,,,
Football,Netherlands,Eredivisie,Top Scorer,2021-22,Sébastien Haller,,,,,,,,21,,,,,,
Football,Netherlands,Eredivisie,Top Scorer,2022-23,Anastasios Douvikas,,,,,,,,19,,,,,,
Football,Netherlands,Eredivisie,Top Scorer,2022-23,Xavi Simons,,,,,,,,19,,,,,,
Football,Spain,La Liga,Top Scorer,1929,Paco Bienzobas,,,,Real Sociedad,,,,14,,,,,,
Football,Spain,La Liga,Top Scorer,1929-30,Guillermo Gorostiza,,,,Athletic Bilbao,,,,19,,,,,,
Football,Spain,La Liga,Top Scorer,1930-31,Bata,,,,Athletic Bilbao,,,,27,,,,,,
Football,Spain,La Liga,Top Scorer,1931-32,Guillermo Gorostiza,,,,Athletic Bilbao,,,,12,,,,,,
Football,Spain,La Liga,Top Scorer,1932-33,Manuel Olivares,,,,Madrid FC,,,,16,,,,,,
Football,Spain,La Liga,Top Scorer,1933-34,Isidro Lángara,,,,Oviedo,,,,27,,,,,,
Football,Spain,La Liga,Top Scorer,1934-35,Isidro Lángara,,,,Oviedo,,,,26,,,,,,
Football,Spain,La Liga,Top Scorer,1935-36,Isidro Lángara,,,,Oviedo,,,,27,,,,,,
Football,Spain,La Liga,Top Scorer,1939-40,Víctor Unamuno,,,,Athletic Bilbao,,,,22,,,,,,
Football,Spain,La Liga,Top Scorer,1940-41,Pruden,,,,Atlético Aviación,,,,30,,,,,,
Football,Spain,La Liga,Top Scorer,1941-42,Edmundo Suárez,,,,Valencia,,,,27,,,,,,
Football,Spain,La Liga,Top Scorer,1942-43,Mariano Martín,,,,Barcelona,,,,32,,,,,,
Football,Spain,La Liga,Top Scorer,1943-44,Edmundo Suárez,,,,Valencia,,,,27,,,,,,
Football,Spain,La Liga,Top Scorer,1944-45,Telmo Zarra,,,,Atlético Bilbao,,,,19,,,,,,
Football,Spain,La Liga,Top Scorer,1945-46,Telmo Zarra,,,,Atlético Bilbao,,,,24,,,,,,
Football,Spain,La Liga,Top Scorer,1946-47,Telmo Zarra,,,,Atlético Bilbao,,,,34,,,,,,
Football,Spain,La Liga,Top Scorer,1947-48,Pahiño,,,,Celta Vigo,,,,23,,,,,,
Football,Spain,La Liga,Top Scorer,1948-49,César Rodríguez Álvarez,,,,Barcelona,,,,28,,,,,,
Football,Spain,La Liga,Top Scorer,1949-50,Telmo Zarra,,,,Athletic Bilbao,,,,25,,,,,,
Football,Spain,La Liga,Top Scorer,1950-51,Telmo Zarra,,,,Athletic Bilbao,,,,38,,,,,,
Football,Spain,La Liga,Top Scorer,1951-52,Pahiño,,,,Real Madrid,,,,28,,,,,,
Football,Spain,La Liga,Top Scorer,1952-53,Telmo Zarra,,,,Athletic Bilbao,,,,24,,,,,,
Football,Spain,La Liga,Top Scorer,1953-54,Alfredo Di Stéfano,,,,Real Madrid,,,,27,,,,,,
Football,Spain,La Liga,Top Scorer,1954-55,Juan Arza,,,,Sevilla,,,,28,,,,,,
Football,Spain,La Liga,Top Scorer,1955-56,Alfredo Di Stéfano,,,,Real Madrid,,,,24,,,,,,
Football,Spain,La Liga,Top Scorer,1956-57,Alfredo Di Stéfano,,,,Real Madrid,,,,31,,,,,,
Football,Spain,La Liga,Top Scorer,1957-58,Manuel Badenes,,,,Valladolid,,,,19,,,,,,
Football,Spain,La Liga,Top Scorer,1957-58,Alfredo Di Stéfano,,,,Real Madrid,,,,19,,,,,,
Football,Spain,La Liga,Top Scorer,1957-58,Ricardo,,,,Valencia,,,,19,,,,,,
Football,Spain,La Liga,Top Scorer,1958-59,Alfredo Di Stéfano,,,,Real Madrid,,,,23,,,,,,
Football,Spain,La Liga,Top Scorer,1959-60,Ferenc Puskás,,,,Real Madrid,,,,26,,,,,,
Football,Spain,La Liga,Top Scorer,1960-61,Ferenc Puskás,,,,Real Madrid,,,,27,,,,,,
Football,Spain,La Liga,Top Scorer,1961-62,Juan Seminario,,,,Zaragoza,,,,25,,,,,,
Football,Spain,La Liga,Top Scorer,1962-63,Ferenc Puskás,,,,Real Madrid,,,,26,,,,,,
Football,Spain,La Liga,Top Scorer,1963-64,Ferenc Puskás,,,,Real Madrid,,,,20,,,,,,
Football,Spain,La Liga,Top Scorer,1964-65,Cayetano Ré,,,,Barcelona,,,,25,,,,,,
Football,Spain,La Liga,Top Scorer,1965-66,Vavá II,,,,Elche,,,,19,,,,,,
Football,Spain,La Liga,Top Scorer,1966-67,Waldo Machado,,,,Valencia,,,,24,,,,,,
Football,Spain,La Liga,Top Scorer,1967-68,Fidel Uriarte,,,,Athletic Bilbao,,,,22,,,,,,
Football,Spain,La Liga,Top Scorer,1968-69,Amancio Amaro,,,,Real Madrid,,,,14,,,,,,
Football,Spain,La Liga,Top Scorer,1968-69,José Eulogio Gárate,,,,Atlético Madrid,,,,14,,,,,,
Football,Spain,La Liga,Top Scorer,1969-70,Amancio Amaro,,,,Real Madrid,,,,16,,,,,,
Football,Spain,La Liga,Top Scorer,1969-70,Luis Aragonés,,,,Atlético Madrid,,,,16,,,,,,
Football,Spain,La Liga,Top Scorer,1969-70,José Eulogio Gárate,,,,Atlético Madrid,,,,16,,,,,,
Football,Spain,La Liga,Top Scorer,1970-71,José Eulogio Gárate,,,,Atlético Madrid,,,,17,,,,,,
Football,Spain,La Liga,Top Scorer,1970-71,Carles Rexach,,,,Barcelona,,,,17,,,,,,
Football,Spain,La Liga,Top Scorer,1971-72,Enrique Porta,,,,Granada,,,,20,,,,,,
Football,Spain,La Liga,Top Scorer,1972-73,Marianín,,,,Oviedo,,,,19,,,,,,
Football,Spain,La Liga,Top Scorer,1973-74,Quini,,,,Sporting Gijón,,,,20,,,,,,
Football,Spain,La Liga,Top Scorer,1974-75,Carlos,,,,Athletic Bilbao,,,,19,,,,,,
Football,Spain,La Liga,Top Scorer,1975-76,Quini,,,,Sporting Gijón,,,,21,,,,,,
Football,Spain,La Liga,Top Scorer,1976-77,Mario Kempes,,,,Valencia,,,,24,,,,,,
Football,Spain,La Liga,Top Scorer,1977-78,Mario Kempes,,,,Valencia,,,,28,,,,,,
Football,Spain,La Liga,Top Scorer,1978-79,Hans Krankl,,,,Barcelona,,,,29,,,,,,
Football,Spain,La Liga,Top Scorer,1979-80,Quini,,,,Sporting Gijón,,,,24,,,,,,
Football,Spain,La Liga,Top Scorer,1980-81,Quini,,,,Barcelona,,,,20,,,,,,
Football,Spain,La Liga,Top Scorer,1981-82,Quini,,,,Barcelona,,,,26,,,,,,
Football,Spain,La Liga,Top Scorer,1982-83,Hipólito Rincón,,,,Real Betis,,,,20,,,,,,
Football,Spain,La Liga,Top Scorer,1983-84,Jorge da Silva,,,,Valladolid,,,,17,,,,,,
Football,Spain,La Liga,Top Scorer,1983-84,Juanito,,,,Real Madrid,,,,17,,,,,,
Football,Spain,La Liga,Top Scorer,1984-85,Hugo Sánchez,,,,Atlético Madrid,,,,19,,,,,,
Football,Spain,La Liga,Top Scorer,1985-86,Hugo Sánchez,,,,Real Madrid,,,,22,,,,,,
Football,Spain,La Liga,Top Scorer,1986-87,Hugo Sánchez,,,,Real Madrid,,,,34,,,,,,
Football,Spain,La Liga,Top Scorer,1987-88,Hugo Sánchez,,,,Real Madrid,,,,29,,,,,,
Football,Spain,La Liga,Top Scorer,1988-89,Baltazar,,,,Atlético Madrid,,,,35,,,,,,
Football,Spain,La Liga,Top Scorer,1989-90,Hugo Sánchez,,,,Real Madrid,,,,38,,,,,,
Football,Spain,La Liga,Top Scorer,1990-91,Emilio Butragueño,,,,Real Madrid,,,,19,,,,,,
Football,Spain,La Liga,Top Scorer,1991-92,Manolo,,,,Atlético Madrid,,,,27,,,,,,
Football,Spain,La Liga,Top Scorer,1992-93,Bebeto,,,,Deportivo La Coruña,,,,29,,,,,,
Football,Spain,La Liga,Top Scorer,1993-94,Romário,,,,Barcelona,,,,30,,,,,,
Football,Spain,La Liga,Top Scorer,1994-95,Iván Zamorano,,,,Real Madrid,,,,28,,,,,,
Football,Spain,La Liga,Top Scorer,1995-96,Juan Antonio Pizzi,,,,Tenerife,,,,31,,,,,,
Football,Spain,La Liga,Top Scorer,1996-97,Ronaldo,,,,Barcelona,,,,34,,,,,,
Football,Spain,La Liga,Top Scorer,1997-98,Christian Vieri,,,,Atlético Madrid,,,,24,,,,,,
Football,Spain,La Liga,Top Scorer,1998-99,Raúl,,,,Real Madrid,,,,25,,,,,,
Football,Spain,La Liga,Top Scorer,1999-2000,Salva Ballesta,,,,Racing Santander,,,,27,,,,,,
Football,Spain,La Liga,Top Scorer,2000-01,Raúl,,,,Real Madrid,,,,24,,,,,,
Football,Spain,La Liga,Top Scorer,2001-02,Diego Tristán,,,,Deportivo La Coruña,,,,21,,,,,,
Football,Spain,La Liga,Top Scorer,2002-03,Roy Makaay,,,,Deportivo La Coruña,,,,29,,,,,,
Football,Spain,La Liga,Top Scorer,2003-04,Ronaldo,,,,Real Madrid,,,,25,,,,,,
Football,Spain,La Liga,Top Scorer,2004-05,Diego Forlán,,,,Villarreal,,,,25,,,,,,
Football,Spain,La Liga,Top Scorer,2005-06,Samuel Eto'o,,,,Barcelona,,,,26,,,,,,
Football,Spain,La Liga,Top Scorer,2006-07,Ruud van Nistelrooy,,,,Real Madrid,,,,25,,,,,,
Football,Spain,La Liga,Top Scorer,2007-08,Daniel Güiza,,,,Mallorca,,,,27,,,,,,
Football,Spain,La Liga,Top Scorer,2008-09,Diego Forlán,,,,Atlético Madrid,,,,32,,,,,,
Football,Spain,La Liga,Top Scorer,2009-10,Lionel Messi,,,,Barcelona,,,,34,,,,,,
Football,Spain,La Liga,Top Scorer,2010-11,Cristiano Ronaldo,,,,Real Madrid,,,,40,,,,,,
Football,Spain,La Liga,Top Scorer,2011-12,Lionel Messi,,,,Barcelona,,,,50,,,,,,
Football,Spain,La Liga,Top Scorer,2012-13,Lionel Messi,,,,Barcelona,,,,46,,,,,,
Football,Spain,La Liga,Top Scorer,2013-14,Cristiano Ronaldo,,,,Real Madrid,,,,31,,,,,,
Football,Spain,La Liga,Top Scorer,2014-15,Cristiano Ronaldo,,,,Real Madrid,,,,48,,,,,,
Football,Spain,La Liga,Top Scorer,2015-16,Luis Suárez,,,,Barcelona,,,,40,,,,,,
Football,Spain,La Liga,Top Scorer,2016-17,Lionel Messi,,,,Barcelona,,,,37,,,,,,
Football,Spain,La Liga,Top Scorer,2017-18,Lionel Messi,,,,Barcelona,,,,34,,,,,,
Football,Spain,La Liga,Top Scorer,2018-19,Lionel Messi,,,,Barcelona,,,,36,,,,,,
Football,Spain,La Liga,Top Scorer,2019-20,Lionel Messi,,,,Barcelona,,,,25,,,,,,
Football,Spain,La Liga,Top Scorer,2020-21,Lionel Messi,,,,Barcelona,,,,30,,,,,,
Football,Spain,La Liga,Top Scorer,2021-22,Karim Benzema,,,,Real Madrid,,,,27,,,,,,
Football,Spain,La Liga,Top Scorer,2022-23,Robert Lewandowski,,,,Barcelona,,,,23,,,,,,
Football,Portugal,Primeira Liga,Top Scorer,1999-2000,Mário Jardel,,,,Porto,,,,37,,,,,,
Football,Portugal,Primeira Liga,Top Scorer,2000-01,Pena,,,,Porto,,,,22,,,,,,
Football,Portugal,Primeira Liga,Top Scorer,2001-02,Mário Jardel,,,,Sporting CP,,,,42,,,,,,
Football,Portugal,Primeira Liga,Top Scorer,2002-03,Fary Faye,,,,Beira-Mar,,,,18,,,,,,
Football,Portugal,Primeira Liga,Top Scorer,2003-04,Benni McCarthy,,,,Porto,,,,20,,,,,,
Football,Portugal,Primeira Liga,Top Scorer,2004-05,Liédson,,,,Sporting CP,,,,25,,,,,,
Football,Portugal,Primeira Liga,Top Scorer,2005-06,Albert Meyong,,,,Belenenses,,,,17,,,,,,
Football,Portugal,Primeira Liga,Top Scorer,2006-07,Liédson,,,,Sporting CP,,,,15,,,,,,
Football,Portugal,Primeira Liga,Top Scorer,2007-08,Lisandro López,,,,Porto,,,,24,,,,,,
Football,Portugal,Primeira Liga,Top Scorer,2008-09,Nenê,,,,Nacional,,,,20,,,,,,
Football,Portugal,Primeira Liga,Top Scorer,2009-10,Óscar Cardozo,,,,Benfica,,,,26,,,,,,
Football,Portugal,Primeira Liga,Top Scorer,2010-11,Hulk,,,,Porto,,,,23,,,,,,
Football,Portugal,Primeira Liga,Top Scorer,2011-12,Óscar Cardozo,,,,Benfica,,,,20,,,,,,
Football,Portugal,Primeira Liga,Top Scorer,2012-13,Jackson Martínez,,,,Porto,,,,26,,,,,,
Football,Portugal,Primeira Liga,Top Scorer,2013-14,Jackson Martínez,,,,Porto,,,,20,,,,,,
Football,Portugal,Primeira Liga,Top Scorer,2014-15,Jackson Martínez,,,,Porto,,,,21,,,,,,
Football,Portugal,Primeira Liga,Top Scorer,2015-16,Jonas,,,,Benfica,,,,31,,,,,,
Football,Portugal,Primeira Liga,Top Scorer,2016-17,Bas Dost,,,,Sporting CP,,,,34,,,,,,
Football,Portugal,Primeira Liga,Top Scorer,2017-18,Jonas,,,,Benfica,,,,34,,,,,,
Football,Portugal,Primeira Liga,Top Scorer,2018-19,Haris Seferovic,,,,Benfica,,,,23,,,,,,
Football,Portugal,Primeira Liga,Top Scorer,2019-20,Carlos Vinícius,,,,Benfica,,,,19,,,,,,
Football,Portugal,Primeira Liga,Top Scorer,2020-21,Pedro Gonçalves,,,,Sporting CP,,,,23,,,,,,
Football,Portugal,Primeira Liga,Top Scorer,2021-22,Darwin Nuñez,,,,Benfica,,,,26,,,,,,
Football,Portugal,Primeira Liga,Top Scorer,2022-23,Mehdi Taremi,,,,Porto,,,,22,,,,,,
Football,Italy,Serie A,Top Scorer,1929-30,Giuseppe Meazza,,,Italy,Ambrosiana-Inter,,,,31,,,,,,
Football,Italy,Serie A,Top Scorer,1930-31,Rodolfo Volk,,,Italy,Roma,,,,29,,,,,,
Football,Italy,Serie A,Top Scorer,1931-32,Pedro Petrone,,,Uruguay,Fiorentina,,,,25,,,,,,
Football,Italy,Serie A,Top Scorer,1931-32,Angelo Schiavio,,,Italy,Bologna,,,,25,,,,,,
Football,Italy,Serie A,Top Scorer,1932-33,Felice Placido Borel,,,Italy,Juventus,,,,29,,,,,,
Football,Italy,Serie A,Top Scorer,1933-34,Felice Placido Borel,,,Italy,Juventus,,,,31,,,,,,
Football,Italy,Serie A,Top Scorer,1934-35,Enrico Guaita,,,Argentina,Roma,,,,31,,,,,,
Football,Italy,Serie A,Top Scorer,1935-36,Giuseppe Meazza,,,Italy,Ambrosiana-Inter,,,,25,,,,,,
Football,Italy,Serie A,Top Scorer,1936-37,Silvio Piola,,,Italy,Lazio,,,,21,,,,,,
Football,Italy,Serie A,Top Scorer,1937-38,Giuseppe Meazza,,,Italy,Ambrosiana-Inter,,,,20,,,,,,
Football,Italy,Serie A,Top Scorer,1938-39,Aldo Boffi,,,Italy,Milan,,,,19,,,,,,
Football,Italy,Serie A,Top Scorer,1938-39,Ettore Puricelli,,,Uruguay,Bologna,,,,19,,,,,,
Football,Italy,Serie A,Top Scorer,1939-40,Aldo Boffi,,,Italy,Milan,,,,24,,,,,,
Football,Italy,Serie A,Top Scorer,1940-41,Ettore Puricelli,,,Uruguay,Bologna,,,,22,,,,,,
Football,Italy,Serie A,Top Scorer,1941-42,Aldo Boffi,,,Italy,Milan,,,,22,,,,,,
Football,Italy,Serie A,Top Scorer,1942-43,Silvio Piola,,,Italy,Lazio,,,,21,,,,,,
Football,Italy,Serie A,Top Scorer,1945-46,Guglielmo Gabetto,,,Italy,Torino,,,,22,,,,,,
Football,Italy,Serie A,Top Scorer,1946-47,Valentino Mazzola,,,Italy,Torino,,,,29,,,,,,
Football,Italy,Serie A,Top Scorer,1947-48,Giampiero Boniperti,,,Italy,Juventus,,,,27,,,,,,
Football,Italy,Serie A,Top Scorer,1948-49,István Nyers,,,Hungary,Internazionale,,,,26,,,,,,
Football,Italy,Serie A,Top Scorer,1949-50,Gunnar Nordahl,,,Sweden,Milan,,,,35,,,,,,
Football,Italy,Serie A,Top Scorer,1950-51,Gunnar Nordahl,,,Sweden,Milan,,,,34,,,,,,
Football,Italy,Serie A,Top Scorer,1951-52,John Hansen,,,Denmark,Juventus,,,,30,,,,,,
Football,Italy,Serie A,Top Scorer,1952-53,Gunnar Nordahl,,,Sweden,Milan,,,,26,,,,,,
Football,Italy,Serie A,Top Scorer,1953-54,Gunnar Nordahl,,,Sweden,Milan,,,,23,,,,,,
Football,Italy,Serie A,Top Scorer,1954-55,Gunnar Nordahl,,,Sweden,Milan,,,,26,,,,,,
Football,Italy,Serie A,Top Scorer,1955-56,Gino Pivatelli,,,Italy,Bologna,,,,29,,,,,,
Football,Italy,Serie A,Top Scorer,1956-57,Dino da Costa,,,Brazil,Roma,,,,22,,,,,,
Football,Italy,Serie A,Top Scorer,1957-58,John Charles,,,Wales,Juventus,,,,28,,,,,,
Football,Italy,Serie A,Top Scorer,1958-59,Antonio Valentin Angelillo,,,Argentina,Internazionale,,,,33,,,,,,
Football,Italy,Serie A,Top Scorer,1959-60,Omar Sivori,,,Argentina,Juventus,,,,28,,,,,,
Football,Italy,Serie A,Top Scorer,1960-61,Sergio Brighenti,,,Italy,Sampdoria,,,,27,,,,,,
Football,Italy,Serie A,Top Scorer,1961-62,José Altafini,,,Brazil,Milan,,,,22,,,,,,
Football,Italy,Serie A,Top Scorer,1961-62,Aurelio Milani,,,Italy,Fiorentina,,,,22,,,,,,
Football,Italy,Serie A,Top Scorer,1962-63,Harald Nielsen,,,Denmark,Bologna,,,,19,,,,,,
Football,Italy,Serie A,Top Scorer,1962-63,Pedro Manfredini,,,Argentina,Roma,,,,19,,,,,,
Football,Italy,Serie A,Top Scorer,1963-64,Harald Nielsen,,,Denmark,Bologna,,,,21,,,,,,
Football,Italy,Serie A,Top Scorer,1964-65,Sandro Mazzola,,,Italy,Internazionale,,,,17,,,,,,
Football,Italy,Serie A,Top Scorer,1964-65,Alberto Orlando,,,Italy,Fiorentina,,,,17,,,,,,
Football,Italy,Serie A,Top Scorer,1965-66,Luis Vinicio,,,Italy,Vicenza,,,,25,,,,,,
Football,Italy,Serie A,Top Scorer,1966-67,Gigi Riva,,,Italy,Cagliari,,,,18,,,,,,
Football,Italy,Serie A,Top Scorer,1967-68,Pierino Prati,,,Italy,Milan,,,,15,,,,,,
Football,Italy,Serie A,Top Scorer,1968-69,Gigi Riva,,,Italy,Cagliari,,,,21,,,,,,
Football,Italy,Serie A,Top Scorer,1969-70,Gigi Riva,,,Italy,Cagliari,,,,21,,,,,,
Football,Italy,Serie A,Top Scorer,1970-71,Roberto Boninsegna,,,Italy,Internazionale,,,,24,,,,,,
Football,Italy,Serie A,Top Scorer,1971-72,Roberto Boninsegna,,,Italy,Internazionale,,,,22,,,,,,
Football,Italy,Serie A,Top Scorer,1972-73,Giuseppe Savoldi,,,Italy,Bologna,,,,17,,,,,,
Football,Italy,Serie A,Top Scorer,1972-73,Paolino Pulici,,,Italy,Torino,,,,17,,,,,,
Football,Italy,Serie A,Top Scorer,1972-73,Gianni Rivera,,,Italy,Milan,,,,17,,,,,,
Football,Italy,Serie A,Top Scorer,1973-74,Giorgio Chinaglia,,,Italy,Lazio,,,,24,,,,,,
Football,Italy,Serie A,Top Scorer,1974-75,Paolino Pulici,,,Italy,Torino,,,,18,,,,,,
Football,Italy,Serie A,Top Scorer,1975-76,Paolino Pulici,,,Italy,Torino,,,,21,,,,,,
Football,Italy,Serie A,Top Scorer,1976-77,Francesco Graziani,,,Italy,Torino,,,,21,,,,,,
Football,Italy,Serie A,Top Scorer,1977-78,Paolo Rossi,,,Italy,Vicenza,,,,24,,,,,,
Football,Italy,Serie A,Top Scorer,1978-79,Bruno Giordano,,,Italy,Lazio,,,,19,,,,,,
Football,Italy,Serie A,Top Scorer,1979-80,Roberto Bettega,,,Italy,Juventus,,,,16,,,,,,
Football,Italy,Serie A,Top Scorer,1980-81,Roberto Pruzzo,,,Italy,Roma,,,,18,,,,,,
Football,Italy,Serie A,Top Scorer,1981-82,Roberto Pruzzo,,,Italy,Roma,,,,15,,,,,,
Football,Italy,Serie A,Top Scorer,1982-83,Michel Platini,,,"France ",Juventus,,,,16,,,,,,
Football,Italy,Serie A,Top Scorer,1983-84,Michel Platini,,,"France ",Juventus,,,,20,,,,,,
Football,Italy,Serie A,Top Scorer,1984-85,Michel Platini,,,"France ",Juventus,,,,18,,,,,,
Football,Italy,Serie A,Top Scorer,1985-86,Roberto Pruzzo,,,Italy,Roma,,,,19,,,,,,
Football,Italy,Serie A,Top Scorer,1986-87,Pietro Paolo Virdis,,,Italy,Milan,,,,17,,,,,,
Football,Italy,Serie A,Top Scorer,1987-88,Diego Maradona,,,Argentina,Napoli,,,,15,,,,,,
Football,Italy,Serie A,Top Scorer,1988-89,Aldo Serena,,,Italy,Internazionale,,,,22,,,,,,
Football,Italy,Serie A,Top Scorer,1989-90,Marco van Basten,,,Netherlands,Milan,,,,19,,,,,,
Football,Italy,Serie A,Top Scorer,1990-91,Gianluca Vialli,,,Italy,Sampdoria,,,,19,,,,,,
Football,Italy,Serie A,Top Scorer,1991-92,Marco van Basten,,,Netherlands,Milan,,,,25,,,,,,
Football,Italy,Serie A,Top Scorer,1992-93,Giuseppe Signori,,,Italy,Lazio,,,,26,,,,,,
Football,Italy,Serie A,Top Scorer,1993-94,Giuseppe Signori,,,Italy,Lazio,,,,23,,,,,,
Football,Italy,Serie A,Top Scorer,1994-95,Gabriel Batistuta,,,Argentina,Fiorentina,,,,26,,,,,,
Football,Italy,Serie A,Top Scorer,1995-96,Igor Protti,,,Italy,Bari,,,,24,,,,,,
Football,Italy,Serie A,Top Scorer,1995-96,Giuseppe Signori,,,Italy,Lazio,,,,24,,,,,,
Football,Italy,Serie A,Top Scorer,1996-97,Filippo Inzaghi,,,Italy,Atalanta,,,,24,,,,,,
Football,Italy,Serie A,Top Scorer,1997-98,Oliver Bierhoff,,,Germany,Udinese,,,,27,,,,,,
Football,Italy,Serie A,Top Scorer,1998-99,Márcio Amoroso,,,Brazil,Udinese,,,,22,,,,,,
Football,Italy,Serie A,Top Scorer,1999-2000,Andriy Shevchenko,,,Ukraine,Milan,,,,24,,,,,,
Football,Italy,Serie A,Top Scorer,2000-01,Hernán Crespo,,,Argentina,Lazio,,,,26,,,,,,
Football,Italy,Serie A,Top Scorer,2001-02,David Trezeguet,,,France,Juventus,,,,24,,,,,,
Football,Italy,Serie A,Top Scorer,2001-02,Dario Hübner,,,Italy,Piacenza,,,,24,,,,,,
Football,Italy,Serie A,Top Scorer,2002-03,Christian Vieri,,,Italy,Internazionale,,,,24,,,,,,
Football,Italy,Serie A,Top Scorer,2003-04,Andriy Shevchenko,,,Ukraine,Milan,,,,24,,,,,,
Football,Italy,Serie A,Top Scorer,2004-05,Cristiano Lucarelli,,,Italy,Livorno,,,,24,,,,,,
Football,Italy,Serie A,Top Scorer,2005-06,Luca Toni,,,Italy,Fiorentina,,,,31,,,,,,
Football,Italy,Serie A,Top Scorer,2006-07,Francesco Totti,,,Italy,Roma,,,,26,,,,,,
Football,Italy,Serie A,Top Scorer,2007-08,Alessandro Del Piero,,,Italy,Juventus,,,,21,,,,,,
Football,Italy,Serie A,Top Scorer,2008-09,Zlatan Ibrahimović,,,Sweden,Internazionale,,,,25,,,,,,
Football,Italy,Serie A,Top Scorer,2009-10,Antonio Di Natale,,,Italy,Udinese,,,,29,,,,,,
Football,Italy,Serie A,Top Scorer,2010-11,Antonio Di Natale,,,Italy,Udinese,,,,28,,,,,,
Football,Italy,Serie A,Top Scorer,2011-12,Zlatan Ibrahimović,,,Sweden,Milan,,,,28,,,,,,
Football,Italy,Serie A,Top Scorer,2012-13,Edinson Cavani,,,Uruguay,Napoli,,,,29,,,,,,
Football,Italy,Serie A,Top Scorer,2013-14,Ciro Immobile,,,Italy,Torino,,,,22,,,,,,
Football,Italy,Serie A,Top Scorer,2014-15,Mauro Icardi,,,Argentina,Internazionale,,,,22,,,,,,
Football,Italy,Serie A,Top Scorer,2014-15,Luca Toni,,,Italy,Hellas Verona,,,,22,,,,,,
Football,Italy,Serie A,Top Scorer,2015-16,Gonzalo Higuaín,,,Argentina,Napoli,,,,36,,,,,,
Football,Italy,Serie A,Top Scorer,2016-17,Edin Džeko,,,Bosnia and Herzegovina,Roma,,,,29,,,,,,
Football,Italy,Serie A,Top Scorer,2017-18,Mauro Icardi,,,Argentina,Internazionale,,,,29,,,,,,
Football,Italy,Serie A,Top Scorer,2017-18,Ciro Immobile,,,Italy,Lazio,,,,29,,,,,,
Football,Italy,Serie A,Top Scorer,2018-19,Fabio Quagliarella,,,Italy,Sampdoria,,,,26,,,,,,
Football,Italy,Serie A,Top Scorer,2019-20,Ciro Immobile,,,Italy,Lazio,,,,36,,,,,,
Football,Italy,Serie A,Top Scorer,2020-21,Cristiano Ronaldo,,,Portugal,Juventus,,,,29,,,,,,
Football,Italy,Serie A,Top Scorer,2021-22,Ciro Immobile,,,Italy,Lazio,,,,27,,,,,,
Football,Italy,Serie A,Top Scorer,2022-23,Victor Osimhen,,,Nigeria,Napoli,,,,26,,,,,,
Football,England,Premier League,Team of the Year,1992/1993,Peter Schmeichel,,,GK,Manchester United,Denmark,,,,,,,,,
Football,England,Premier League,Team of the Year,1992/1993,David Bardsley,,,RB,Queens Park Rangers,England,,,,,,,,,
Football,England,Premier League,Team of the Year,1992/1993,Paul McGrath,,,CB,Aston Villa,Ireland,,,,,,,,,
Football,England,Premier League,Team of the Year,1992/1993,Gary Pallister,,,CB,Manchester United,England,,,,,,,,,
Football,England,Premier League,Team of the Year,1992/1993,Tony Dorigo,,,LB,Leeds United,England,,,,,,,,,
Football,England,Premier League,Team of the Year,1992/1993,Roy Keane,,,MF,Nottingham Forest,Ireland,,,,,,,,,
Football,England,Premier League,Team of the Year,1992/1993,Gary Speed,,,MF,Leeds United,Wales,,,,,,,,,
Football,England,Premier League,Team of the Year,1992/1993,Paul Ince,,,MF,Manchester United,England,,,,,,,,,
Football,England,Premier League,Team of the Year,1992/1993,Ryan Giggs,,,MF,Manchester United,England,,,,,,,,,
Football,England,Premier League,Team of the Year,1992/1993,Alan Shearer,,,FW,Blackburn Rovers,England,,,,,,,,,
Football,England,Premier League,Team of the Year,1992/1993,Ian Wright,,,FW,Arsenal,England,,,,,,,,,
Football,England,Premier League,Team of the Year,1993/1994,Tim Flowers,,,GK,Blackburn Rovers,England,,,,,,,,,
Football,England,Premier League,Team of the Year,1993/1994,Gary Kelly,,,RB,Leeds United,Ireland,,,,,,,,,
Football,England,Premier League,Team of the Year,1993/1994,Gary Pallister,,,CB,Manchester United,England,,,,,,,,,
Football,England,Premier League,Team of the Year,1993/1994,Tony Adams,,,CB,Arsenal,England,,,,,,,,,
Football,England,Premier League,Team of the Year,1993/1994,Denis Irwin,,,LB,Manchester United,Ireland,,,,,,,,,
Football,England,Premier League,Team of the Year,1993/1994,Paul Ince,,,MF,Manchester United,England,,,,,,,,,
Football,England,Premier League,Team of the Year,1993/1994,Gary McAllister,,,MF,Leeds United,Scotland,,,,,,,,,
Football,England,Premier League,Team of the Year,1993/1994,David Batty,,,MF,Blackburn Rovers,England,,,,,,,,,
Football,England,Premier League,Team of the Year,1993/1994,Alan Shearer,,,FW,Blackburn Rovers,England,,,,,,,,,
Football,England,Premier League,Team of the Year,1993/1994,Eric Cantona,,,FW,Manchester United,France,,,,,,,,,
Football,England,Premier League,Team of the Year,1993/1994,Peter Beardsley,,,FW,Newcastle United,England,,,,,,,,,
Football,England,Premier League,Team of the Year,1994/1995,Tim Flowers,,,GK,Blackburn Rovers,England,,,,,,,,,
Football,England,Premier League,Team of the Year,1994/1995,Rob Jones,,,RB,Liverpool,England,,,,,,,,,
Football,England,Premier League,Team of the Year,1994/1995,Gary Pallister,,,CB,Manchester United,England,,,,,,,,,
Football,England,Premier League,Team of the Year,1994/1995,Colin Hendry,,,CB,Blackburn Rovers,Scotland,,,,,,,,,
Football,England,Premier League,Team of the Year,1994/1995,Graeme Le Saux,,,LB,Blackburn Rovers,England,,,,,,,,,
Football,England,Premier League,Team of the Year,1994/1995,Tim Sherwood,,,MF,Blackburn Rovers,England,,,,,,,,,
Football,England,Premier League,Team of the Year,1994/1995,Matt Le Tissier,,,MF,Southampton,England,,,,,,,,,
Football,England,Premier League,Team of the Year,1994/1995,Paul Ince,,,MF,Manchester United,England,,,,,,,,,
Football,England,Premier League,Team of the Year,1994/1995,Jürgen Klinsmann,,,FW,Tottenham Hotspur,Germany,,,,,,,,,
Football,England,Premier League,Team of the Year,1994/1995,Chris Sutton,,,FW,Blackburn Rovers,England,,,,,,,,,
Football,England,Premier League,Team of the Year,1994/1995,Alan Shearer,,,FW,Blackburn Rovers,England,,,,,,,,,
Football,England,Premier League,Team of the Year,1995/1996,David James,,,GK,Liverpool,England,,,,,,,,,
Football,England,Premier League,Team of the Year,1995/1996,Gary Neville,,,RB,Manchester United,England,,,,,,,,,
Football,England,Premier League,Team of the Year,1995/1996,Tony Adams,,,CB,Arsenal,England,,,,,,,,,
Football,England,Premier League,Team of the Year,1995/1996,Ugo Ehiogu,,,CB,Aston Villa,England,,,,,,,,,
Football,England,Premier League,Team of the Year,1995/1996,Alan Wright,,,LB,Aston Villa,England,,,,,,,,,
Football,England,Premier League,Team of the Year,1995/1996,Steve Stone,,,MF,Nottingham Forest,England,,,,,,,,,
Football,England,Premier League,Team of the Year,1995/1996,Rob Lee,,,MF,Newcastle United,England,,,,,,,,,
Football,England,Premier League,Team of the Year,1995/1996,Ruud Gullit,,,MF,Chelsea,Netherlands,,,,,,,,,
Football,England,Premier League,Team of the Year,1995/1996,David Ginola,,,MF,Newcastle United,France,,,,,,,,,
Football,England,Premier League,Team of the Year,1995/1996,Les Ferdinand,,,FW,Newcastle United,England,,,,,,,,,
Football,England,Premier League,Team of the Year,1995/1996,Alan Shearer,,,FW,Blackburn Rovers,England,,,,,,,,,
Football,England,Premier League,Team of the Year,1996/1997,David Seaman,,,GK,Arsenal,England,,,,,,,,,
Football,England,Premier League,Team of the Year,1996/1997,Gary Neville,,,RB,Manchester United,England,,,,,,,,,
Football,England,Premier League,Team of the Year,1996/1997,Tony Adams,,,CB,Arsenal,England,,,,,,,,,
Football,England,Premier League,Team of the Year,1996/1997,Mark Wright,,,CB,Liverpool,England,,,,,,,,,
Football,England,Premier League,Team of the Year,1996/1997,Stig Inge Bjørnebye,,,LB,Liverpool,Norway,,,,,,,,,
Football,England,Premier League,Team of the Year,1996/1997,David Beckham,,,MF,Manchester United,England,,,,,,,,,
Football,England,Premier League,Team of the Year,1996/1997,Roy Keane,,,MF,Manchester United,Ireland,,,,,,,,,
Football,England,Premier League,Team of the Year,1996/1997,David Batty,,,MF,Newcastle United,England,,,,,,,,,
Football,England,Premier League,Team of the Year,1996/1997,Steve McManaman,,,MF,Liverpool,England,,,,,,,,,
Football,England,Premier League,Team of the Year,1996/1997,Alan Shearer,,,FW,Newcastle United,England,,,,,,,,,
Football,England,Premier League,Team of the Year,1996/1997,Ian Wright,,,FW,Arsenal,England,,,,,,,,,
Football,England,Premier League,Team of the Year,1997/1998,Nigel Martyn,,,GK,Leeds United,England,,,,,,,,,
Football,England,Premier League,Team of the Year,1997/1998,Gary Neville,,,RB,Manchester United,England,,,,,,,,,
Football,England,Premier League,Team of the Year,1997/1998,Gary Pallister,,,CB,Manchester United,England,,,,,,,,,
Football,England,Premier League,Team of the Year,1997/1998,Colin Hendry,,,CB,Blackburn Rovers,Scotland,,,,,,,,,
Football,England,Premier League,Team of the Year,1997/1998,Graeme Le Saux,,,LB,Chelsea,England,,,,,,,,,
Football,England,Premier League,Team of the Year,1997/1998,David Beckham,,,MF,Manchester United,England,,,,,,,,,
Football,England,Premier League,Team of the Year,1997/1998,Nicky Butt,,,MF,Manchester United,England,,,,,,,,,
Football,England,Premier League,Team of the Year,1997/1998,David Batty,,,MF,Newcastle United,England,,,,,,,,,
Football,England,Premier League,Team of the Year,1997/1998,Ryan Giggs,,,MF,Manchester United,England,,,,,,,,,
Football,England,Premier League,Team of the Year,1997/1998,Michael Owen,,,FW,Liverpool,England,,,,,,,,,
Football,England,Premier League,Team of the Year,1997/1998,Dennis Bergkamp,,,FW,Arsenal,Netherlands,,,,,,,,,
Football,England,Premier League,Team of the Year,1998/1999,Nigel Martyn,,,GK,Leeds United,England,,,,,,,,,
Football,England,Premier League,Team of the Year,1998/1999,Gary Neville,,,RB,Manchester United,England,,,,,,,,,
Football,England,Premier League,Team of the Year,1998/1999,Sol Campbell,,,CB,Tottenham Hotspur,England,,,,,,,,,
Football,England,Premier League,Team of the Year,1998/1999,Jaap Stam,,,CB,Manchester United,Netherlands,,,,,,,,,
Football,England,Premier League,Team of the Year,1998/1999,Denis Irwin,,,LB,Manchester United,Ireland,,,,,,,,,
Football,England,Premier League,Team of the Year,1998/1999,David Beckham,,,MF,Manchester United,England,,,,,,,,,
Football,England,Premier League,Team of the Year,1998/1999,Emmanuel Petit,,,MF,Arsenal,France,,,,,,,,,
Football,England,Premier League,Team of the Year,1998/1999,Patrick Vieira,,,MF,Arsenal,France,,,,,,,,,
Football,England,Premier League,Team of the Year,1998/1999,David Ginola,,,MF,Tottenham Hotspur,France,,,,,,,,,
Football,England,Premier League,Team of the Year,1998/1999,Dwight Yorke,,,FW,Manchester United,Trinidad and Tobago,,,,,,,,,
Football,England,Premier League,Team of the Year,1998/1999,Nicolas Anelka,,,FW,Arsenal,France,,,,,,,,,
Football,England,Premier League,Team of the Year,1999/2000,Nigel Martyn,,,GK,Leeds United,England,,,,,,,,,
Football,England,Premier League,Team of the Year,1999/2000,Gary Kelly,,,RB,Leeds United,Ireland,,,,,,,,,
Football,England,Premier League,Team of the Year,1999/2000,Jaap Stam,,,CB,Manchester United,Netherlands,,,,,,,,,
Football,England,Premier League,Team of the Year,1999/2000,Sami Hyypiä,,,CB,Liverpool,Finland,,,,,,,,,
Football,England,Premier League,Team of the Year,1999/2000,Ian Harte,,,LB,Leeds United,Ireland,,,,,,,,,
Football,England,Premier League,Team of the Year,1999/2000,David Beckham,,,MF,Manchester United,England,,,,,,,,,
Football,England,Premier League,Team of the Year,1999/2000,Roy Keane,,,MF,Manchester United,Ireland,,,,,,,,,
Football,England,Premier League,Team of the Year,1999/2000,Patrick Vieira,,,MF,Arsenal,France,,,,,,,,,
Football,England,Premier League,Team of the Year,1999/2000,Harry Kewell,,,MF,Leeds United,Australia,,,,,,,,,
Football,England,Premier League,Team of the Year,1999/2000,Andy Cole,,,FW,Manchester United,England,,,,,,,,,
Football,England,Premier League,Team of the Year,1999/2000,Kevin Phillips,,,FW,Sunderland,England,,,,,,,,,
Football,England,Premier League,Team of the Year,2000/2001,Fabien Barthez,,,GK,Manchester United,France,,,,,,,,,
Football,England,Premier League,Team of the Year,2000/2001,Stephen Carr,,,RB,Tottenham Hotspur,Ireland,,,,,,,,,
Football,England,Premier League,Team of the Year,2000/2001,Jaap Stam,,,CB,Manchester United,Netherlands,,,,,,,,,
Football,England,Premier League,Team of the Year,2000/2001,Wes Brown,,,CB,Manchester United,England,,,,,,,,,
Football,England,Premier League,Team of the Year,2000/2001,Sylvinho,,,LB,Arsenal,Brazil,,,,,,,,,
Football,England,Premier League,Team of the Year,2000/2001,Steven Gerrard,,,MF,Liverpool,England,,,,,,,,,
Football,England,Premier League,Team of the Year,2000/2001,Roy Keane,,,MF,Manchester United,Ireland,,,,,,,,,
Football,England,Premier League,Team of the Year,2000/2001,Patrick Vieira,,,MF,Arsenal,France,,,,,,,,,
Football,England,Premier League,Team of the Year,2000/2001,Ryan Giggs,,,MF,Manchester United,England,,,,,,,,,
Football,England,Premier League,Team of the Year,2000/2001,Teddy Sheringham,,,FW,Manchester United,England,,,,,,,,,
Football,England,Premier League,Team of the Year,2000/2001,Thierry Henry,,,FW,Arsenal,France,,,,,,,,,
Football,England,Premier League,Team of the Year,2001/2002,Shay Given,,,GK,Newcastle United,Ireland,,,,,,,,,
Football,England,Premier League,Team of the Year,2001/2002,Steve Finnan,,,RB,Fulham,Ireland,,,,,,,,,
Football,England,Premier League,Team of the Year,2001/2002,Rio Ferdinand,,,CB,Leeds United,England,,,,,,,,,
Football,England,Premier League,Team of the Year,2001/2002,Sami Hyypiä,,,CB,Liverpool,Finland,,,,,,,,,
Football,England,Premier League,Team of the Year,2001/2002,Wayne Bridge,,,LB,Southampton,England,,,,,,,,,
Football,England,Premier League,Team of the Year,2001/2002,Robert Pires,,,MF,Arsenal,France,,,,,,,,,
Football,England,Premier League,Team of the Year,2001/2002,Roy Keane,,,MF,Manchester United,Ireland,,,,,,,,,
Football,England,Premier League,Team of the Year,2001/2002,Patrick Vieira,,,MF,Arsenal,France,,,,,,,,,
Football,England,Premier League,Team of the Year,2001/2002,Ryan Giggs,,,MF,Manchester United,England,,,,,,,,,
Football,England,Premier League,Team of the Year,2001/2002,Ruud van Nistelrooy,,,FW,Manchester United,Netherlands,,,,,,,,,
Football,England,Premier League,Team of the Year,2001/2002,Thierry Henry,,,FW,Arsenal,France,,,,,,,,,
Football,England,Premier League,Team of the Year,2002/2003,Brad Friedel,,,GK,Blackburn Rovers,United States,,,,,,,,,
Football,England,Premier League,Team of the Year,2002/2003,Stephen Carr,,,RB,Tottenham Hotspur,Ireland,,,,,,,,,
Football,England,Premier League,Team of the Year,2002/2003,Sol Campbell,,,CB,Arsenal,England,,,,,,,,,
Football,England,Premier League,Team of the Year,2002/2003,William Gallas,,,CB,Chelsea,France,,,,,,,,,
Football,England,Premier League,Team of the Year,2002/2003,Ashley Cole,,,LB,Arsenal,England,,,,,,,,,
Football,England,Premier League,Team of the Year,2002/2003,Robert Pires,,,MF,Arsenal,France,,,,,,,,,
Football,England,Premier League,Team of the Year,2002/2003,Patrick Vieira,,,MF,Arsenal,France,,,,,,,,,
Football,England,Premier League,Team of the Year,2002/2003,Paul Scholes,,,MF,Manchester United,England,,,,,,,,,
Football,England,Premier League,Team of the Year,2002/2003,Kieron Dyer,,,MF,Newcastle United,England,,,,,,,,,
Football,England,Premier League,Team of the Year,2002/2003,Thierry Henry,,,FW,Arsenal,France,,,,,,,,,
Football,England,Premier League,Team of the Year,2002/2003,Alan Shearer,,,FW,Newcastle United,England,,,,,,,,,
Football,England,Premier League,Team of the Year,2003/2004,Tim Howard,,,GK,Manchester United,United States,,,,,,,,,
Football,England,Premier League,Team of the Year,2003/2004,Lauren,,,RB,Arsenal,Cameroon,,,,,,,,,
Football,England,Premier League,Team of the Year,2003/2004,Sol Campbell,,,CB,Arsenal,England,,,,,,,,,
Football,England,Premier League,Team of the Year,2003/2004,John Terry,,,CB,Chelsea,England,,,,,,,,,
Football,England,Premier League,Team of the Year,2003/2004,Ashley Cole,,,LB,Arsenal,England,,,,,,,,,
Football,England,Premier League,Team of the Year,2003/2004,Steven Gerrard,,,MF,Liverpool,England,,,,,,,,,
Football,England,Premier League,Team of the Year,2003/2004,Frank Lampard,,,MF,Chelsea,England,,,,,,,,,
Football,England,Premier League,Team of the Year,2003/2004,Patrick Vieira,,,MF,Arsenal,France,,,,,,,,,
Football,England,Premier League,Team of the Year,2003/2004,Robert Pires,,,MF,Arsenal,France,,,,,,,,,
Football,England,Premier League,Team of the Year,2003/2004,Thierry Henry,,,FW,Arsenal,France,,,,,,,,,
Football,England,Premier League,Team of the Year,2003/2004,Ruud van Nistelrooy,,,FW,Manchester United,Netherlands,,,,,,,,,
Football,England,Premier League,Team of the Year,2004/2005,Petr Čech,,,GK,Chelsea,Czech Republic,,,,,,,,,
Football,England,Premier League,Team of the Year,2004/2005,Gary Neville,,,RB,Manchester United,England,,,,,,,,,
Football,England,Premier League,Team of the Year,2004/2005,John Terry,,,CB,Chelsea,England,,,,,,,,,
Football,England,Premier League,Team of the Year,2004/2005,Rio Ferdinand,,,CB,Manchester United,England,,,,,,,,,
Football,England,Premier League,Team of the Year,2004/2005,Ashley Cole,,,LB,Arsenal,England,,,,,,,,,
Football,England,Premier League,Team of the Year,2004/2005,Shaun Wright-Phillips,,,MF,Manchester City,England,,,,,,,,,
Football,England,Premier League,Team of the Year,2004/2005,Steven Gerrard,,,MF,Liverpool,England,,,,,,,,,
Football,England,Premier League,Team of the Year,2004/2005,Frank Lampard,,,MF,Chelsea,England,,,,,,,,,
Football,England,Premier League,Team of the Year,2004/2005,Arjen Robben,,,MF,Chelsea,Netherlands,,,,,,,,,
Football,England,Premier League,Team of the Year,2004/2005,Andrew Johnson,,,FW,Crystal Palace,England,,,,,,,,,
Football,England,Premier League,Team of the Year,2004/2005,Thierry Henry,,,FW,Arsenal,France,,,,,,,,,
Football,England,Premier League,Team of the Year,2005/2006,Shay Given,,,GK,Newcastle United,Ireland,,,,,,,,,
Football,England,Premier League,Team of the Year,2005/2006,Pascal Chimbonda,,,RB,Wigan Athletic,France,,,,,,,,,
Football,England,Premier League,Team of the Year,2005/2006,John Terry,,,CB,Chelsea,England,,,,,,,,,
Football,England,Premier League,Team of the Year,2005/2006,Jamie Carragher,,,CB,Liverpool,England,,,,,,,,,
Football,England,Premier League,Team of the Year,2005/2006,William Gallas,,,LB,Chelsea,France,,,,,,,,,
Football,England,Premier League,Team of the Year,2005/2006,Cristiano Ronaldo,,,MF,Manchester United,Portugal,,,,,,,,,
Football,England,Premier League,Team of the Year,2005/2006,Steven Gerrard,,,MF,Liverpool,England,,,,,,,,,
Football,England,Premier League,Team of the Year,2005/2006,Frank Lampard,,,MF,Chelsea,England,,,,,,,,,
Football,England,Premier League,Team of the Year,2005/2006,Joe Cole,,,MF,Chelsea,England,,,,,,,,,
Football,England,Premier League,Team of the Year,2005/2006,Thierry Henry,,,FW,Arsenal,France,,,,,,,,,
Football,England,Premier League,Team of the Year,2005/2006,Wayne Rooney,,,FW,Manchester United,England,,,,,,,,,
Football,England,Premier League,Team of the Year,2006/2007,Edwin van der Sar,,,GK,Manchester United,Netherlands,,,,,,,,,
Football,England,Premier League,Team of the Year,2006/2007,Gary Neville,,,RB,Manchester United,England,,,,,,,,,
Football,England,Premier League,Team of the Year,2006/2007,Rio Ferdinand,,,CB,Manchester United,England,,,,,,,,,
Football,England,Premier League,Team of the Year,2006/2007,Nemanja Vidić,,,CB,Manchester United,Serbia,,,,,,,,,
Football,England,Premier League,Team of the Year,2006/2007,Patrice Evra,,,LB,Manchester United,France,,,,,,,,,
Football,England,Premier League,Team of the Year,2006/2007,Cristiano Ronaldo,,,MF,Manchester United,Portugal,,,,,,,,,
Football,England,Premier League,Team of the Year,2006/2007,Steven Gerrard,,,MF,Liverpool,England,,,,,,,,,
Football,England,Premier League,Team of the Year,2006/2007,Paul Scholes,,,MF,Manchester United,England,,,,,,,,,
Football,England,Premier League,Team of the Year,2006/2007,Ryan Giggs,,,MF,Manchester United,England,,,,,,,,,
Football,England,Premier League,Team of the Year,2006/2007,Didier Drogba,,,FW,Chelsea,Ivory Coast,,,,,,,,,
Football,England,Premier League,Team of the Year,2006/2007,Dimitar Berbatov,,,FW,Tottenham Hotspur,Bulgaria,,,,,,,,,
Football,England,Premier League,Team of the Year,2007/2008,David James,,,GK,Portsmouth,England,,,,,,,,,
Football,England,Premier League,Team of the Year,2007/2008,Bacary Sagna,,,RB,Arsenal,France,,,,,,,,,
Football,England,Premier League,Team of the Year,2007/2008,Rio Ferdinand,,,CB,Manchester United,England,,,,,,,,,
Football,England,Premier League,Team of the Year,2007/2008,Nemanja Vidić,,,CB,Manchester United,Serbia,,,,,,,,,
Football,England,Premier League,Team of the Year,2007/2008,Gaël Clichy,,,LB,Arsenal,France,,,,,,,,,
Football,England,Premier League,Team of the Year,2007/2008,Cristiano Ronaldo,,,MF,Manchester United,Portugal,,,,,,,,,
Football,England,Premier League,Team of the Year,2007/2008,Steven Gerrard,,,MF,Liverpool,England,,,,,,,,,
Football,England,Premier League,Team of the Year,2007/2008,Cesc Fàbregas,,,MF,Arsenal,Spain,,,,,,,,,
Football,England,Premier League,Team of the Year,2007/2008,Ashley Young,,,MF,Aston Villa,England,,,,,,,,,
Football,England,Premier League,Team of the Year,2007/2008,Emmanuel Adebayor,,,FW,Arsenal,Togo,,,,,,,,,
Football,England,Premier League,Team of the Year,2007/2008,Fernando Torres,,,FW,Liverpool,Spain,,,,,,,,,
Football,England,Premier League,Team of the Year,2008/2009,Edwin van der Sar,,,GK,Manchester United,Netherlands,,,,,,,,,
Football,England,Premier League,Team of the Year,2008/2009,Glen Johnson,,,RB,Portsmouth,England,,,,,,,,,
Football,England,Premier League,Team of the Year,2008/2009,Rio Ferdinand,,,CB,Manchester United,England,,,,,,,,,
Football,England,Premier League,Team of the Year,2008/2009,Nemanja Vidić,,,CB,Manchester United,Serbia,,,,,,,,,
Football,England,Premier League,Team of the Year,2008/2009,Patrice Evra,,,LB,Manchester United,France,,,,,,,,,
Football,England,Premier League,Team of the Year,2008/2009,Cristiano Ronaldo,,,MF,Manchester United,Portugal,,,,,,,,,
Football,England,Premier League,Team of the Year,2008/2009,Steven Gerrard,,,MF,Liverpool,England,,,,,,,,,
Football,England,Premier League,Team of the Year,2008/2009,Ryan Giggs,,,MF,Manchester United,England,,,,,,,,,
Football,England,Premier League,Team of the Year,2008/2009,Ashley Young,,,MF,Aston Villa,England,,,,,,,,,
Football,England,Premier League,Team of the Year,2008/2009,Nicolas Anelka,,,FW,Chelsea,France,,,,,,,,,
Football,England,Premier League,Team of the Year,2008/2009,Fernando Torres,,,FW,Liverpool,Spain,,,,,,,,,
Football,England,Premier League,Team of the Year,2009/2010,Joe Hart,,,GK,Birmingham City,England,,,,,,,,,
Football,England,Premier League,Team of the Year,2009/2010,Branislav Ivanović,,,RB,Chelsea,Serbia,,,,,,,,,
Football,England,Premier League,Team of the Year,2009/2010,Thomas Vermaelen,,,CB,Arsenal,Belgium,,,,,,,,,
Football,England,Premier League,Team of the Year,2009/2010,Richard Dunne,,,CB,Aston Villa,Ireland,,,,,,,,,
Football,England,Premier League,Team of the Year,2009/2010,Patrice Evra,,,LB,Manchester United,France,,,,,,,,,
Football,England,Premier League,Team of the Year,2009/2010,Antonio Valencia,,,MF,Manchester United,Ecuador,,,,,,,,,
Football,England,Premier League,Team of the Year,2009/2010,Cesc Fàbregas,,,MF,Arsenal,Spain,,,,,,,,,
Football,England,Premier League,Team of the Year,2009/2010,Darren Fletcher,,,MF,Manchester United,Scotland,,,,,,,,,
Football,England,Premier League,Team of the Year,2009/2010,James Milner,,,MF,Aston Villa,England,,,,,,,,,
Football,England,Premier League,Team of the Year,2009/2010,Wayne Rooney,,,FW,Manchester United,England,,,,,,,,,
Football,England,Premier League,Team of the Year,2009/2010,Didier Drogba,,,FW,Chelsea,Ivory Coast,,,,,,,,,
Football,England,Premier League,Team of the Year,2010/2011,Edwin van der Sar,,,GK,Manchester United,Netherlands,,,,,,,,,
Football,England,Premier League,Team of the Year,2010/2011,Bacary Sagna,,,RB,Arsenal,France,,,,,,,,,
Football,England,Premier League,Team of the Year,2010/2011,Nemanja Vidić,,,CB,Manchester United,Serbia,,,,,,,,,
Football,England,Premier League,Team of the Year,2010/2011,Vincent Kompany,,,CB,Manchester City,Belgium,,,,,,,,,
Football,England,Premier League,Team of the Year,2010/2011,Ashley Cole,,,LB,Chelsea,England,,,,,,,,,
Football,England,Premier League,Team of the Year,2010/2011,Nani,,,MF,Manchester United,Portugal,,,,,,,,,
Football,England,Premier League,Team of the Year,2010/2011,Samir Nasri,,,MF,Arsenal,France,,,,,,,,,
Football,England,Premier League,Team of the Year,2010/2011,Jack Wilshere,,,MF,Arsenal,England,,,,,,,,,
Football,England,Premier League,Team of the Year,2010/2011,Gareth Bale,,,MF,Tottenham Hotspur,Wales,,,,,,,,,
Football,England,Premier League,Team of the Year,2010/2011,Carlos Tevez,,,FW,Manchester City,Argentina,,,,,,,,,
Football,England,Premier League,Team of the Year,2010/2011,Dimitar Berbatov,,,FW,Manchester United,Bulgaria,,,,,,,,,
Football,England,Premier League,Team of the Year,2011/2012,Joe Hart,,,GK,Manchester City,England,,,,,,,,,
Football,England,Premier League,Team of the Year,2011/2012,Kyle Walker,,,RB,Tottenham Hotspur,England,,,,,,,,,
Football,England,Premier League,Team of the Year,2011/2012,Vincent Kompany,,,CB,Manchester City,Belgium,,,,,,,,,
Football,England,Premier League,Team of the Year,2011/2012,Fabricio Coloccini,,,CB,Newcastle United,Argentina,,,,,,,,,
Football,England,Premier League,Team of the Year,2011/2012,Leighton Baines,,,LB,Everton,England,,,,,,,,,
Football,England,Premier League,Team of the Year,2011/2012,David Silva,,,MF,Manchester City,Spain,,,,,,,,,
Football,England,Premier League,Team of the Year,2011/2012,Yaya Touré,,,MF,Manchester City,Ivory Coast,,,,,,,,,
Football,England,Premier League,Team of the Year,2011/2012,Scott Parker,,,MF,Tottenham Hotspur,England,,,,,,,,,
Football,England,Premier League,Team of the Year,2011/2012,Gareth Bale,,,MF,Tottenham Hotspur,Wales,,,,,,,,,
Football,England,Premier League,Team of the Year,2011/2012,Robin van Persie,,,FW,Arsenal,Netherlands,,,,,,,,,
Football,England,Premier League,Team of the Year,2011/2012,Wayne Rooney,,,FW,Manchester United,England,,,,,,,,,
Football,England,Premier League,Team of the Year,2012/2013,David de Gea,,,GK,Manchester United,Spain,,,,,,,,,
Football,England,Premier League,Team of the Year,2012/2013,Pablo Zabaleta,,,RB,Manchester City,Argentina,,,,,,,,,
Football,England,Premier League,Team of the Year,2012/2013,Jan Vertonghen,,,CB,Tottenham Hotspur,Belgium,,,,,,,,,
Football,England,Premier League,Team of the Year,2012/2013,Rio Ferdinand,,,CB,Manchester United,England,,,,,,,,,
Football,England,Premier League,Team of the Year,2012/2013,Leighton Baines,,,LB,Everton,England,,,,,,,,,
Football,England,Premier League,Team of the Year,2012/2013,Gareth Bale,,,MF,Tottenham Hotspur,Wales,,,,,,,,,
Football,England,Premier League,Team of the Year,2012/2013,Juan Mata,,,MF,Chelsea,Spain,,,,,,,,,
Football,England,Premier League,Team of the Year,2012/2013,Michael Carrick,,,MF,Manchester United,England,,,,,,,,,
Football,England,Premier League,Team of the Year,2012/2013,Eden Hazard,,,MF,Chelsea,Belgium,,,,,,,,,
Football,England,Premier League,Team of the Year,2012/2013,Robin van Persie,,,FW,Manchester United,Netherlands,,,,,,,,,
Football,England,Premier League,Team of the Year,2012/2013,Luis Suárez,,,FW,Liverpool,Uruguay,,,,,,,,,
Football,England,Premier League,Team of the Year,2013/2014,Petr Čech,,,GK,Chelsea,Czech Republic,,,,,,,,,
Football,England,Premier League,Team of the Year,2013/2014,Séamus Coleman,,,RB,Everton,Ireland,,,,,,,,,
Football,England,Premier League,Team of the Year,2013/2014,Gary Cahill,,,CB,Chelsea,England,,,,,,,,,
Football,England,Premier League,Team of the Year,2013/2014,Vincent Kompany,,,CB,Manchester City,Belgium,,,,,,,,,
Football,England,Premier League,Team of the Year,2013/2014,Luke Shaw,,,LB,Southampton,England,,,,,,,,,
Football,England,Premier League,Team of the Year,2013/2014,Adam Lallana,,,MF,Southampton,England,,,,,,,,,
Football,England,Premier League,Team of the Year,2013/2014,Steven Gerrard,,,MF,Liverpool,England,,,,,,,,,
Football,England,Premier League,Team of the Year,2013/2014,Yaya Touré,,,MF,Manchester City,Ivory Coast,,,,,,,,,
Football,England,Premier League,Team of the Year,2013/2014,Eden Hazard,,,MF,Chelsea,Belgium,,,,,,,,,
Football,England,Premier League,Team of the Year,2013/2014,Daniel Sturridge,,,FW,Liverpool,England,,,,,,,,,
Football,England,Premier League,Team of the Year,2013/2014,Luis Suárez,,,FW,Liverpool,Uruguay,,,,,,,,,
Football,England,Premier League,Team of the Year,2014/2015,David de Gea,,,GK,Manchester United,Spain,,,,,,,,,
Football,England,Premier League,Team of the Year,2014/2015,Branislav Ivanović,,,RB,Chelsea,Serbia,,,,,,,,,
Football,England,Premier League,Team of the Year,2014/2015,John Terry,,,CB,Chelsea,England,,,,,,,,,
Football,England,Premier League,Team of the Year,2014/2015,Gary Cahill,,,CB,Chelsea,England,,,,,,,,,
Football,England,Premier League,Team of the Year,2014/2015,Ryan Bertrand,,,LB,Southampton,England,,,,,,,,,
Football,England,Premier League,Team of the Year,2014/2015,Alexis Sánchez,,,MF,Arsenal,Chile,,,,,,,,,
Football,England,Premier League,Team of the Year,2014/2015,Nemanja Matić,,,MF,Chelsea,Serbia,,,,,,,,,
Football,England,Premier League,Team of the Year,2014/2015,Philippe Coutinho,,,MF,Liverpool,Brazil,,,,,,,,,
Football,England,Premier League,Team of the Year,2014/2015,Eden Hazard,,,MF,Chelsea,Belgium,,,,,,,,,
Football,England,Premier League,Team of the Year,2014/2015,Diego Costa,,,FW,Chelsea,Spain,,,,,,,,,
Football,England,Premier League,Team of the Year,2014/2015,Harry Kane,,,FW,Tottenham Hotspur,England,,,,,,,,,
Football,England,Premier League,Team of the Year,2015/2016,David de Gea,,,GK,Manchester United,Spain,,,,,,,,,
Football,England,Premier League,Team of the Year,2015/2016,Héctor Bellerín,,,RB,Arsenal,Spain,,,,,,,,,
Football,England,Premier League,Team of the Year,2015/2016,Toby Alderweireld,,,CB,Tottenham Hotspur,Belgium,,,,,,,,,
Football,England,Premier League,Team of the Year,2015/2016,Wes Morgan,,,CB,Leicester City,Jamaica,,,,,,,,,
Football,England,Premier League,Team of the Year,2015/2016,Danny Rose,,,LB,Tottenham Hotspur,England,,,,,,,,,
Football,England,Premier League,Team of the Year,2015/2016,Riyad Mahrez,,,MF,Leicester City,Algeria,,,,,,,,,
Football,England,Premier League,Team of the Year,2015/2016,Dele Alli,,,MF,Tottenham Hotspur,England,,,,,,,,,
Football,England,Premier League,Team of the Year,2015/2016,N'Golo Kanté,,,MF,Leicester City,France,,,,,,,,,
Football,England,Premier League,Team of the Year,2015/2016,Dimitri Payet,,,MF,West Ham United,France,,,,,,,,,
Football,England,Premier League,Team of the Year,2015/2016,Jamie Vardy,,,FW,Leicester City,England,,,,,,,,,
Football,England,Premier League,Team of the Year,2015/2016,Harry Kane,,,FW,Tottenham Hotspur,England,,,,,,,,,
Football,England,Premier League,Team of the Year,2016/2017,David de Gea,,,GK,Manchester United,Spain,,,,,,,,,
Football,England,Premier League,Team of the Year,2016/2017,Kyle Walker,,,RB,Tottenham Hotspur,England,,,,,,,,,
Football,England,Premier League,Team of the Year,2016/2017,Gary Cahill,,,CB,Chelsea,England,,,,,,,,,
Football,England,Premier League,Team of the Year,2016/2017,David Luiz,,,CB,Chelsea,Brazil,,,,,,,,,
Football,England,Premier League,Team of the Year,2016/2017,Danny Rose,,,LB,Tottenham Hotspur,England,,,,,,,,,
Football,England,Premier League,Team of the Year,2016/2017,Eden Hazard,,,MF,Chelsea,Belgium,,,,,,,,,
Football,England,Premier League,Team of the Year,2016/2017,Dele Alli,,,MF,Tottenham Hotspur,England,,,,,,,,,
Football,England,Premier League,Team of the Year,2016/2017,N'Golo Kanté,,,MF,Chelsea,France,,,,,,,,,
Football,England,Premier League,Team of the Year,2016/2017,Sadio Mané,,,MF,Liverpool,Senegal,,,,,,,,,
Football,England,Premier League,Team of the Year,2016/2017,Harry Kane,,,FW,Tottenham Hotspur,England,,,,,,,,,
Football,England,Premier League,Team of the Year,2016/2017,Romelu Lukaku,,,FW,Everton,Belgium,,,,,,,,,
Football,England,Premier League,Team of the Year,2017/2018,David de Gea,,,GK,Manchester United,Spain,,,,,,,,,
Football,England,Premier League,Team of the Year,2017/2018,Kyle Walker,,,RB,Manchester City,England,,,,,,,,,
Football,England,Premier League,Team of the Year,2017/2018,Nicolás Otamendi,,,CB,Manchester City,Argentina,,,,,,,,,
Football,England,Premier League,Team of the Year,2017/2018,Jan Vertonghen,,,CB,Tottenham Hotspur,Belgium,,,,,,,,,
Football,England,Premier League,Team of the Year,2017/2018,Marcos Alonso,,,LB,Chelsea,Spain,,,,,,,,,
Football,England,Premier League,Team of the Year,2017/2018,David Silva,,,MF,Manchester City,Spain,,,,,,,,,
Football,England,Premier League,Team of the Year,2017/2018,Christian Eriksen,,,MF,Tottenham Hotspur,Denmark,,,,,,,,,
Football,England,Premier League,Team of the Year,2017/2018,Kevin De Bruyne,,,MF,Manchester City,Belgium,,,,,,,,,
Football,England,Premier League,Team of the Year,2017/2018,Mohamed Salah,,,FW,Liverpool,Egypt,,,,,,,,,
Football,England,Premier League,Team of the Year,2017/2018,Harry Kane,,,FW,Tottenham Hotspur,England,,,,,,,,,
Football,England,Premier League,Team of the Year,2017/2018,Sergio Agüero,,,FW,Manchester City,Argentina,,,,,,,,,
Football,England,Premier League,Team of the Year,2018/2019,Ederson,,,GK,Manchester City,Brazil,,,,,,,,,
Football,England,Premier League,Team of the Year,2018/2019,Trent Alexander-Arnold,,,RB,Liverpool,England,,,,,,,,,
Football,England,Premier League,Team of the Year,2018/2019,Virgil van Dijk,,,CB,Liverpool,Netherlands,,,,,,,,,
Football,England,Premier League,Team of the Year,2018/2019,Aymeric Laporte,,,CB,Manchester City,Spain,,,,,,,,,
Football,England,Premier League,Team of the Year,2018/2019,Andrew Robertson,,,LB,Liverpool,Scotland,,,,,,,,,
Football,England,Premier League,Team of the Year,2018/2019,Bernardo Silva,,,MF,Manchester City,Portugal,,,,,,,,,
Football,England,Premier League,Team of the Year,2018/2019,Fernandinho,,,MF,Manchester City,Brazil,,,,,,,,,
Football,England,Premier League,Team of the Year,2018/2019,Paul Pogba,,,MF,Manchester United,France,,,,,,,,,
Football,England,Premier League,Team of the Year,2018/2019,Raheem Sterling,,,FW,Manchester City,England,,,,,,,,,
Football,England,Premier League,Team of the Year,2018/2019,Sergio Agüero,,,FW,Manchester City,Argentina,,,,,,,,,
Football,England,Premier League,Team of the Year,2018/2019,Sadio Mané,,,FW,Liverpool,Senegal,,,,,,,,,
Football,England,Premier League,Team of the Year,2019/2020,Nick Pope,,,GK,Burnley,England,,,,,,,,,
Football,England,Premier League,Team of the Year,2019/2020,Trent Alexander-Arnold,,,RB,Liverpool,England,,,,,,,,,
Football,England,Premier League,Team of the Year,2019/2020,Virgil van Dijk,,,CB,Liverpool,Netherlands,,,,,,,,,
Football,England,Premier League,Team of the Year,2019/2020,Çağlar Söyüncü,,,CB,Leicester City,Turkey,,,,,,,,,
Football,England,Premier League,Team of the Year,2019/2020,Andrew Robertson,,,LB,Liverpool,Scotland,,,,,,,,,
Football,England,Premier League,Team of the Year,2019/2020,Kevin De Bruyne,,,MF,Manchester City,Belgium,,,,,,,,,
Football,England,Premier League,Team of the Year,2019/2020,David Silva,,,MF,Manchester City,Spain,,,,,,,,,
Football,England,Premier League,Team of the Year,2019/2020,Jordan Henderson,,,MF,Liverpool,England,,,,,,,,,
Football,England,Premier League,Team of the Year,2019/2020,Jamie Vardy,,,FW,Leicester City,England,,,,,,,,,
Football,England,Premier League,Team of the Year,2019/2020,Pierre-Emerick Aubameyang,,,FW,Arsenal,Gabon,,,,,,,,,
Football,England,Premier League,Team of the Year,2019/2020,Sadio Mané,,,FW,Liverpool,Senegal,,,,,,,,,
Football,England,Premier League,Team of the Year,2020/2021,Ederson,,,GK,Manchester City,Brazil,,,,,,,,,
Football,England,Premier League,Team of the Year,2020/2021,João Cancelo,,,RB,Manchester City,Portugal,,,,,,,,,
Football,England,Premier League,Team of the Year,2020/2021,John Stones,,,CB,Manchester City,England,,,,,,,,,
Football,England,Premier League,Team of the Year,2020/2021,Rúben Dias,,,CB,Manchester City,Portugal,,,,,,,,,
Football,England,Premier League,Team of the Year,2020/2021,Luke Shaw,,,LB,Manchester United,England,,,,,,,,,
Football,England,Premier League,Team of the Year,2020/2021,Kevin De Bruyne,,,MF,Manchester City,Belgium,,,,,,,,,
Football,England,Premier League,Team of the Year,2020/2021,İlkay Gündoğan,,,MF,Manchester City,Germany,,,,,,,,,
Football,England,Premier League,Team of the Year,2020/2021,Bruno Fernandes,,,MF,Manchester United,Portugal,,,,,,,,,
Football,England,Premier League,Team of the Year,2020/2021,Harry Kane,,,FW,Tottenham Hotspur,England,,,,,,,,,
Football,England,Premier League,Team of the Year,2020/2021,Mohamed Salah,,,FW,Liverpool,Egypt,,,,,,,,,
Football,England,Premier League,Team of the Year,2020/2021,Son Heung-min,,,FW,Tottenham Hotspur,Korea,,,,,,,,,
Football,England,Premier League,Team of the Year,2021/2022,Alisson,,,GK,Liverpool,Brazil,,,,,,,,,
Football,England,Premier League,Team of the Year,2021/2022,Trent Alexander-Arnold,,,RB,Liverpool,England,,,,,,,,,
Football,England,Premier League,Team of the Year,2021/2022,Virgil van Dijk,,,CB,Liverpool,Netherlands,,,,,,,,,
Football,England,Premier League,Team of the Year,2021/2022,Antonio Rüdiger,,,CB,Chelsea,Germany,,,,,,,,,
Football,England,Premier League,Team of the Year,2021/2022,João Cancelo,,,LB,Manchester City,Portugal,,,,,,,,,
Football,England,Premier League,Team of the Year,2021/2022,Bernardo Silva,,,MF,Manchester City,Portugal,,,,,,,,,
Football,England,Premier League,Team of the Year,2021/2022,Thiago,,,MF,Liverpool,Spain,,,,,,,,,
Football,England,Premier League,Team of the Year,2021/2022,Kevin De Bruyne,,,MF,Manchester City,Belgium,,,,,,,,,
Football,England,Premier League,Team of the Year,2021/2022,Sadio Mané,,,FW,Liverpool,Senegal,,,,,,,,,
Football,England,Premier League,Team of the Year,2021/2022,Cristiano Ronaldo,,,FW,Manchester United,Portugal,,,,,,,,,
Football,England,Premier League,Team of the Year,2021/2022,Mohamed Salah,,,FW,Liverpool,Egypt,,,,,,,,,
Beauty Pageant,Vietnam,Miss Vietnam,1,1988,Bùi Bích Phương,1971,1.58,,Hà Nội
Beauty Pageant,Vietnam,Miss Vietnam,2,1988,Nguyễn Thu Mai,1970,,,Hà Nội
Beauty Pageant,Vietnam,Miss Vietnam,1,1990,Nguyễn Diệu Hoa,1969,1.58,,Hà Nội
Beauty Pageant,Vietnam,Miss Vietnam,2,1990,Trần Thu Hằng,1972,,,Hà Nội
Beauty Pageant,Vietnam,Miss Vietnam,3,1990,Trần Vân Anh,1970,,,Hồ Chí Minh
Beauty Pageant,Vietnam,Miss Vietnam,1,1992,Hà Kiều Anh,1976,1.74,,Hồ Chí Minh
Beauty Pageant,Vietnam,Miss Vietnam,2,1992,Vi Thị Đông,1975,,,Hà Nội
Beauty Pageant,Vietnam,Miss Vietnam,3,1992,Nguyễn Minh Phương,1970,,,Tuyên Quang
Beauty Pageant,Vietnam,Miss Vietnam,1,1994,Nguyễn Thu Thủy,1976,1.72,,Hà Nội
Beauty Pageant,Vietnam,Miss Vietnam,2,1994,Tô Hương Lan,1977,,,Tuyên Quang
Beauty Pageant,Vietnam,Miss Vietnam,3,1994,Trịnh Kim Chi,1975,,,Hồ Chí Minh
Beauty Pageant,Vietnam,Miss Vietnam,1,1996,Nguyễn Thiên Nga,1975,1.7,,Hồ Chí Minh
Beauty Pageant,Vietnam,Miss Vietnam,2,1996,Vũ Minh Thúy,1978,,,Hải Phòng
Beauty Pageant,Vietnam,Miss Vietnam,3,1996,Đỗ Vân Anh,1978,,,Hà Nội
Beauty Pageant,Vietnam,Miss Vietnam,1,1998,Nguyễn Thị Ngọc Khánh,1976,1.72,,Hồ Chí Minh
Beauty Pageant,Vietnam,Miss Vietnam,2,1998,Vũ Thị Thu,1981,,,Quảng Ninh
Beauty Pageant,Vietnam,Miss Vietnam,3,1998,Ngô Thúy Hà,1979,,,Hà Nội
Beauty Pageant,Vietnam,Miss Vietnam,1,2000,Phan Thu Ngân,1980,1.69,,Hồ Chí Minh
Beauty Pageant,Vietnam,Miss Vietnam,2,2000,Lê Thanh Nga,1981,,,Thái Nguyên
Beauty Pageant,Vietnam,Miss Vietnam,3,2000,Nguyễn Thị Ngọc Oanh,1980,,,Hải Phòng
Beauty Pageant,Vietnam,Miss Vietnam,1,2002,Phạm Thị Mai Phương,1985,1.69,,Hải Phòng
Beauty Pageant,Vietnam,Miss Vietnam,2,2002,Bùi Thị Hoàng Oanh,1984,,,Hồ Chí Minh
Beauty Pageant,Vietnam,Miss Vietnam,3,2002,Nguyễn Thị Mai Hương,1986,,,Hải Dương
Beauty Pageant,Vietnam,Miss Vietnam,1,2004,Nguyễn Thị Huyền,1985,1.72,,Hải Phòng
Beauty Pageant,Vietnam,Miss Vietnam,2,2004,Trịnh Chân Trân,1980,,,Hồ Chí Minh
Beauty Pageant,Vietnam,Miss Vietnam,3,2004,Nguyễn Thị Ngọc Bích,1985,,,Bến Tre
Beauty Pageant,Vietnam,Miss Vietnam,1,2006,Mai Phương Thúy,1988,1.8,,Hà Nội
Beauty Pageant,Vietnam,Miss Vietnam,2,2006,Lưu Bảo Anh,1982,,,Cần Thơ
Beauty Pageant,Vietnam,Miss Vietnam,3,2006,Lương Thị Ngọc Lan,1985,,,Hồ Chí Minh
Beauty Pageant,Vietnam,Miss Vietnam,1,2008,Trần Thị Thùy Dung,1990,1.78,,Đà Nẵng
Beauty Pageant,Vietnam,Miss Vietnam,2,2008,Phan Hoàng Minh Thư,1988,,,Lâm Đồng
Beauty Pageant,Vietnam,Miss Vietnam,3,2008,Nguyễn Thụy Vân,1986,,,Hà Nội
Beauty Pageant,Vietnam,Miss Vietnam,1,2010,Đặng Thị Ngọc Hân,1989,1.73,,Hà Nội
Beauty Pageant,Vietnam,Miss Vietnam,2,2010,Vũ Thị Hoàng My,1988,,,Đồng Nai
Beauty Pageant,Vietnam,Miss Vietnam,3,2010,Đặng Thùy Trang,1991,,,Quảng Ngãi
Beauty Pageant,Vietnam,Miss Vietnam,1,2012,Đặng Thu Thảo,1991,1.73,,Bạc Liêu
Beauty Pageant,Vietnam,Miss Vietnam,2,2012,Dương Tú Anh,1993,,,Hà Nội
Beauty Pageant,Vietnam,Miss Vietnam,3,2012,Đỗ Hoàng Anh,1994,,,Hà Nội
Beauty Pageant,Vietnam,Miss Vietnam,1,2014,Nguyễn Cao Kỳ Duyên,1996,1.73,,Nam Định
Beauty Pageant,Vietnam,Miss Vietnam,2,2014,Nguyễn Trần Huyền My,1995,,,Hà Nội
Beauty Pageant,Vietnam,Miss Vietnam,3,2014,Nguyễn Lâm Diễm Trang,1991,,,Vĩnh Long
Beauty Pageant,Vietnam,Miss Vietnam,1,2016,Đỗ Mỹ Linh,1996,1.71,,Hà Nội
Beauty Pageant,Vietnam,Miss Vietnam,2,2016,Ngô Thanh Thanh Tú,1994,,,Hà Nội
Beauty Pageant,Vietnam,Miss Vietnam,3,2016,Huỳnh Thị Thùy Dung,1996,,,Hồ Chí Minh
Beauty Pageant,Vietnam,Miss Vietnam,1,2018,Trần Tiểu Vy,2000,1.75,,Quảng Nam
Beauty Pageant,Vietnam,Miss Vietnam,2,2018,Bùi Phương Nga,1998,,,Hà Nội
Beauty Pageant,Vietnam,Miss Vietnam,3,2018,Nguyễn Thị Thúy An,1997,,,Kiên Giang
Beauty Pageant,Vietnam,Miss Vietnam,1,2020,Đỗ Thị Hà,2001,1.77,,Thanh Hóa
Beauty Pageant,Vietnam,Miss Vietnam,2,2020,Phạm Ngọc Phương Anh,1998,,,Hồ Chí Minh
Beauty Pageant,Vietnam,Miss Vietnam,3,2020,Nguyễn Lê Ngọc Thảo,2000,,,Hồ Chí Minh
Beauty Pageant,Vietnam,Miss Vietnam,1,2022,Huỳnh Thị Thanh Thủy,2003,1.75,,Đà Nẵng
Beauty Pageant,Vietnam,Miss Vietnam,2,2022,Trịnh Thùy Linh,2002,,,Thanh Hóa
Beauty Pageant,Vietnam,Miss Vietnam,3,2022,Lê Nguyễn Ngọc Hằng,2003,,,Hồ Chí Minh
