number,fen,centipawn,diff,best_move,same_side_rook,same_side_bishop,same_side_knight
0,bbqnnrkr/pppppppp/8/8/8/8/PPPPPPPP/BBQNNRKR w KQkq - 0 1,12,18,c4,True,True,False
1,bqnbnrkr/pppppppp/8/8/8/8/PPPPPPPP/BQNBNRKR w KQkq - 0 1,18,16,h4,True,True,False
2,bqnnrbkr/pppppppp/8/8/8/8/PPPPPPPP/BQNNRBKR w KQkq - 0 1,15,14,c4,True,False,True
3,bqnnrkrb/pppppppp/8/8/8/8/PPPPPPPP/BQNNRKRB w KQkq - 0 1,15,16,Nd3,True,False,True
4,qbbnnrkr/pppppppp/8/8/8/8/PPPPPPPP/QBBNNRKR w KQkq - 0 1,43,18,d4,True,True,False
5,qnbbnrkr/pppppppp/8/8/8/8/PPPPPPPP/QNBBNRKR w KQkq - 0 1,34,14,d4,True,True,False
6,qnbnrbkr/pppppppp/8/8/8/8/PPPPPPPP/QNBNRBKR w KQkq - 0 1,48,12,d4,True,False,True
7,qnbnrkrb/pppppppp/8/8/8/8/PPPPPPPP/QNBNRKRB w KQkq - 0 1,23,14,g3,True,False,True
8,qbnnbrkr/pppppppp/8/8/8/8/PPPPPPPP/QBNNBRKR w KQkq - 0 1,51,16,h4,True,False,True
9,qnnbbrkr/pppppppp/8/8/8/8/PPPPPPPP/QNNBBRKR w KQkq - 0 1,32,16,d4,True,False,True
10,qnnrbbkr/pppppppp/8/8/8/8/PPPPPPPP/QNNRBBKR w KQkq - 0 1,39,14,h4,False,True,True
11,qnnrbkrb/pppppppp/8/8/8/8/PPPPPPPP/QNNRBKRB w KQkq - 0 1,32,16,c4,False,True,True
12,qbnnrkbr/pppppppp/8/8/8/8/PPPPPPPP/QBNNRKBR w KQkq - 0 1,48,14,f3,True,False,True
13,qnnbrkbr/pppppppp/8/8/8/8/PPPPPPPP/QNNBRKBR w KQkq - 0 1,35,14,f4,True,False,True
14,qnnrkbbr/pppppppp/8/8/8/8/PPPPPPPP/QNNRKBBR w KQkq - 0 1,39,14,f3,False,True,True
15,qnnrkrbb/pppppppp/8/8/8/8/PPPPPPPP/QNNRKRBB w KQkq - 0 1,63,18,b3,False,True,True
16,bbnqnrkr/pppppppp/8/8/8/8/PPPPPPPP/BBNQNRKR w KQkq - 0 1,46,16,d4,True,True,False
17,bnqbnrkr/pppppppp/8/8/8/8/PPPPPPPP/BNQBNRKR w KQkq - 0 1,21,14,b4,True,True,False
18,bnqnrbkr/pppppppp/8/8/8/8/PPPPPPPP/BNQNRBKR w KQkq - 0 1,60,12,d4,True,False,True
19,bnqnrkrb/pppppppp/8/8/8/8/PPPPPPPP/BNQNRKRB w KQkq - 0 1,36,14,b3,True,False,True
20,nbbqnrkr/pppppppp/8/8/8/8/PPPPPPPP/NBBQNRKR w KQkq - 0 1,23,14,d4,True,True,False
21,nqbbnrkr/pppppppp/8/8/8/8/PPPPPPPP/NQBBNRKR w KQkq - 0 1,44,14,c4,True,True,False
22,nqbnrbkr/pppppppp/8/8/8/8/PPPPPPPP/NQBNRBKR w KQkq - 0 1,50,12,d4,True,False,True
23,nqbnrkrb/pppppppp/8/8/8/8/PPPPPPPP/NQBNRKRB w KQkq - 0 1,15,14,O-O,True,False,True
24,nbqnbrkr/pppppppp/8/8/8/8/PPPPPPPP/NBQNBRKR w KQkq - 0 1,62,14,d4,True,False,True
25,nqnbbrkr/pppppppp/8/8/8/8/PPPPPPPP/NQNBBRKR w KQkq - 0 1,22,16,c4,True,False,True
26,nqnrbbkr/pppppppp/8/8/8/8/PPPPPPPP/NQNRBBKR w KQkq - 0 1,35,14,c4,False,True,True
27,nqnrbkrb/pppppppp/8/8/8/8/PPPPPPPP/NQNRBKRB w KQkq - 0 1,25,16,c4,False,True,True
28,nbqnrkbr/pppppppp/8/8/8/8/PPPPPPPP/NBQNRKBR w KQkq - 0 1,22,12,d4,True,False,True
29,nqnbrkbr/pppppppp/8/8/8/8/PPPPPPPP/NQNBRKBR w KQkq - 0 1,13,14,c4,True,False,True
30,nqnrkbbr/pppppppp/8/8/8/8/PPPPPPPP/NQNRKBBR w KQkq - 0 1,38,14,e4,False,True,True
31,nqnrkrbb/pppppppp/8/8/8/8/PPPPPPPP/NQNRKRBB w KQkq - 0 1,30,18,g3,False,True,True
32,bbnnqrkr/pppppppp/8/8/8/8/PPPPPPPP/BBNNQRKR w KQkq - 0 1,32,18,c4,True,True,True
33,bnnbqrkr/pppppppp/8/8/8/8/PPPPPPPP/BNNBQRKR w KQkq - 0 1,36,16,h4,True,True,True
34,bnnqrbkr/pppppppp/8/8/8/8/PPPPPPPP/BNNQRBKR w KQkq - 0 1,16,12,d4,True,False,True
35,bnnqrkrb/pppppppp/8/8/8/8/PPPPPPPP/BNNQRKRB w KQkq - 0 1,39,14,g3,True,False,True
36,nbbnqrkr/pppppppp/8/8/8/8/PPPPPPPP/NBBNQRKR w KQkq - 0 1,47,16,e4,True,True,True
37,nnbbqrkr/pppppppp/8/8/8/8/PPPPPPPP/NNBBQRKR w KQkq - 0 1,46,16,e4,True,True,True
38,nnbqrbkr/pppppppp/8/8/8/8/PPPPPPPP/NNBQRBKR w KQkq - 0 1,38,12,d4,True,False,True
39,nnbqrkrb/pppppppp/8/8/8/8/PPPPPPPP/NNBQRKRB w KQkq - 0 1,14,14,O-O,True,False,True
40,nbnqbrkr/pppppppp/8/8/8/8/PPPPPPPP/NBNQBRKR w KQkq - 0 1,36,14,c4,True,False,True
41,nnqbbrkr/pppppppp/8/8/8/8/PPPPPPPP/NNQBBRKR w KQkq - 0 1,31,16,d4,True,False,True
42,nnqrbbkr/pppppppp/8/8/8/8/PPPPPPPP/NNQRBBKR w KQkq - 0 1,30,14,d4,False,True,True
43,nnqrbkrb/pppppppp/8/8/8/8/PPPPPPPP/NNQRBKRB w KQkq - 0 1,31,16,c4,False,True,True
44,nbnqrkbr/pppppppp/8/8/8/8/PPPPPPPP/NBNQRKBR w KQkq - 0 1,14,12,f3,True,False,True
45,nnqbrkbr/pppppppp/8/8/8/8/PPPPPPPP/NNQBRKBR w KQkq - 0 1,39,14,e4,True,False,True
46,nnqrkbbr/pppppppp/8/8/8/8/PPPPPPPP/NNQRKBBR w KQkq - 0 1,48,14,e4,False,True,True
47,nnqrkrbb/pppppppp/8/8/8/8/PPPPPPPP/NNQRKRBB w KQkq - 0 1,39,18,f4,False,True,True
48,bbnnrqkr/pppppppp/8/8/8/8/PPPPPPPP/BBNNRQKR w KQkq - 0 1,14,18,f4,True,True,True
49,bnnbrqkr/pppppppp/8/8/8/8/PPPPPPPP/BNNBRQKR w KQkq - 0 1,37,16,e4,True,True,True
50,bnnrqbkr/pppppppp/8/8/8/8/PPPPPPPP/BNNRQBKR w KQkq - 0 1,45,12,e4,False,False,True
51,bnnrqkrb/pppppppp/8/8/8/8/PPPPPPPP/BNNRQKRB w KQkq - 0 1,27,14,b3,False,False,True
52,nbbnrqkr/pppppppp/8/8/8/8/PPPPPPPP/NBBNRQKR w KQkq - 0 1,33,16,e4,True,True,True
53,nnbbrqkr/pppppppp/8/8/8/8/PPPPPPPP/NNBBRQKR w KQkq - 0 1,25,16,d4,True,True,True
54,nnbrqbkr/pppppppp/8/8/8/8/PPPPPPPP/NNBRQBKR w KQkq - 0 1,35,12,d4,False,False,True
55,nnbrqkrb/pppppppp/8/8/8/8/PPPPPPPP/NNBRQKRB w KQkq - 0 1,39,14,c4,False,False,True
56,nbnrbqkr/pppppppp/8/8/8/8/PPPPPPPP/NBNRBQKR w KQkq - 0 1,33,14,c4,False,False,True
57,nnrbbqkr/pppppppp/8/8/8/8/PPPPPPPP/NNRBBQKR w KQkq - 0 1,23,14,d4,False,False,True
58,nnrqbbkr/pppppppp/8/8/8/8/PPPPPPPP/NNRQBBKR w KQkq - 0 1,33,12,d4,False,True,True
59,nnrqbkrb/pppppppp/8/8/8/8/PPPPPPPP/NNRQBKRB w KQkq - 0 1,35,14,d4,False,True,True
60,nbnrqkbr/pppppppp/8/8/8/8/PPPPPPPP/NBNRQKBR w KQkq - 0 1,32,12,Nab3,False,False,True
61,nnrbqkbr/pppppppp/8/8/8/8/PPPPPPPP/NNRBQKBR w KQkq - 0 1,43,12,e4,False,False,True
62,nnrqkbbr/pppppppp/8/8/8/8/PPPPPPPP/NNRQKBBR w KQkq - 0 1,40,12,f4,False,True,True
63,nnrqkrbb/pppppppp/8/8/8/8/PPPPPPPP/NNRQKRBB w KQkq - 0 1,21,16,g3,False,True,True
64,bbnnrkqr/pppppppp/8/8/8/8/PPPPPPPP/BBNNRKQR w KQkq - 0 1,32,18,b3,True,True,True
65,bnnbrkqr/pppppppp/8/8/8/8/PPPPPPPP/BNNBRKQR w KQkq - 0 1,32,16,b3,True,True,True
66,bnnrkbqr/pppppppp/8/8/8/8/PPPPPPPP/BNNRKBQR w KQkq - 0 1,14,12,g4,False,False,True
67,bnnrkqrb/pppppppp/8/8/8/8/PPPPPPPP/BNNRKQRB w KQkq - 0 1,29,14,g4,False,False,True
68,nbbnrkqr/pppppppp/8/8/8/8/PPPPPPPP/NBBNRKQR w KQkq - 0 1,48,16,f4,True,True,True
69,nnbbrkqr/pppppppp/8/8/8/8/PPPPPPPP/NNBBRKQR w KQkq - 0 1,26,16,f4,True,True,True
70,nnbrkbqr/pppppppp/8/8/8/8/PPPPPPPP/NNBRKBQR w KQkq - 0 1,55,12,f3,False,False,True
71,nnbrkqrb/pppppppp/8/8/8/8/PPPPPPPP/NNBRKQRB w KQkq - 0 1,57,14,Nb3,False,False,True
72,nbnrbkqr/pppppppp/8/8/8/8/PPPPPPPP/NBNRBKQR w KQkq - 0 1,30,14,Nab3,False,False,True
73,nnrbbkqr/pppppppp/8/8/8/8/PPPPPPPP/NNRBBKQR w KQkq - 0 1,37,14,f4,False,False,True
74,nnrkbbqr/pppppppp/8/8/8/8/PPPPPPPP/NNRKBBQR w KQkq - 0 1,32,14,O-O-O,False,True,True
75,nnrkbqrb/pppppppp/8/8/8/8/PPPPPPPP/NNRKBQRB w KQkq - 0 1,29,16,g4,False,True,True
76,nbnrkqbr/pppppppp/8/8/8/8/PPPPPPPP/NBNRKQBR w KQkq - 0 1,15,12,f4,False,False,True
77,nnrbkqbr/pppppppp/8/8/8/8/PPPPPPPP/NNRBKQBR w KQkq - 0 1,29,12,f4,False,False,True
78,nnrkqbbr/pppppppp/8/8/8/8/PPPPPPPP/NNRKQBBR w KQkq - 0 1,31,14,f3,False,True,True
79,nnrkqrbb/pppppppp/8/8/8/8/PPPPPPPP/NNRKQRBB w KQkq - 0 1,32,18,g3,False,True,True
80,bbnnrkrq/pppppppp/8/8/8/8/PPPPPPPP/BBNNRKRQ w KQkq - 0 1,50,20,g3,True,True,True
81,bnnbrkrq/pppppppp/8/8/8/8/PPPPPPPP/BNNBRKRQ w KQkq - 0 1,69,18,g4,True,True,True
82,bnnrkbrq/pppppppp/8/8/8/8/PPPPPPPP/BNNRKBRQ w KQkq - 0 1,57,14,g3,False,False,True
83,bnnrkrqb/pppppppp/8/8/8/8/PPPPPPPP/BNNRKRQB w KQkq - 0 1,40,16,g4,False,False,True
84,nbbnrkrq/pppppppp/8/8/8/8/PPPPPPPP/NBBNRKRQ w KQkq - 0 1,47,18,c4,True,True,True
85,nnbbrkrq/pppppppp/8/8/8/8/PPPPPPPP/NNBBRKRQ w KQkq - 0 1,3,18,e4,True,True,True
86,nnbrkbrq/pppppppp/8/8/8/8/PPPPPPPP/NNBRKBRQ w KQkq - 0 1,42,14,d4,False,False,True
87,nnbrkrqb/pppppppp/8/8/8/8/PPPPPPPP/NNBRKRQB w KQkq - 0 1,30,16,d3,False,False,True
88,nbnrbkrq/pppppppp/8/8/8/8/PPPPPPPP/NBNRBKRQ w KQkq - 0 1,17,16,c4,False,False,True
89,nnrbbkrq/pppppppp/8/8/8/8/PPPPPPPP/NNRBBKRQ w KQkq - 0 1,24,16,d4,False,False,True
90,nnrkbbrq/pppppppp/8/8/8/8/PPPPPPPP/NNRKBBRQ w KQkq - 0 1,26,16,d4,False,True,True
91,nnrkbrqb/pppppppp/8/8/8/8/PPPPPPPP/NNRKBRQB w KQkq - 0 1,50,18,Nb3,False,True,True
92,nbnrkrbq/pppppppp/8/8/8/8/PPPPPPPP/NBNRKRBQ w KQkq - 0 1,31,16,Ncb3,False,False,True
93,nnrbkrbq/pppppppp/8/8/8/8/PPPPPPPP/NNRBKRBQ w KQkq - 0 1,44,16,f4,False,False,True
94,nnrkrbbq/pppppppp/8/8/8/8/PPPPPPPP/NNRKRBBQ w KQkq - 0 1,40,20,g3,False,True,True
95,nnrkrqbb/pppppppp/8/8/8/8/PPPPPPPP/NNRKRQBB w KQkq - 0 1,33,20,g3,False,True,True
96,bbqnrnkr/pppppppp/8/8/8/8/PPPPPPPP/BBQNRNKR w KQkq - 0 1,21,16,h4,True,True,False
97,bqnbrnkr/pppppppp/8/8/8/8/PPPPPPPP/BQNBRNKR w KQkq - 0 1,60,14,c4,True,True,False
98,bqnrnbkr/pppppppp/8/8/8/8/PPPPPPPP/BQNRNBKR w KQkq - 0 1,38,12,d4,False,False,False
99,bqnrnkrb/pppppppp/8/8/8/8/PPPPPPPP/BQNRNKRB w KQkq - 0 1,38,14,c4,False,False,False
100,qbbnrnkr/pppppppp/8/8/8/8/PPPPPPPP/QBBNRNKR w KQkq - 0 1,45,16,h4,True,True,False
101,qnbbrnkr/pppppppp/8/8/8/8/PPPPPPPP/QNBBRNKR w KQkq - 0 1,34,12,d4,True,True,False
102,qnbrnbkr/pppppppp/8/8/8/8/PPPPPPPP/QNBRNBKR w KQkq - 0 1,24,10,c4,False,False,False
103,qnbrnkrb/pppppppp/8/8/8/8/PPPPPPPP/QNBRNKRB w KQkq - 0 1,44,12,d4,False,False,False
104,qbnrbnkr/pppppppp/8/8/8/8/PPPPPPPP/QBNRBNKR w KQkq - 0 1,39,12,h4,False,False,False
105,qnrbbnkr/pppppppp/8/8/8/8/PPPPPPPP/QNRBBNKR w KQkq - 0 1,35,10,c4,False,False,False
106,qnrnbbkr/pppppppp/8/8/8/8/PPPPPPPP/QNRNBBKR w KQkq - 0 1,17,12,c4,False,True,True
107,qnrnbkrb/pppppppp/8/8/8/8/PPPPPPPP/QNRNBKRB w KQkq - 0 1,34,14,c4,False,True,True
108,qbnrnkbr/pppppppp/8/8/8/8/PPPPPPPP/QBNRNKBR w KQkq - 0 1,23,12,c4,False,False,False
109,qnrbnkbr/pppppppp/8/8/8/8/PPPPPPPP/QNRBNKBR w KQkq - 0 1,26,10,c4,False,False,False
110,qnrnkbbr/pppppppp/8/8/8/8/PPPPPPPP/QNRNKBBR w KQkq - 0 1,28,12,b3,False,True,True
111,qnrnkrbb/pppppppp/8/8/8/8/PPPPPPPP/QNRNKRBB w KQkq - 0 1,63,16,b4,False,True,True
112,bbnqrnkr/pppppppp/8/8/8/8/PPPPPPPP/BBNQRNKR w KQkq - 0 1,14,14,d4,True,True,False
113,bnqbrnkr/pppppppp/8/8/8/8/PPPPPPPP/BNQBRNKR w KQkq - 0 1,28,12,e4,True,True,False
114,bnqrnbkr/pppppppp/8/8/8/8/PPPPPPPP/BNQRNBKR w KQkq - 0 1,43,10,d4,False,False,False
115,bnqrnkrb/pppppppp/8/8/8/8/PPPPPPPP/BNQRNKRB w KQkq - 0 1,18,12,b4,False,False,False
116,nbbqrnkr/pppppppp/8/8/8/8/PPPPPPPP/NBBQRNKR w KQkq - 0 1,24,12,e4,True,True,False
117,nqbbrnkr/pppppppp/8/8/8/8/PPPPPPPP/NQBBRNKR w KQkq - 0 1,31,12,e4,True,True,False
118,nqbrnbkr/pppppppp/8/8/8/8/PPPPPPPP/NQBRNBKR w KQkq - 0 1,31,10,c4,False,False,False
119,nqbrnkrb/pppppppp/8/8/8/8/PPPPPPPP/NQBRNKRB w KQkq - 0 1,16,12,c3,False,False,False
120,nbqrbnkr/pppppppp/8/8/8/8/PPPPPPPP/NBQRBNKR w KQkq - 0 1,36,10,d4,False,False,False
121,nqrbbnkr/pppppppp/8/8/8/8/PPPPPPPP/NQRBBNKR w KQkq - 0 1,21,10,h4,False,False,False
122,nqrnbbkr/pppppppp/8/8/8/8/PPPPPPPP/NQRNBBKR w KQkq - 0 1,37,12,d4,False,True,True
123,nqrnbkrb/pppppppp/8/8/8/8/PPPPPPPP/NQRNBKRB w KQkq - 0 1,32,14,c4,False,True,True
124,nbqrnkbr/pppppppp/8/8/8/8/PPPPPPPP/NBQRNKBR w KQkq - 0 1,19,10,d4,False,False,False
125,nqrbnkbr/pppppppp/8/8/8/8/PPPPPPPP/NQRBNKBR w KQkq - 0 1,19,10,b4,False,False,False
126,nqrnkbbr/pppppppp/8/8/8/8/PPPPPPPP/NQRNKBBR w KQkq - 0 1,35,12,c4,False,True,True
127,nqrnkrbb/pppppppp/8/8/8/8/PPPPPPPP/NQRNKRBB w KQkq - 0 1,21,16,f4,False,True,True
128,bbnrqnkr/pppppppp/8/8/8/8/PPPPPPPP/BBNRQNKR w KQkq - 0 1,28,14,d4,False,True,False
129,bnrbqnkr/pppppppp/8/8/8/8/PPPPPPPP/BNRBQNKR w KQkq - 0 1,24,10,b4,False,True,False
130,bnrqnbkr/pppppppp/8/8/8/8/PPPPPPPP/BNRQNBKR w KQkq - 0 1,21,8,d4,False,False,False
131,bnrqnkrb/pppppppp/8/8/8/8/PPPPPPPP/BNRQNKRB w KQkq - 0 1,19,10,b4,False,False,False
132,nbbrqnkr/pppppppp/8/8/8/8/PPPPPPPP/NBBRQNKR w KQkq - 0 1,41,12,e4,False,True,False
133,nrbbqnkr/pppppppp/8/8/8/8/PPPPPPPP/NRBBQNKR w KQkq - 0 1,25,8,e4,False,True,False
134,nrbqnbkr/pppppppp/8/8/8/8/PPPPPPPP/NRBQNBKR w KQkq - 0 1,28,6,e4,False,False,False
135,nrbqnkrb/pppppppp/8/8/8/8/PPPPPPPP/NRBQNKRB w KQkq - 0 1,20,8,c4,False,False,False
136,nbrqbnkr/pppppppp/8/8/8/8/PPPPPPPP/NBRQBNKR w KQkq - 0 1,46,8,c4,False,False,False
137,nrqbbnkr/pppppppp/8/8/8/8/PPPPPPPP/NRQBBNKR w KQkq - 0 1,39,8,d4,False,False,False
138,nrqnbbkr/pppppppp/8/8/8/8/PPPPPPPP/NRQNBBKR w KQkq - 0 1,34,10,d4,False,True,True
139,nrqnbkrb/pppppppp/8/8/8/8/PPPPPPPP/NRQNBKRB w KQkq - 0 1,32,12,c4,False,True,True
140,nbrqnkbr/pppppppp/8/8/8/8/PPPPPPPP/NBRQNKBR w KQkq - 0 1,20,8,d4,False,False,False
141,nrqbnkbr/pppppppp/8/8/8/8/PPPPPPPP/NRQBNKBR w KQkq - 0 1,46,8,f3,False,False,False
142,nrqnkbbr/pppppppp/8/8/8/8/PPPPPPPP/NRQNKBBR w KQkq - 0 1,34,10,f3,False,True,True
143,nrqnkrbb/pppppppp/8/8/8/8/PPPPPPPP/NRQNKRBB w KQkq - 0 1,37,14,f4,False,True,True
144,bbnrnqkr/pppppppp/8/8/8/8/PPPPPPPP/BBNRNQKR w KQkq - 0 1,30,16,b3,False,True,False
145,bnrbnqkr/pppppppp/8/8/8/8/PPPPPPPP/BNRBNQKR w KQkq - 0 1,18,12,e3,False,True,False
146,bnrnqbkr/pppppppp/8/8/8/8/PPPPPPPP/BNRNQBKR w KQkq - 0 1,41,10,d4,False,False,True
147,bnrnqkrb/pppppppp/8/8/8/8/PPPPPPPP/BNRNQKRB w KQkq - 0 1,40,12,b3,False,False,True
148,nbbrnqkr/pppppppp/8/8/8/8/PPPPPPPP/NBBRNQKR w KQkq - 0 1,37,14,e4,False,True,False
149,nrbbnqkr/pppppppp/8/8/8/8/PPPPPPPP/NRBBNQKR w KQkq - 0 1,37,10,d4,False,True,False
150,nrbnqbkr/pppppppp/8/8/8/8/PPPPPPPP/NRBNQBKR w KQkq - 0 1,31,8,d4,False,False,True
151,nrbnqkrb/pppppppp/8/8/8/8/PPPPPPPP/NRBNQKRB w KQkq - 0 1,26,10,d3,False,False,True
152,nbrnbqkr/pppppppp/8/8/8/8/PPPPPPPP/NBRNBQKR w KQkq - 0 1,39,12,d4,False,False,True
153,nrnbbqkr/pppppppp/8/8/8/8/PPPPPPPP/NRNBBQKR w KQkq - 0 1,34,12,e4,False,False,True
154,nrnqbbkr/pppppppp/8/8/8/8/PPPPPPPP/NRNQBBKR w KQkq - 0 1,36,10,e4,False,True,True
155,nrnqbkrb/pppppppp/8/8/8/8/PPPPPPPP/NRNQBKRB w KQkq - 0 1,21,12,c4,False,True,True
156,nbrnqkbr/pppppppp/8/8/8/8/PPPPPPPP/NBRNQKBR w KQkq - 0 1,26,10,d4,False,False,True
157,nrnbqkbr/pppppppp/8/8/8/8/PPPPPPPP/NRNBQKBR w KQkq - 0 1,15,10,f4,False,False,True
158,nrnqkbbr/pppppppp/8/8/8/8/PPPPPPPP/NRNQKBBR w KQkq - 0 1,23,10,e4,False,True,True
159,nrnqkrbb/pppppppp/8/8/8/8/PPPPPPPP/NRNQKRBB w KQkq - 0 1,25,14,f4,False,True,True
160,bbnrnkqr/pppppppp/8/8/8/8/PPPPPPPP/BBNRNKQR w KQkq - 0 1,26,16,c4,False,True,False
161,bnrbnkqr/pppppppp/8/8/8/8/PPPPPPPP/BNRBNKQR w KQkq - 0 1,3,12,b3,False,True,False
162,bnrnkbqr/pppppppp/8/8/8/8/PPPPPPPP/BNRNKBQR w KQkq - 0 1,32,10,f3,False,False,True
163,bnrnkqrb/pppppppp/8/8/8/8/PPPPPPPP/BNRNKQRB w KQkq - 0 1,26,12,b3,False,False,True
164,nbbrnkqr/pppppppp/8/8/8/8/PPPPPPPP/NBBRNKQR w KQkq - 0 1,20,14,f3,False,True,False
165,nrbbnkqr/pppppppp/8/8/8/8/PPPPPPPP/NRBBNKQR w KQkq - 0 1,73,10,f4,False,True,False
166,nrbnkbqr/pppppppp/8/8/8/8/PPPPPPPP/NRBNKBQR w KQkq - 0 1,31,8,f4,False,False,True
167,nrbnkqrb/pppppppp/8/8/8/8/PPPPPPPP/NRBNKQRB w KQkq - 0 1,17,10,f4,False,False,True
168,nbrnbkqr/pppppppp/8/8/8/8/PPPPPPPP/NBRNBKQR w KQkq - 0 1,18,12,Nb3,False,False,True
169,nrnbbkqr/pppppppp/8/8/8/8/PPPPPPPP/NRNBBKQR w KQkq - 0 1,26,12,c4,False,False,True
170,nrnkbbqr/pppppppp/8/8/8/8/PPPPPPPP/NRNKBBQR w KQkq - 0 1,41,12,e4,False,True,True
171,nrnkbqrb/pppppppp/8/8/8/8/PPPPPPPP/NRNKBQRB w KQkq - 0 1,43,14,g4,False,True,True
172,nbrnkqbr/pppppppp/8/8/8/8/PPPPPPPP/NBRNKQBR w KQkq - 0 1,13,10,e4,False,False,True
173,nrnbkqbr/pppppppp/8/8/8/8/PPPPPPPP/NRNBKQBR w KQkq - 0 1,27,10,f4,False,False,True
174,nrnkqbbr/pppppppp/8/8/8/8/PPPPPPPP/NRNKQBBR w KQkq - 0 1,52,12,f3,False,True,True
175,nrnkqrbb/pppppppp/8/8/8/8/PPPPPPPP/NRNKQRBB w KQkq - 0 1,40,16,f4,False,True,True
176,bbnrnkrq/pppppppp/8/8/8/8/PPPPPPPP/BBNRNKRQ w KQkq - 0 1,35,18,g3,False,True,False
177,bnrbnkrq/pppppppp/8/8/8/8/PPPPPPPP/BNRBNKRQ w KQkq - 0 1,34,14,g4,False,True,False
178,bnrnkbrq/pppppppp/8/8/8/8/PPPPPPPP/BNRNKBRQ w KQkq - 0 1,22,12,g4,False,False,True
179,bnrnkrqb/pppppppp/8/8/8/8/PPPPPPPP/BNRNKRQB w KQkq - 0 1,57,14,g4,False,False,True
180,nbbrnkrq/pppppppp/8/8/8/8/PPPPPPPP/NBBRNKRQ w KQkq - 0 1,8,16,c4,False,True,False
181,nrbbnkrq/pppppppp/8/8/8/8/PPPPPPPP/NRBBNKRQ w KQkq - 0 1,16,12,d4,False,True,False
182,nrbnkbrq/pppppppp/8/8/8/8/PPPPPPPP/NRBNKBRQ w KQkq - 0 1,25,10,d4,False,False,True
183,nrbnkrqb/pppppppp/8/8/8/8/PPPPPPPP/NRBNKRQB w KQkq - 0 1,22,12,f4,False,False,True
184,nbrnbkrq/pppppppp/8/8/8/8/PPPPPPPP/NBRNBKRQ w KQkq - 0 1,39,14,d4,False,False,True
185,nrnbbkrq/pppppppp/8/8/8/8/PPPPPPPP/NRNBBKRQ w KQkq - 0 1,20,14,e4,False,False,True
186,nrnkbbrq/pppppppp/8/8/8/8/PPPPPPPP/NRNKBBRQ w KQkq - 0 1,39,14,g4,False,True,True
187,nrnkbrqb/pppppppp/8/8/8/8/PPPPPPPP/NRNKBRQB w KQkq - 0 1,16,16,f4,False,True,True
188,nbrnkrbq/pppppppp/8/8/8/8/PPPPPPPP/NBRNKRBQ w KQkq - 0 1,36,14,f4,False,False,True
189,nrnbkrbq/pppppppp/8/8/8/8/PPPPPPPP/NRNBKRBQ w KQkq - 0 1,24,14,e4,False,False,True
190,nrnkrbbq/pppppppp/8/8/8/8/PPPPPPPP/NRNKRBBQ w KQkq - 0 1,44,18,f4,False,True,True
191,nrnkrqbb/pppppppp/8/8/8/8/PPPPPPPP/NRNKRQBB w KQkq - 0 1,26,18,f4,False,True,True
192,bbqnrknr/pppppppp/8/8/8/8/PPPPPPPP/BBQNRKNR w KQkq - 0 1,15,14,d4,True,True,False
193,bqnbrknr/pppppppp/8/8/8/8/PPPPPPPP/BQNBRKNR w KQkq - 0 1,79,12,c4,True,True,False
194,bqnrkbnr/pppppppp/8/8/8/8/PPPPPPPP/BQNRKBNR w KQkq - 0 1,26,8,b4,False,False,False
195,bqnrknrb/pppppppp/8/8/8/8/PPPPPPPP/BQNRKNRB w KQkq - 0 1,63,12,g3,False,False,False
196,qbbnrknr/pppppppp/8/8/8/8/PPPPPPPP/QBBNRKNR w KQkq - 0 1,39,14,d4,True,True,False
197,qnbbrknr/pppppppp/8/8/8/8/PPPPPPPP/QNBBRKNR w KQkq - 0 1,30,10,b4,True,True,False
198,qnbrkbnr/pppppppp/8/8/8/8/PPPPPPPP/QNBRKBNR w KQkq - 0 1,12,6,b3,False,False,False
199,qnbrknrb/pppppppp/8/8/8/8/PPPPPPPP/QNBRKNRB w KQkq - 0 1,53,10,g3,False,False,False
200,qbnrbknr/pppppppp/8/8/8/8/PPPPPPPP/QBNRBKNR w KQkq - 0 1,42,10,c4,False,False,False
201,qnrbbknr/pppppppp/8/8/8/8/PPPPPPPP/QNRBBKNR w KQkq - 0 1,22,8,b4,False,False,False
202,qnrkbbnr/pppppppp/8/8/8/8/PPPPPPPP/QNRKBBNR w KQkq - 0 1,20,8,b3,False,True,False
203,qnrkbnrb/pppppppp/8/8/8/8/PPPPPPPP/QNRKBNRB w KQkq - 0 1,28,12,g3,False,True,False
204,qbnrknbr/pppppppp/8/8/8/8/PPPPPPPP/QBNRKNBR w KQkq - 0 1,12,10,h4,False,False,False
205,qnrbknbr/pppppppp/8/8/8/8/PPPPPPPP/QNRBKNBR w KQkq - 0 1,34,8,Ne3,False,False,False
206,qnrknbbr/pppppppp/8/8/8/8/PPPPPPPP/QNRKNBBR w KQkq - 0 1,22,12,d4,False,True,False
207,qnrknrbb/pppppppp/8/8/8/8/PPPPPPPP/QNRKNRBB w KQkq - 0 1,36,16,b4,False,True,False
208,bbnqrknr/pppppppp/8/8/8/8/PPPPPPPP/BBNQRKNR w KQkq - 0 1,27,12,c4,True,True,False
209,bnqbrknr/pppppppp/8/8/8/8/PPPPPPPP/BNQBRKNR w KQkq - 0 1,28,10,e4,True,True,False
210,bnqrkbnr/pppppppp/8/8/8/8/PPPPPPPP/BNQRKBNR w KQkq - 0 1,11,6,b3,False,False,False
211,bnqrknrb/pppppppp/8/8/8/8/PPPPPPPP/BNQRKNRB w KQkq - 0 1,29,10,g3,False,False,False
212,nbbqrknr/pppppppp/8/8/8/8/PPPPPPPP/NBBQRKNR w KQkq - 0 1,43,10,e4,True,True,False
213,nqbbrknr/pppppppp/8/8/8/8/PPPPPPPP/NQBBRKNR w KQkq - 0 1,34,10,c4,True,True,False
214,nqbrkbnr/pppppppp/8/8/8/8/PPPPPPPP/NQBRKBNR w KQkq - 0 1,48,6,e4,False,False,False
215,nqbrknrb/pppppppp/8/8/8/8/PPPPPPPP/NQBRKNRB w KQkq - 0 1,43,10,g3,False,False,False
216,nbqrbknr/pppppppp/8/8/8/8/PPPPPPPP/NBQRBKNR w KQkq - 0 1,31,8,c4,False,False,False
217,nqrbbknr/pppppppp/8/8/8/8/PPPPPPPP/NQRBBKNR w KQkq - 0 1,15,8,b4,False,False,False
218,nqrkbbnr/pppppppp/8/8/8/8/PPPPPPPP/NQRKBBNR w KQkq - 0 1,48,8,c4,False,True,False
219,nqrkbnrb/pppppppp/8/8/8/8/PPPPPPPP/NQRKBNRB w KQkq - 0 1,27,12,g3,False,True,False
220,nbqrknbr/pppppppp/8/8/8/8/PPPPPPPP/NBQRKNBR w KQkq - 0 1,14,8,c4,False,False,False
221,nqrbknbr/pppppppp/8/8/8/8/PPPPPPPP/NQRBKNBR w KQkq - 0 1,28,8,c4,False,False,False
222,nqrknbbr/pppppppp/8/8/8/8/PPPPPPPP/NQRKNBBR w KQkq - 0 1,19,12,b4,False,True,False
223,nqrknrbb/pppppppp/8/8/8/8/PPPPPPPP/NQRKNRBB w KQkq - 0 1,33,16,c4,False,True,False
224,bbnrqknr/pppppppp/8/8/8/8/PPPPPPPP/BBNRQKNR w KQkq - 0 1,46,12,c4,False,True,False
225,bnrbqknr/pppppppp/8/8/8/8/PPPPPPPP/BNRBQKNR w KQkq - 0 1,30,8,b4,False,True,False
226,bnrqkbnr/pppppppp/8/8/8/8/PPPPPPPP/BNRQKBNR w KQkq - 0 1,15,4,c4,False,False,False
227,bnrqknrb/pppppppp/8/8/8/8/PPPPPPPP/BNRQKNRB w KQkq - 0 1,36,8,b4,False,False,False
228,nbbrqknr/pppppppp/8/8/8/8/PPPPPPPP/NBBRQKNR w KQkq - 0 1,61,10,e4,False,True,False
229,nrbbqknr/pppppppp/8/8/8/8/PPPPPPPP/NRBBQKNR w KQkq - 0 1,24,6,e4,False,True,False
230,nrbqkbnr/pppppppp/8/8/8/8/PPPPPPPP/NRBQKBNR w KQkq - 0 1,30,2,e4,False,False,False
231,nrbqknrb/pppppppp/8/8/8/8/PPPPPPPP/NRBQKNRB w KQkq - 0 1,4,6,d4,False,False,False
232,nbrqbknr/pppppppp/8/8/8/8/PPPPPPPP/NBRQBKNR w KQkq - 0 1,31,6,d4,False,False,False
233,nrqbbknr/pppppppp/8/8/8/8/PPPPPPPP/NRQBBKNR w KQkq - 0 1,38,6,b4,False,False,False
234,nrqkbbnr/pppppppp/8/8/8/8/PPPPPPPP/NRQKBBNR w KQkq - 0 1,44,6,e4,False,True,False
235,nrqkbnrb/pppppppp/8/8/8/8/PPPPPPPP/NRQKBNRB w KQkq - 0 1,34,10,d3,False,True,False
236,nbrqknbr/pppppppp/8/8/8/8/PPPPPPPP/NBRQKNBR w KQkq - 0 1,40,6,c4,False,False,False
237,nrqbknbr/pppppppp/8/8/8/8/PPPPPPPP/NRQBKNBR w KQkq - 0 1,46,6,f4,False,False,False
238,nrqknbbr/pppppppp/8/8/8/8/PPPPPPPP/NRQKNBBR w KQkq - 0 1,39,10,f4,False,True,False
239,nrqknrbb/pppppppp/8/8/8/8/PPPPPPPP/NRQKNRBB w KQkq - 0 1,47,14,c4,False,True,False
240,bbnrkqnr/pppppppp/8/8/8/8/PPPPPPPP/BBNRKQNR w KQkq - 0 1,35,12,c4,False,True,False
241,bnrbkqnr/pppppppp/8/8/8/8/PPPPPPPP/BNRBKQNR w KQkq - 0 1,23,8,e4,False,True,False
242,bnrkqbnr/pppppppp/8/8/8/8/PPPPPPPP/BNRKQBNR w KQkq - 0 1,28,6,e4,False,False,False
243,bnrkqnrb/pppppppp/8/8/8/8/PPPPPPPP/BNRKQNRB w KQkq - 0 1,21,10,b3,False,False,False
244,nbbrkqnr/pppppppp/8/8/8/8/PPPPPPPP/NBBRKQNR w KQkq - 0 1,43,10,e4,False,True,False
245,nrbbkqnr/pppppppp/8/8/8/8/PPPPPPPP/NRBBKQNR w KQkq - 0 1,47,6,e4,False,True,False
246,nrbkqbnr/pppppppp/8/8/8/8/PPPPPPPP/NRBKQBNR w KQkq - 0 1,46,4,d4,False,False,False
247,nrbkqnrb/pppppppp/8/8/8/8/PPPPPPPP/NRBKQNRB w KQkq - 0 1,33,8,d3,False,False,False
248,nbrkbqnr/pppppppp/8/8/8/8/PPPPPPPP/NBRKBQNR w KQkq - 0 1,43,8,c4,False,False,False
249,nrkbbqnr/pppppppp/8/8/8/8/PPPPPPPP/NRKBBQNR w KQkq - 0 1,39,8,e4,False,False,False
250,nrkqbbnr/pppppppp/8/8/8/8/PPPPPPPP/NRKQBBNR w KQkq - 0 1,42,6,c4,False,True,False
251,nrkqbnrb/pppppppp/8/8/8/8/PPPPPPPP/NRKQBNRB w KQkq - 0 1,18,10,d4,False,True,False
252,nbrkqnbr/pppppppp/8/8/8/8/PPPPPPPP/NBRKQNBR w KQkq - 0 1,30,8,c4,False,False,False
253,nrkbqnbr/pppppppp/8/8/8/8/PPPPPPPP/NRKBQNBR w KQkq - 0 1,31,8,Nb3,False,False,False
254,nrkqnbbr/pppppppp/8/8/8/8/PPPPPPPP/NRKQNBBR w KQkq - 0 1,52,10,Nb3,False,True,False
255,nrkqnrbb/pppppppp/8/8/8/8/PPPPPPPP/NRKQNRBB w KQkq - 0 1,21,14,g3,False,True,False
256,bbnrknqr/pppppppp/8/8/8/8/PPPPPPPP/BBNRKNQR w KQkq - 0 1,39,14,d4,False,True,False
257,bnrbknqr/pppppppp/8/8/8/8/PPPPPPPP/BNRBKNQR w KQkq - 0 1,27,10,b4,False,True,False
258,bnrknbqr/pppppppp/8/8/8/8/PPPPPPPP/BNRKNBQR w KQkq - 0 1,26,10,g4,False,False,False
259,bnrknqrb/pppppppp/8/8/8/8/PPPPPPPP/BNRKNQRB w KQkq - 0 1,22,12,g4,False,False,False
260,nbbrknqr/pppppppp/8/8/8/8/PPPPPPPP/NBBRKNQR w KQkq - 0 1,4,12,c3,False,True,False
261,nrbbknqr/pppppppp/8/8/8/8/PPPPPPPP/NRBBKNQR w KQkq - 0 1,34,8,f4,False,True,False
262,nrbknbqr/pppppppp/8/8/8/8/PPPPPPPP/NRBKNBQR w KQkq - 0 1,48,8,c4,False,False,False
263,nrbknqrb/pppppppp/8/8/8/8/PPPPPPPP/NRBKNQRB w KQkq - 0 1,29,10,g4,False,False,False
264,nbrkbnqr/pppppppp/8/8/8/8/PPPPPPPP/NBRKBNQR w KQkq - 0 1,47,10,Nb3,False,False,False
265,nrkbbnqr/pppppppp/8/8/8/8/PPPPPPPP/NRKBBNQR w KQkq - 0 1,30,10,f4,False,False,False
266,nrknbbqr/pppppppp/8/8/8/8/PPPPPPPP/NRKNBBQR w KQkq - 0 1,46,12,d4,False,True,True
267,nrknbqrb/pppppppp/8/8/8/8/PPPPPPPP/NRKNBQRB w KQkq - 0 1,27,14,g4,False,True,True
268,nbrknqbr/pppppppp/8/8/8/8/PPPPPPPP/NBRKNQBR w KQkq - 0 1,47,10,f4,False,False,False
269,nrkbnqbr/pppppppp/8/8/8/8/PPPPPPPP/NRKBNQBR w KQkq - 0 1,19,10,a4,False,False,False
270,nrknqbbr/pppppppp/8/8/8/8/PPPPPPPP/NRKNQBBR w KQkq - 0 1,14,12,f3,False,True,True
271,nrknqrbb/pppppppp/8/8/8/8/PPPPPPPP/NRKNQRBB w KQkq - 0 1,17,16,b3,False,True,True
272,bbnrknrq/pppppppp/8/8/8/8/PPPPPPPP/BBNRKNRQ w KQkq - 0 1,50,16,g4,False,True,False
273,bnrbknrq/pppppppp/8/8/8/8/PPPPPPPP/BNRBKNRQ w KQkq - 0 1,27,12,b4,False,True,False
274,bnrknbrq/pppppppp/8/8/8/8/PPPPPPPP/BNRKNBRQ w KQkq - 0 1,63,12,g4,False,False,False
275,bnrknrqb/pppppppp/8/8/8/8/PPPPPPPP/BNRKNRQB w KQkq - 0 1,26,14,g4,False,False,False
276,nbbrknrq/pppppppp/8/8/8/8/PPPPPPPP/NBBRKNRQ w KQkq - 0 1,22,14,c4,False,True,False
277,nrbbknrq/pppppppp/8/8/8/8/PPPPPPPP/NRBBKNRQ w KQkq - 0 1,44,10,d4,False,True,False
278,nrbknbrq/pppppppp/8/8/8/8/PPPPPPPP/NRBKNBRQ w KQkq - 0 1,13,10,g4,False,False,False
279,nrbknrqb/pppppppp/8/8/8/8/PPPPPPPP/NRBKNRQB w KQkq - 0 1,53,12,f4,False,False,False
280,nbrkbnrq/pppppppp/8/8/8/8/PPPPPPPP/NBRKBNRQ w KQkq - 0 1,34,12,g3,False,False,False
281,nrkbbnrq/pppppppp/8/8/8/8/PPPPPPPP/NRKBBNRQ w KQkq - 0 1,28,12,f4,False,False,False
282,nrknbbrq/pppppppp/8/8/8/8/PPPPPPPP/NRKNBBRQ w KQkq - 0 1,35,14,Nc3,False,True,True
283,nrknbrqb/pppppppp/8/8/8/8/PPPPPPPP/NRKNBRQB w KQkq - 0 1,42,16,g4,False,True,True
284,nbrknrbq/pppppppp/8/8/8/8/PPPPPPPP/NBRKNRBQ w KQkq - 0 1,46,14,f4,False,False,False
285,nrkbnrbq/pppppppp/8/8/8/8/PPPPPPPP/NRKBNRBQ w KQkq - 0 1,32,14,Nb3,False,False,False
286,nrknrbbq/pppppppp/8/8/8/8/PPPPPPPP/NRKNRBBQ w KQkq - 0 1,21,18,Nc3,False,True,True
287,nrknrqbb/pppppppp/8/8/8/8/PPPPPPPP/NRKNRQBB w KQkq - 0 1,36,18,f4,False,True,True
288,bbqnrkrn/pppppppp/8/8/8/8/PPPPPPPP/BBQNRKRN w KQkq - 0 1,8,16,c4,True,True,False
289,bqnbrkrn/pppppppp/8/8/8/8/PPPPPPPP/BQNBRKRN w KQkq - 0 1,35,14,b4,True,True,False
290,bqnrkbrn/pppppppp/8/8/8/8/PPPPPPPP/BQNRKBRN w KQkq - 0 1,51,10,c4,False,False,False
291,bqnrkrnb/pppppppp/8/8/8/8/PPPPPPPP/BQNRKRNB w KQkq - 0 1,22,12,g3,False,False,False
292,qbbnrkrn/pppppppp/8/8/8/8/PPPPPPPP/QBBNRKRN w KQkq - 0 1,40,16,c4,True,True,False
293,qnbbrkrn/pppppppp/8/8/8/8/PPPPPPPP/QNBBRKRN w KQkq - 0 1,39,12,d4,True,True,False
294,qnbrkbrn/pppppppp/8/8/8/8/PPPPPPPP/QNBRKBRN w KQkq - 0 1,31,8,b3,False,False,False
295,qnbrkrnb/pppppppp/8/8/8/8/PPPPPPPP/QNBRKRNB w KQkq - 0 1,28,10,Nf3,False,False,False
296,qbnrbkrn/pppppppp/8/8/8/8/PPPPPPPP/QBNRBKRN w KQkq - 0 1,17,12,c4,False,False,False
297,qnrbbkrn/pppppppp/8/8/8/8/PPPPPPPP/QNRBBKRN w KQkq - 0 1,38,10,d4,False,False,False
298,qnrkbbrn/pppppppp/8/8/8/8/PPPPPPPP/QNRKBBRN w KQkq - 0 1,26,10,d4,False,True,False
299,qnrkbrnb/pppppppp/8/8/8/8/PPPPPPPP/QNRKBRNB w KQkq - 0 1,20,12,d3,False,True,False
300,qbnrkrbn/pppppppp/8/8/8/8/PPPPPPPP/QBNRKRBN w KQkq - 0 1,24,12,Ng3,False,False,False
301,qnrbkrbn/pppppppp/8/8/8/8/PPPPPPPP/QNRBKRBN w KQkq - 0 1,21,10,Ng3,False,False,False
302,qnrkrbbn/pppppppp/8/8/8/8/PPPPPPPP/QNRKRBBN w KQkq - 0 1,43,14,d4,False,True,False
303,qnrkrnbb/pppppppp/8/8/8/8/PPPPPPPP/QNRKRNBB w KQkq - 0 1,33,16,g3,False,True,False
304,bbnqrkrn/pppppppp/8/8/8/8/PPPPPPPP/BBNQRKRN w KQkq - 0 1,15,14,Ng3,True,True,False
305,bnqbrkrn/pppppppp/8/8/8/8/PPPPPPPP/BNQBRKRN w KQkq - 0 1,27,12,b4,True,True,False
306,bnqrkbrn/pppppppp/8/8/8/8/PPPPPPPP/BNQRKBRN w KQkq - 0 1,33,8,d4,False,False,False
307,bnqrkrnb/pppppppp/8/8/8/8/PPPPPPPP/BNQRKRNB w KQkq - 0 1,26,10,g3,False,False,False
308,nbbqrkrn/pppppppp/8/8/8/8/PPPPPPPP/NBBQRKRN w KQkq - 0 1,41,12,c3,True,True,False
309,nqbbrkrn/pppppppp/8/8/8/8/PPPPPPPP/NQBBRKRN w KQkq - 0 1,28,12,e4,True,True,False
310,nqbrkbrn/pppppppp/8/8/8/8/PPPPPPPP/NQBRKBRN w KQkq - 0 1,54,8,Ng3,False,False,False
311,nqbrkrnb/pppppppp/8/8/8/8/PPPPPPPP/NQBRKRNB w KQkq - 0 1,37,10,c4,False,False,False
312,nbqrbkrn/pppppppp/8/8/8/8/PPPPPPPP/NBQRBKRN w KQkq - 0 1,27,10,c4,False,False,False
313,nqrbbkrn/pppppppp/8/8/8/8/PPPPPPPP/NQRBBKRN w KQkq - 0 1,17,10,c4,False,False,False
314,nqrkbbrn/pppppppp/8/8/8/8/PPPPPPPP/NQRKBBRN w KQkq - 0 1,88,10,c4,False,True,False
315,nqrkbrnb/pppppppp/8/8/8/8/PPPPPPPP/NQRKBRNB w KQkq - 0 1,61,12,d3,False,True,False
316,nbqrkrbn/pppppppp/8/8/8/8/PPPPPPPP/NBQRKRBN w KQkq - 0 1,47,10,f4,False,False,False
317,nqrbkrbn/pppppppp/8/8/8/8/PPPPPPPP/NQRBKRBN w KQkq - 0 1,68,10,Ng3,False,False,False
318,nqrkrbbn/pppppppp/8/8/8/8/PPPPPPPP/NQRKRBBN w KQkq - 0 1,18,14,c4,False,True,False
319,nqrkrnbb/pppppppp/8/8/8/8/PPPPPPPP/NQRKRNBB w KQkq - 0 1,25,16,f4,False,True,False
320,bbnrqkrn/pppppppp/8/8/8/8/PPPPPPPP/BBNRQKRN w KQkq - 0 1,31,14,c4,False,True,False
321,bnrbqkrn/pppppppp/8/8/8/8/PPPPPPPP/BNRBQKRN w KQkq - 0 1,19,10,O-O,False,True,False
322,bnrqkbrn/pppppppp/8/8/8/8/PPPPPPPP/BNRQKBRN w KQkq - 0 1,28,6,e3,False,False,False
323,bnrqkrnb/pppppppp/8/8/8/8/PPPPPPPP/BNRQKRNB w KQkq - 0 1,22,8,g3,False,False,False
324,nbbrqkrn/pppppppp/8/8/8/8/PPPPPPPP/NBBRQKRN w KQkq - 0 1,25,12,c4,False,True,False
325,nrbbqkrn/pppppppp/8/8/8/8/PPPPPPPP/NRBBQKRN w KQkq - 0 1,24,8,O-O,False,True,False
326,nrbqkbrn/pppppppp/8/8/8/8/PPPPPPPP/NRBQKBRN w KQkq - 0 1,61,4,e4,False,False,False
327,nrbqkrnb/pppppppp/8/8/8/8/PPPPPPPP/NRBQKRNB w KQkq - 0 1,6,6,Nf3,False,False,False
328,nbrqbkrn/pppppppp/8/8/8/8/PPPPPPPP/NBRQBKRN w KQkq - 0 1,27,8,O-O,False,False,False
329,nrqbbkrn/pppppppp/8/8/8/8/PPPPPPPP/NRQBBKRN w KQkq - 0 1,33,8,b4,False,False,False
330,nrqkbbrn/pppppppp/8/8/8/8/PPPPPPPP/NRQKBBRN w KQkq - 0 1,51,8,d4,False,True,False
331,nrqkbrnb/pppppppp/8/8/8/8/PPPPPPPP/NRQKBRNB w KQkq - 0 1,33,10,d3,False,True,False
332,nbrqkrbn/pppppppp/8/8/8/8/PPPPPPPP/NBRQKRBN w KQkq - 0 1,60,8,f4,False,False,False
333,nrqbkrbn/pppppppp/8/8/8/8/PPPPPPPP/NRQBKRBN w KQkq - 0 1,59,8,f4,False,False,False
334,nrqkrbbn/pppppppp/8/8/8/8/PPPPPPPP/NRQKRBBN w KQkq - 0 1,52,12,f3,False,True,False
335,nrqkrnbb/pppppppp/8/8/8/8/PPPPPPPP/NRQKRNBB w KQkq - 0 1,35,14,f4,False,True,False
336,bbnrkqrn/pppppppp/8/8/8/8/PPPPPPPP/BBNRKQRN w KQkq - 0 1,46,14,c4,False,True,False
337,bnrbkqrn/pppppppp/8/8/8/8/PPPPPPPP/BNRBKQRN w KQkq - 0 1,41,10,f4,False,True,False
338,bnrkqbrn/pppppppp/8/8/8/8/PPPPPPPP/BNRKQBRN w KQkq - 0 1,24,8,b3,False,False,False
339,bnrkqrnb/pppppppp/8/8/8/8/PPPPPPPP/BNRKQRNB w KQkq - 0 1,13,10,b3,False,False,False
340,nbbrkqrn/pppppppp/8/8/8/8/PPPPPPPP/NBBRKQRN w KQkq - 0 1,38,12,c4,False,True,False
341,nrbbkqrn/pppppppp/8/8/8/8/PPPPPPPP/NRBBKQRN w KQkq - 0 1,46,8,f4,False,True,False
342,nrbkqbrn/pppppppp/8/8/8/8/PPPPPPPP/NRBKQBRN w KQkq - 0 1,49,6,d4,False,False,False
343,nrbkqrnb/pppppppp/8/8/8/8/PPPPPPPP/NRBKQRNB w KQkq - 0 1,62,8,d3,False,False,False
344,nbrkbqrn/pppppppp/8/8/8/8/PPPPPPPP/NBRKBQRN w KQkq - 0 1,44,10,c4,False,False,False
345,nrkbbqrn/pppppppp/8/8/8/8/PPPPPPPP/NRKBBQRN w KQkq - 0 1,29,10,g4,False,False,False
346,nrkqbbrn/pppppppp/8/8/8/8/PPPPPPPP/NRKQBBRN w KQkq - 0 1,33,8,e4,False,True,False
347,nrkqbrnb/pppppppp/8/8/8/8/PPPPPPPP/NRKQBRNB w KQkq - 0 1,30,10,f4,False,True,False
348,nbrkqrbn/pppppppp/8/8/8/8/PPPPPPPP/NBRKQRBN w KQkq - 0 1,45,10,c4,False,False,False
349,nrkbqrbn/pppppppp/8/8/8/8/PPPPPPPP/NRKBQRBN w KQkq - 0 1,55,10,f4,False,False,False
350,nrkqrbbn/pppppppp/8/8/8/8/PPPPPPPP/NRKQRBBN w KQkq - 0 1,42,12,e4,False,True,False
351,nrkqrnbb/pppppppp/8/8/8/8/PPPPPPPP/NRKQRNBB w KQkq - 0 1,27,14,Nb3,False,True,False
352,bbnrkrqn/pppppppp/8/8/8/8/PPPPPPPP/BBNRKRQN w KQkq - 0 1,30,16,c4,False,True,False
353,bnrbkrqn/pppppppp/8/8/8/8/PPPPPPPP/BNRBKRQN w KQkq - 0 1,30,12,b3,False,True,False
354,bnrkrbqn/pppppppp/8/8/8/8/PPPPPPPP/BNRKRBQN w KQkq - 0 1,30,12,f4,False,False,False
355,bnrkrqnb/pppppppp/8/8/8/8/PPPPPPPP/BNRKRQNB w KQkq - 0 1,38,12,g3,False,False,False
356,nbbrkrqn/pppppppp/8/8/8/8/PPPPPPPP/NBBRKRQN w KQkq - 0 1,19,14,f4,False,True,False
357,nrbbkrqn/pppppppp/8/8/8/8/PPPPPPPP/NRBBKRQN w KQkq - 0 1,46,10,f4,False,True,False
358,nrbkrbqn/pppppppp/8/8/8/8/PPPPPPPP/NRBKRBQN w KQkq - 0 1,69,10,f3,False,False,False
359,nrbkrqnb/pppppppp/8/8/8/8/PPPPPPPP/NRBKRQNB w KQkq - 0 1,32,10,d3,False,False,False
360,nbrkbrqn/pppppppp/8/8/8/8/PPPPPPPP/NBRKBRQN w KQkq - 0 1,30,12,c4,False,False,False
361,nrkbbrqn/pppppppp/8/8/8/8/PPPPPPPP/NRKBBRQN w KQkq - 0 1,28,12,g4,False,False,False
362,nrkrbbqn/pppppppp/8/8/8/8/PPPPPPPP/NRKRBBQN w KQkq - 0 1,37,14,f3,True,True,False
363,nrkrbqnb/pppppppp/8/8/8/8/PPPPPPPP/NRKRBQNB w KQkq - 0 1,16,14,g4,True,True,False
364,nbrkrqbn/pppppppp/8/8/8/8/PPPPPPPP/NBRKRQBN w KQkq - 0 1,21,12,f4,False,False,False
365,nrkbrqbn/pppppppp/8/8/8/8/PPPPPPPP/NRKBRQBN w KQkq - 0 1,38,12,Nb3,False,False,False
366,nrkrqbbn/pppppppp/8/8/8/8/PPPPPPPP/NRKRQBBN w KQkq - 0 1,42,14,e4,True,True,False
367,nrkrqnbb/pppppppp/8/8/8/8/PPPPPPPP/NRKRQNBB w KQkq - 0 1,32,16,f4,True,True,False
368,bbnrkrnq/pppppppp/8/8/8/8/PPPPPPPP/BBNRKRNQ w KQkq - 0 1,59,16,g3,False,True,False
369,bnrbkrnq/pppppppp/8/8/8/8/PPPPPPPP/BNRBKRNQ w KQkq - 0 1,33,12,b4,False,True,False
370,bnrkrbnq/pppppppp/8/8/8/8/PPPPPPPP/BNRKRBNQ w KQkq - 0 1,31,12,b3,False,False,False
371,bnrkrnqb/pppppppp/8/8/8/8/PPPPPPPP/BNRKRNQB w KQkq - 0 1,22,14,g3,False,False,False
372,nbbrkrnq/pppppppp/8/8/8/8/PPPPPPPP/NBBRKRNQ w KQkq - 0 1,29,14,d4,False,True,False
373,nrbbkrnq/pppppppp/8/8/8/8/PPPPPPPP/NRBBKRNQ w KQkq - 0 1,39,10,d3,False,True,False
374,nrbkrbnq/pppppppp/8/8/8/8/PPPPPPPP/NRBKRBNQ w KQkq - 0 1,25,10,f4,False,False,False
375,nrbkrnqb/pppppppp/8/8/8/8/PPPPPPPP/NRBKRNQB w KQkq - 0 1,44,12,f4,False,False,False
376,nbrkbrnq/pppppppp/8/8/8/8/PPPPPPPP/NBRKBRNQ w KQkq - 0 1,27,12,O-O-O,False,False,False
377,nrkbbrnq/pppppppp/8/8/8/8/PPPPPPPP/NRKBBRNQ w KQkq - 0 1,38,12,e4,False,False,False
378,nrkrbbnq/pppppppp/8/8/8/8/PPPPPPPP/NRKRBBNQ w KQkq - 0 1,41,14,e4,True,True,False
379,nrkrbnqb/pppppppp/8/8/8/8/PPPPPPPP/NRKRBNQB w KQkq - 0 1,36,16,f4,True,True,False
380,nbrkrnbq/pppppppp/8/8/8/8/PPPPPPPP/NBRKRNBQ w KQkq - 0 1,15,14,c3,False,False,False
381,nrkbrnbq/pppppppp/8/8/8/8/PPPPPPPP/NRKBRNBQ w KQkq - 0 1,28,14,f4,False,False,False
382,nrkrnbbq/pppppppp/8/8/8/8/PPPPPPPP/NRKRNBBQ w KQkq - 0 1,35,18,a4,True,True,False
383,nrkrnqbb/pppppppp/8/8/8/8/PPPPPPPP/NRKRNQBB w KQkq - 0 1,21,18,f4,True,True,False
384,bbqrnnkr/pppppppp/8/8/8/8/PPPPPPPP/BBQRNNKR w KQkq - 0 1,39,16,c4,False,True,True
385,bqrbnnkr/pppppppp/8/8/8/8/PPPPPPPP/BQRBNNKR w KQkq - 0 1,17,14,h4,False,True,True
386,bqrnnbkr/pppppppp/8/8/8/8/PPPPPPPP/BQRNNBKR w KQkq - 0 1,16,12,b4,False,False,False
387,bqrnnkrb/pppppppp/8/8/8/8/PPPPPPPP/BQRNNKRB w KQkq - 0 1,17,14,b3,False,False,False
388,qbbrnnkr/pppppppp/8/8/8/8/PPPPPPPP/QBBRNNKR w KQkq - 0 1,43,16,b3,False,True,True
389,qrbbnnkr/pppppppp/8/8/8/8/PPPPPPPP/QRBBNNKR w KQkq - 0 1,23,12,b4,False,True,True
390,qrbnnbkr/pppppppp/8/8/8/8/PPPPPPPP/QRBNNBKR w KQkq - 0 1,29,10,h4,False,False,False
391,qrbnnkrb/pppppppp/8/8/8/8/PPPPPPPP/QRBNNKRB w KQkq - 0 1,12,12,g3,False,False,False
392,qbrnbnkr/pppppppp/8/8/8/8/PPPPPPPP/QBRNBNKR w KQkq - 0 1,35,12,Nde3,False,False,False
393,qrnbbnkr/pppppppp/8/8/8/8/PPPPPPPP/QRNBBNKR w KQkq - 0 1,28,10,e4,False,False,False
394,qrnnbbkr/pppppppp/8/8/8/8/PPPPPPPP/QRNNBBKR w KQkq - 0 1,25,12,h4,False,True,True
395,qrnnbkrb/pppppppp/8/8/8/8/PPPPPPPP/QRNNBKRB w KQkq - 0 1,39,14,O-O,False,True,True
396,qbrnnkbr/pppppppp/8/8/8/8/PPPPPPPP/QBRNNKBR w KQkq - 0 1,38,12,d4,False,False,False
397,qrnbnkbr/pppppppp/8/8/8/8/PPPPPPPP/QRNBNKBR w KQkq - 0 1,34,10,f3,False,False,False
398,qrnnkbbr/pppppppp/8/8/8/8/PPPPPPPP/QRNNKBBR w KQkq - 0 1,35,12,e4,False,True,True
399,qrnnkrbb/pppppppp/8/8/8/8/PPPPPPPP/QRNNKRBB w KQkq - 0 1,52,16,b3,False,True,True
400,bbrqnnkr/pppppppp/8/8/8/8/PPPPPPPP/BBRQNNKR w KQkq - 0 1,15,14,c4,False,True,True
401,brqbnnkr/pppppppp/8/8/8/8/PPPPPPPP/BRQBNNKR w KQkq - 0 1,23,12,b4,False,True,True
402,brqnnbkr/pppppppp/8/8/8/8/PPPPPPPP/BRQNNBKR w KQkq - 0 1,22,10,h4,False,False,False
403,brqnnkrb/pppppppp/8/8/8/8/PPPPPPPP/BRQNNKRB w KQkq - 0 1,17,12,b4,False,False,False
404,rbbqnnkr/pppppppp/8/8/8/8/PPPPPPPP/RBBQNNKR w KQkq - 0 1,34,10,e4,False,True,True
405,rqbbnnkr/pppppppp/8/8/8/8/PPPPPPPP/RQBBNNKR w KQkq - 0 1,49,10,e4,False,True,True
406,rqbnnbkr/pppppppp/8/8/8/8/PPPPPPPP/RQBNNBKR w KQkq - 0 1,39,8,d4,False,False,False
407,rqbnnkrb/pppppppp/8/8/8/8/PPPPPPPP/RQBNNKRB w KQkq - 0 1,23,10,d4,False,False,False
408,rbqnbnkr/pppppppp/8/8/8/8/PPPPPPPP/RBQNBNKR w KQkq - 0 1,71,8,d4,False,False,False
409,rqnbbnkr/pppppppp/8/8/8/8/PPPPPPPP/RQNBBNKR w KQkq - 0 1,29,8,e4,False,False,False
410,rqnnbbkr/pppppppp/8/8/8/8/PPPPPPPP/RQNNBBKR w KQkq - 0 1,40,10,e4,False,True,True
411,rqnnbkrb/pppppppp/8/8/8/8/PPPPPPPP/RQNNBKRB w KQkq - 0 1,39,12,e4,False,True,True
412,rbqnnkbr/pppppppp/8/8/8/8/PPPPPPPP/RBQNNKBR w KQkq - 0 1,25,8,d4,False,False,False
413,rqnbnkbr/pppppppp/8/8/8/8/PPPPPPPP/RQNBNKBR w KQkq - 0 1,22,8,h3,False,False,False
414,rqnnkbbr/pppppppp/8/8/8/8/PPPPPPPP/RQNNKBBR w KQkq - 0 1,26,10,e4,False,True,True
415,rqnnkrbb/pppppppp/8/8/8/8/PPPPPPPP/RQNNKRBB w KQkq - 0 1,26,14,f4,False,True,True
416,bbrnqnkr/pppppppp/8/8/8/8/PPPPPPPP/BBRNQNKR w KQkq - 0 1,36,14,d4,False,True,False
417,brnbqnkr/pppppppp/8/8/8/8/PPPPPPPP/BRNBQNKR w KQkq - 0 1,33,10,e4,False,True,False
418,brnqnbkr/pppppppp/8/8/8/8/PPPPPPPP/BRNQNBKR w KQkq - 0 1,16,8,c4,False,False,False
419,brnqnkrb/pppppppp/8/8/8/8/PPPPPPPP/BRNQNKRB w KQkq - 0 1,15,10,b3,False,False,False
420,rbbnqnkr/pppppppp/8/8/8/8/PPPPPPPP/RBBNQNKR w KQkq - 0 1,28,10,e4,False,True,False
421,rnbbqnkr/pppppppp/8/8/8/8/PPPPPPPP/RNBBQNKR w KQkq - 0 1,41,6,d4,False,True,False
422,rnbqnbkr/pppppppp/8/8/8/8/PPPPPPPP/RNBQNBKR w KQkq - 0 1,18,4,c4,False,False,False
423,rnbqnkrb/pppppppp/8/8/8/8/PPPPPPPP/RNBQNKRB w KQkq - 0 1,25,6,c4,False,False,False
424,rbnqbnkr/pppppppp/8/8/8/8/PPPPPPPP/RBNQBNKR w KQkq - 0 1,51,6,e4,False,False,False
425,rnqbbnkr/pppppppp/8/8/8/8/PPPPPPPP/RNQBBNKR w KQkq - 0 1,29,6,d4,False,False,False
426,rnqnbbkr/pppppppp/8/8/8/8/PPPPPPPP/RNQNBBKR w KQkq - 0 1,39,8,d4,False,True,True
427,rnqnbkrb/pppppppp/8/8/8/8/PPPPPPPP/RNQNBKRB w KQkq - 0 1,42,10,d3,False,True,True
428,rbnqnkbr/pppppppp/8/8/8/8/PPPPPPPP/RBNQNKBR w KQkq - 0 1,18,6,e4,False,False,False
429,rnqbnkbr/pppppppp/8/8/8/8/PPPPPPPP/RNQBNKBR w KQkq - 0 1,45,6,f3,False,False,False
430,rnqnkbbr/pppppppp/8/8/8/8/PPPPPPPP/RNQNKBBR w KQkq - 0 1,53,8,d4,False,True,True
431,rnqnkrbb/pppppppp/8/8/8/8/PPPPPPPP/RNQNKRBB w KQkq - 0 1,10,12,f4,False,True,True
432,bbrnnqkr/pppppppp/8/8/8/8/PPPPPPPP/BBRNNQKR w KQkq - 0 1,9,16,c4,False,True,False
433,brnbnqkr/pppppppp/8/8/8/8/PPPPPPPP/BRNBNQKR w KQkq - 0 1,42,12,e4,False,True,False
434,brnnqbkr/pppppppp/8/8/8/8/PPPPPPPP/BRNNQBKR w KQkq - 0 1,41,10,d4,False,False,True
435,brnnqkrb/pppppppp/8/8/8/8/PPPPPPPP/BRNNQKRB w KQkq - 0 1,31,12,b3,False,False,True
436,rbbnnqkr/pppppppp/8/8/8/8/PPPPPPPP/RBBNNQKR w KQkq - 0 1,41,12,d4,False,True,False
437,rnbbnqkr/pppppppp/8/8/8/8/PPPPPPPP/RNBBNQKR w KQkq - 0 1,25,8,d4,False,True,False
438,rnbnqbkr/pppppppp/8/8/8/8/PPPPPPPP/RNBNQBKR w KQkq - 0 1,33,6,d4,False,False,True
439,rnbnqkrb/pppppppp/8/8/8/8/PPPPPPPP/RNBNQKRB w KQkq - 0 1,31,8,g4,False,False,True
440,rbnnbqkr/pppppppp/8/8/8/8/PPPPPPPP/RBNNBQKR w KQkq - 0 1,43,10,e4,False,False,True
441,rnnbbqkr/pppppppp/8/8/8/8/PPPPPPPP/RNNBBQKR w KQkq - 0 1,27,10,d4,False,False,True
442,rnnqbbkr/pppppppp/8/8/8/8/PPPPPPPP/RNNQBBKR w KQkq - 0 1,33,8,c4,False,True,True
443,rnnqbkrb/pppppppp/8/8/8/8/PPPPPPPP/RNNQBKRB w KQkq - 0 1,9,10,g3,False,True,True
444,rbnnqkbr/pppppppp/8/8/8/8/PPPPPPPP/RBNNQKBR w KQkq - 0 1,30,8,f3,False,False,True
445,rnnbqkbr/pppppppp/8/8/8/8/PPPPPPPP/RNNBQKBR w KQkq - 0 1,15,8,e4,False,False,True
446,rnnqkbbr/pppppppp/8/8/8/8/PPPPPPPP/RNNQKBBR w KQkq - 0 1,38,8,e4,False,True,True
447,rnnqkrbb/pppppppp/8/8/8/8/PPPPPPPP/RNNQKRBB w KQkq - 0 1,43,12,g3,False,True,True
448,bbrnnkqr/pppppppp/8/8/8/8/PPPPPPPP/BBRNNKQR w KQkq - 0 1,23,16,c4,False,True,False
449,brnbnkqr/pppppppp/8/8/8/8/PPPPPPPP/BRNBNKQR w KQkq - 0 1,32,12,f4,False,True,False
450,brnnkbqr/pppppppp/8/8/8/8/PPPPPPPP/BRNNKBQR w KQkq - 0 1,50,10,f3,False,False,True
451,brnnkqrb/pppppppp/8/8/8/8/PPPPPPPP/BRNNKQRB w KQkq - 0 1,17,12,g4,False,False,True
452,rbbnnkqr/pppppppp/8/8/8/8/PPPPPPPP/RBBNNKQR w KQkq - 0 1,26,12,f3,False,True,False
453,rnbbnkqr/pppppppp/8/8/8/8/PPPPPPPP/RNBBNKQR w KQkq - 0 1,32,8,e4,False,True,False
454,rnbnkbqr/pppppppp/8/8/8/8/PPPPPPPP/RNBNKBQR w KQkq - 0 1,39,6,Nbc3,False,False,True
455,rnbnkqrb/pppppppp/8/8/8/8/PPPPPPPP/RNBNKQRB w KQkq - 0 1,10,8,g4,False,False,True
456,rbnnbkqr/pppppppp/8/8/8/8/PPPPPPPP/RBNNBKQR w KQkq - 0 1,25,10,f3,False,False,True
457,rnnbbkqr/pppppppp/8/8/8/8/PPPPPPPP/RNNBBKQR w KQkq - 0 1,39,10,e4,False,False,True
458,rnnkbbqr/pppppppp/8/8/8/8/PPPPPPPP/RNNKBBQR w KQkq - 0 1,48,10,d4,False,True,True
459,rnnkbqrb/pppppppp/8/8/8/8/PPPPPPPP/RNNKBQRB w KQkq - 0 1,27,12,g4,False,True,True
460,rbnnkqbr/pppppppp/8/8/8/8/PPPPPPPP/RBNNKQBR w KQkq - 0 1,32,8,e4,False,False,True
461,rnnbkqbr/pppppppp/8/8/8/8/PPPPPPPP/RNNBKQBR w KQkq - 0 1,38,8,e4,False,False,True
462,rnnkqbbr/pppppppp/8/8/8/8/PPPPPPPP/RNNKQBBR w KQkq - 0 1,44,10,d4,False,True,True
463,rnnkqrbb/pppppppp/8/8/8/8/PPPPPPPP/RNNKQRBB w KQkq - 0 1,35,14,f4,False,True,True
464,bbrnnkrq/pppppppp/8/8/8/8/PPPPPPPP/BBRNNKRQ w KQkq - 0 1,30,18,g4,False,True,False
465,brnbnkrq/pppppppp/8/8/8/8/PPPPPPPP/BRNBNKRQ w KQkq - 0 1,56,14,e3,False,True,False
466,brnnkbrq/pppppppp/8/8/8/8/PPPPPPPP/BRNNKBRQ w KQkq - 0 1,30,12,g4,False,False,True
467,brnnkrqb/pppppppp/8/8/8/8/PPPPPPPP/BRNNKRQB w KQkq - 0 1,15,14,g4,False,False,True
468,rbbnnkrq/pppppppp/8/8/8/8/PPPPPPPP/RBBNNKRQ w KQkq - 0 1,28,14,g3,False,True,False
469,rnbbnkrq/pppppppp/8/8/8/8/PPPPPPPP/RNBBNKRQ w KQkq - 0 1,21,10,h4,False,True,False
470,rnbnkbrq/pppppppp/8/8/8/8/PPPPPPPP/RNBNKBRQ w KQkq - 0 1,38,8,g4,False,False,True
471,rnbnkrqb/pppppppp/8/8/8/8/PPPPPPPP/RNBNKRQB w KQkq - 0 1,23,10,g4,False,False,True
472,rbnnbkrq/pppppppp/8/8/8/8/PPPPPPPP/RBNNBKRQ w KQkq - 0 1,23,12,c3,False,False,True
473,rnnbbkrq/pppppppp/8/8/8/8/PPPPPPPP/RNNBBKRQ w KQkq - 0 1,53,12,d4,False,False,True
474,rnnkbbrq/pppppppp/8/8/8/8/PPPPPPPP/RNNKBBRQ w KQkq - 0 1,42,12,g4,False,True,True
475,rnnkbrqb/pppppppp/8/8/8/8/PPPPPPPP/RNNKBRQB w KQkq - 0 1,31,14,Nc3,False,True,True
476,rbnnkrbq/pppppppp/8/8/8/8/PPPPPPPP/RBNNKRBQ w KQkq - 0 1,28,12,e4,False,False,True
477,rnnbkrbq/pppppppp/8/8/8/8/PPPPPPPP/RNNBKRBQ w KQkq - 0 1,35,12,Nc3,False,False,True
478,rnnkrbbq/pppppppp/8/8/8/8/PPPPPPPP/RNNKRBBQ w KQkq - 0 1,20,16,f4,False,True,True
479,rnnkrqbb/pppppppp/8/8/8/8/PPPPPPPP/RNNKRQBB w KQkq - 0 1,42,16,g3,False,True,True
480,bbqrnknr/pppppppp/8/8/8/8/PPPPPPPP/BBQRNKNR w KQkq - 0 1,28,14,c4,False,True,True
481,bqrbnknr/pppppppp/8/8/8/8/PPPPPPPP/BQRBNKNR w KQkq - 0 1,10,12,b4,False,True,True
482,bqrnkbnr/pppppppp/8/8/8/8/PPPPPPPP/BQRNKBNR w KQkq - 0 1,21,8,b4,False,False,False
483,bqrnknrb/pppppppp/8/8/8/8/PPPPPPPP/BQRNKNRB w KQkq - 0 1,27,12,g3,False,False,False
484,qbbrnknr/pppppppp/8/8/8/8/PPPPPPPP/QBBRNKNR w KQkq - 0 1,41,14,c4,False,True,True
485,qrbbnknr/pppppppp/8/8/8/8/PPPPPPPP/QRBBNKNR w KQkq - 0 1,26,10,Ngf3,False,True,True
486,qrbnkbnr/pppppppp/8/8/8/8/PPPPPPPP/QRBNKBNR w KQkq - 0 1,19,6,g3,False,False,False
487,qrbnknrb/pppppppp/8/8/8/8/PPPPPPPP/QRBNKNRB w KQkq - 0 1,36,10,b4,False,False,False
488,qbrnbknr/pppppppp/8/8/8/8/PPPPPPPP/QBRNBKNR w KQkq - 0 1,26,10,d4,False,False,False
489,qrnbbknr/pppppppp/8/8/8/8/PPPPPPPP/QRNBBKNR w KQkq - 0 1,25,8,e4,False,False,False
490,qrnkbbnr/pppppppp/8/8/8/8/PPPPPPPP/QRNKBBNR w KQkq - 0 1,39,8,b4,False,True,False
491,qrnkbnrb/pppppppp/8/8/8/8/PPPPPPPP/QRNKBNRB w KQkq - 0 1,24,12,g3,False,True,False
492,qbrnknbr/pppppppp/8/8/8/8/PPPPPPPP/QBRNKNBR w KQkq - 0 1,30,10,f3,False,False,False
493,qrnbknbr/pppppppp/8/8/8/8/PPPPPPPP/QRNBKNBR w KQkq - 0 1,22,8,e4,False,False,False
494,qrnknbbr/pppppppp/8/8/8/8/PPPPPPPP/QRNKNBBR w KQkq - 0 1,38,12,f3,False,True,False
495,qrnknrbb/pppppppp/8/8/8/8/PPPPPPPP/QRNKNRBB w KQkq - 0 1,39,16,b3,False,True,False
496,bbrqnknr/pppppppp/8/8/8/8/PPPPPPPP/BBRQNKNR w KQkq - 0 1,23,12,c4,False,True,True
497,brqbnknr/pppppppp/8/8/8/8/PPPPPPPP/BRQBNKNR w KQkq - 0 1,15,10,b4,False,True,True
498,brqnkbnr/pppppppp/8/8/8/8/PPPPPPPP/BRQNKBNR w KQkq - 0 1,16,6,e4,False,False,False
499,brqnknrb/pppppppp/8/8/8/8/PPPPPPPP/BRQNKNRB w KQkq - 0 1,34,10,g3,False,False,False
500,rbbqnknr/pppppppp/8/8/8/8/PPPPPPPP/RBBQNKNR w KQkq - 0 1,22,8,c4,False,True,True
501,rqbbnknr/pppppppp/8/8/8/8/PPPPPPPP/RQBBNKNR w KQkq - 0 1,41,8,e4,False,True,True
502,rqbnkbnr/pppppppp/8/8/8/8/PPPPPPPP/RQBNKBNR w KQkq - 0 1,45,4,e4,False,False,False
503,rqbnknrb/pppppppp/8/8/8/8/PPPPPPPP/RQBNKNRB w KQkq - 0 1,33,8,g3,False,False,False
504,rbqnbknr/pppppppp/8/8/8/8/PPPPPPPP/RBQNBKNR w KQkq - 0 1,71,6,d4,False,False,False
505,rqnbbknr/pppppppp/8/8/8/8/PPPPPPPP/RQNBBKNR w KQkq - 0 1,22,6,d4,False,False,False
506,rqnkbbnr/pppppppp/8/8/8/8/PPPPPPPP/RQNKBBNR w KQkq - 0 1,56,6,d4,False,True,False
507,rqnkbnrb/pppppppp/8/8/8/8/PPPPPPPP/RQNKBNRB w KQkq - 0 1,35,10,c3,False,True,False
508,rbqnknbr/pppppppp/8/8/8/8/PPPPPPPP/RBQNKNBR w KQkq - 0 1,50,6,d4,False,False,False
509,rqnbknbr/pppppppp/8/8/8/8/PPPPPPPP/RQNBKNBR w KQkq - 0 1,18,6,c3,False,False,False
510,rqnknbbr/pppppppp/8/8/8/8/PPPPPPPP/RQNKNBBR w KQkq - 0 1,28,10,e4,False,True,False
511,rqnknrbb/pppppppp/8/8/8/8/PPPPPPPP/RQNKNRBB w KQkq - 0 1,23,14,f4,False,True,False
512,bbrnqknr/pppppppp/8/8/8/8/PPPPPPPP/BBRNQKNR w KQkq - 0 1,17,12,d4,False,True,False
513,brnbqknr/pppppppp/8/8/8/8/PPPPPPPP/BRNBQKNR w KQkq - 0 1,8,8,Nh3,False,True,False
514,brnqkbnr/pppppppp/8/8/8/8/PPPPPPPP/BRNQKBNR w KQkq - 0 1,14,4,c4,False,False,False
515,brnqknrb/pppppppp/8/8/8/8/PPPPPPPP/BRNQKNRB w KQkq - 0 1,16,8,g3,False,False,False
516,rbbnqknr/pppppppp/8/8/8/8/PPPPPPPP/RBBNQKNR w KQkq - 0 1,40,8,e4,False,True,False
517,rnbbqknr/pppppppp/8/8/8/8/PPPPPPPP/RNBBQKNR w KQkq - 0 1,35,4,f4,False,True,False
518,rnbqkbnr/pppppppp/8/8/8/8/PPPPPPPP/RNBQKBNR w KQkq - 0 1,33,0,e4,False,False,False
519,rnbqknrb/pppppppp/8/8/8/8/PPPPPPPP/RNBQKNRB w KQkq - 0 1,18,4,d4,False,False,False
520,rbnqbknr/pppppppp/8/8/8/8/PPPPPPPP/RBNQBKNR w KQkq - 0 1,26,4,c4,False,False,False
521,rnqbbknr/pppppppp/8/8/8/8/PPPPPPPP/RNQBBKNR w KQkq - 0 1,25,4,c4,False,False,False
522,rnqkbbnr/pppppppp/8/8/8/8/PPPPPPPP/RNQKBBNR w KQkq - 0 1,39,4,d4,False,True,False
523,rnqkbnrb/pppppppp/8/8/8/8/PPPPPPPP/RNQKBNRB w KQkq - 0 1,19,8,d3,False,True,False
524,rbnqknbr/pppppppp/8/8/8/8/PPPPPPPP/RBNQKNBR w KQkq - 0 1,23,4,c3,False,False,False
525,rnqbknbr/pppppppp/8/8/8/8/PPPPPPPP/RNQBKNBR w KQkq - 0 1,52,4,d4,False,False,False
526,rnqknbbr/pppppppp/8/8/8/8/PPPPPPPP/RNQKNBBR w KQkq - 0 1,48,8,d4,False,True,False
527,rnqknrbb/pppppppp/8/8/8/8/PPPPPPPP/RNQKNRBB w KQkq - 0 1,11,12,f4,False,True,False
528,bbrnkqnr/pppppppp/8/8/8/8/PPPPPPPP/BBRNKQNR w KQkq - 0 1,32,12,f4,False,True,False
529,brnbkqnr/pppppppp/8/8/8/8/PPPPPPPP/BRNBKQNR w KQkq - 0 1,26,8,e3,False,True,False
530,brnkqbnr/pppppppp/8/8/8/8/PPPPPPPP/BRNKQBNR w KQkq - 0 1,33,6,e4,False,False,False
531,brnkqnrb/pppppppp/8/8/8/8/PPPPPPPP/BRNKQNRB w KQkq - 0 1,16,10,b3,False,False,False
532,rbbnkqnr/pppppppp/8/8/8/8/PPPPPPPP/RBBNKQNR w KQkq - 0 1,38,8,e4,False,True,False
533,rnbbkqnr/pppppppp/8/8/8/8/PPPPPPPP/RNBBKQNR w KQkq - 0 1,44,4,e4,False,True,False
534,rnbkqbnr/pppppppp/8/8/8/8/PPPPPPPP/RNBKQBNR w KQkq - 0 1,56,2,d4,False,False,False
535,rnbkqnrb/pppppppp/8/8/8/8/PPPPPPPP/RNBKQNRB w KQkq - 0 1,23,6,Nc3,False,False,False
536,rbnkbqnr/pppppppp/8/8/8/8/PPPPPPPP/RBNKBQNR w KQkq - 0 1,46,6,e4,False,False,False
537,rnkbbqnr/pppppppp/8/8/8/8/PPPPPPPP/RNKBBQNR w KQkq - 0 1,47,6,e4,False,False,False
538,rnkqbbnr/pppppppp/8/8/8/8/PPPPPPPP/RNKQBBNR w KQkq - 0 1,14,4,d4,False,True,False
539,rnkqbnrb/pppppppp/8/8/8/8/PPPPPPPP/RNKQBNRB w KQkq - 0 1,32,8,d4,False,True,False
540,rbnkqnbr/pppppppp/8/8/8/8/PPPPPPPP/RBNKQNBR w KQkq - 0 1,34,6,f3,False,False,False
541,rnkbqnbr/pppppppp/8/8/8/8/PPPPPPPP/RNKBQNBR w KQkq - 0 1,24,6,f4,False,False,False
542,rnkqnbbr/pppppppp/8/8/8/8/PPPPPPPP/RNKQNBBR w KQkq - 0 1,48,8,e4,False,True,False
543,rnkqnrbb/pppppppp/8/8/8/8/PPPPPPPP/RNKQNRBB w KQkq - 0 1,32,12,a4,False,True,False
544,bbrnknqr/pppppppp/8/8/8/8/PPPPPPPP/BBRNKNQR w KQkq - 0 1,6,14,b4,False,True,False
545,brnbknqr/pppppppp/8/8/8/8/PPPPPPPP/BRNBKNQR w KQkq - 0 1,42,10,f3,False,True,False
546,brnknbqr/pppppppp/8/8/8/8/PPPPPPPP/BRNKNBQR w KQkq - 0 1,40,10,b3,False,False,False
547,brnknqrb/pppppppp/8/8/8/8/PPPPPPPP/BRNKNQRB w KQkq - 0 1,28,12,b3,False,False,False
548,rbbnknqr/pppppppp/8/8/8/8/PPPPPPPP/RBBNKNQR w KQkq - 0 1,25,10,c3,False,True,False
549,rnbbknqr/pppppppp/8/8/8/8/PPPPPPPP/RNBBKNQR w KQkq - 0 1,44,6,f4,False,True,False
550,rnbknbqr/pppppppp/8/8/8/8/PPPPPPPP/RNBKNBQR w KQkq - 0 1,60,6,d4,False,False,False
551,rnbknqrb/pppppppp/8/8/8/8/PPPPPPPP/RNBKNQRB w KQkq - 0 1,12,8,Nc3,False,False,False
552,rbnkbnqr/pppppppp/8/8/8/8/PPPPPPPP/RBNKBNQR w KQkq - 0 1,25,8,f3,False,False,False
553,rnkbbnqr/pppppppp/8/8/8/8/PPPPPPPP/RNKBBNQR w KQkq - 0 1,25,8,e4,False,False,False
554,rnknbbqr/pppppppp/8/8/8/8/PPPPPPPP/RNKNBBQR w KQkq - 0 1,30,10,d4,False,True,True
555,rnknbqrb/pppppppp/8/8/8/8/PPPPPPPP/RNKNBQRB w KQkq - 0 1,25,12,g4,False,True,True
556,rbnknqbr/pppppppp/8/8/8/8/PPPPPPPP/RBNKNQBR w KQkq - 0 1,50,8,e4,False,False,False
557,rnkbnqbr/pppppppp/8/8/8/8/PPPPPPPP/RNKBNQBR w KQkq - 0 1,68,8,e4,False,False,False
558,rnknqbbr/pppppppp/8/8/8/8/PPPPPPPP/RNKNQBBR w KQkq - 0 1,12,10,d4,False,True,True
559,rnknqrbb/pppppppp/8/8/8/8/PPPPPPPP/RNKNQRBB w KQkq - 0 1,31,14,e4,False,True,True
560,bbrnknrq/pppppppp/8/8/8/8/PPPPPPPP/BBRNKNRQ w KQkq - 0 1,24,16,g3,False,True,False
561,brnbknrq/pppppppp/8/8/8/8/PPPPPPPP/BRNBKNRQ w KQkq - 0 1,28,12,b3,False,True,False
562,brnknbrq/pppppppp/8/8/8/8/PPPPPPPP/BRNKNBRQ w KQkq - 0 1,44,12,b4,False,False,False
563,brnknrqb/pppppppp/8/8/8/8/PPPPPPPP/BRNKNRQB w KQkq - 0 1,15,14,g4,False,False,False
564,rbbnknrq/pppppppp/8/8/8/8/PPPPPPPP/RBBNKNRQ w KQkq - 0 1,47,12,d4,False,True,False
565,rnbbknrq/pppppppp/8/8/8/8/PPPPPPPP/RNBBKNRQ w KQkq - 0 1,47,8,c3,False,True,False
566,rnbknbrq/pppppppp/8/8/8/8/PPPPPPPP/RNBKNBRQ w KQkq - 0 1,28,8,Nc3,False,False,False
567,rnbknrqb/pppppppp/8/8/8/8/PPPPPPPP/RNBKNRQB w KQkq - 0 1,26,10,f4,False,False,False
568,rbnkbnrq/pppppppp/8/8/8/8/PPPPPPPP/RBNKBNRQ w KQkq - 0 1,27,10,d4,False,False,False
569,rnkbbnrq/pppppppp/8/8/8/8/PPPPPPPP/RNKBBNRQ w KQkq - 0 1,29,10,f4,False,False,False
570,rnknbbrq/pppppppp/8/8/8/8/PPPPPPPP/RNKNBBRQ w KQkq - 0 1,35,12,g4,False,True,True
571,rnknbrqb/pppppppp/8/8/8/8/PPPPPPPP/RNKNBRQB w KQkq - 0 1,32,14,g4,False,True,True
572,rbnknrbq/pppppppp/8/8/8/8/PPPPPPPP/RBNKNRBQ w KQkq - 0 1,21,12,c3,False,False,False
573,rnkbnrbq/pppppppp/8/8/8/8/PPPPPPPP/RNKBNRBQ w KQkq - 0 1,42,12,e4,False,False,False
574,rnknrbbq/pppppppp/8/8/8/8/PPPPPPPP/RNKNRBBQ w KQkq - 0 1,14,16,e4,False,True,True
575,rnknrqbb/pppppppp/8/8/8/8/PPPPPPPP/RNKNRQBB w KQkq - 0 1,27,16,e4,False,True,True
576,bbqrnkrn/pppppppp/8/8/8/8/PPPPPPPP/BBQRNKRN w KQkq - 0 1,17,16,c4,False,True,True
577,bqrbnkrn/pppppppp/8/8/8/8/PPPPPPPP/BQRBNKRN w KQkq - 0 1,31,14,b4,False,True,True
578,bqrnkbrn/pppppppp/8/8/8/8/PPPPPPPP/BQRNKBRN w KQkq - 0 1,37,10,f4,False,False,False
579,bqrnkrnb/pppppppp/8/8/8/8/PPPPPPPP/BQRNKRNB w KQkq - 0 1,24,12,b4,False,False,False
580,qbbrnkrn/pppppppp/8/8/8/8/PPPPPPPP/QBBRNKRN w KQkq - 0 1,45,16,c4,False,True,True
581,qrbbnkrn/pppppppp/8/8/8/8/PPPPPPPP/QRBBNKRN w KQkq - 0 1,32,12,O-O,False,True,True
582,qrbnkbrn/pppppppp/8/8/8/8/PPPPPPPP/QRBNKBRN w KQkq - 0 1,24,8,e3,False,False,False
583,qrbnkrnb/pppppppp/8/8/8/8/PPPPPPPP/QRBNKRNB w KQkq - 0 1,49,10,b4,False,False,False
584,qbrnbkrn/pppppppp/8/8/8/8/PPPPPPPP/QBRNBKRN w KQkq - 0 1,28,12,c4,False,False,False
585,qrnbbkrn/pppppppp/8/8/8/8/PPPPPPPP/QRNBBKRN w KQkq - 0 1,40,10,c4,False,False,False
586,qrnkbbrn/pppppppp/8/8/8/8/PPPPPPPP/QRNKBBRN w KQkq - 0 1,37,10,e4,False,True,False
587,qrnkbrnb/pppppppp/8/8/8/8/PPPPPPPP/QRNKBRNB w KQkq - 0 1,13,12,d3,False,True,False
588,qbrnkrbn/pppppppp/8/8/8/8/PPPPPPPP/QBRNKRBN w KQkq - 0 1,43,12,Ng3,False,False,False
589,qrnbkrbn/pppppppp/8/8/8/8/PPPPPPPP/QRNBKRBN w KQkq - 0 1,42,10,e4,False,False,False
590,qrnkrbbn/pppppppp/8/8/8/8/PPPPPPPP/QRNKRBBN w KQkq - 0 1,47,14,f3,False,True,False
591,qrnkrnbb/pppppppp/8/8/8/8/PPPPPPPP/QRNKRNBB w KQkq - 0 1,25,16,b3,False,True,False
592,bbrqnkrn/pppppppp/8/8/8/8/PPPPPPPP/BBRQNKRN w KQkq - 0 1,26,14,c4,False,True,True
593,brqbnkrn/pppppppp/8/8/8/8/PPPPPPPP/BRQBNKRN w KQkq - 0 1,21,12,b4,False,True,True
594,brqnkbrn/pppppppp/8/8/8/8/PPPPPPPP/BRQNKBRN w KQkq - 0 1,30,8,b4,False,False,False
595,brqnkrnb/pppppppp/8/8/8/8/PPPPPPPP/BRQNKRNB w KQkq - 0 1,24,10,b4,False,False,False
596,rbbqnkrn/pppppppp/8/8/8/8/PPPPPPPP/RBBQNKRN w KQkq - 0 1,16,10,c4,False,True,True
597,rqbbnkrn/pppppppp/8/8/8/8/PPPPPPPP/RQBBNKRN w KQkq - 0 1,17,10,c4,False,True,True
598,rqbnkbrn/pppppppp/8/8/8/8/PPPPPPPP/RQBNKBRN w KQkq - 0 1,32,6,c3,False,False,False
599,rqbnkrnb/pppppppp/8/8/8/8/PPPPPPPP/RQBNKRNB w KQkq - 0 1,27,8,g3,False,False,False
600,rbqnbkrn/pppppppp/8/8/8/8/PPPPPPPP/RBQNBKRN w KQkq - 0 1,9,8,h4,False,False,False
601,rqnbbkrn/pppppppp/8/8/8/8/PPPPPPPP/RQNBBKRN w KQkq - 0 1,28,8,c4,False,False,False
602,rqnkbbrn/pppppppp/8/8/8/8/PPPPPPPP/RQNKBBRN w KQkq - 0 1,66,8,c4,False,True,False
603,rqnkbrnb/pppppppp/8/8/8/8/PPPPPPPP/RQNKBRNB w KQkq - 0 1,36,10,g4,False,True,False
604,rbqnkrbn/pppppppp/8/8/8/8/PPPPPPPP/RBQNKRBN w KQkq - 0 1,50,8,c4,False,False,False
605,rqnbkrbn/pppppppp/8/8/8/8/PPPPPPPP/RQNBKRBN w KQkq - 0 1,41,8,f4,False,False,False
606,rqnkrbbn/pppppppp/8/8/8/8/PPPPPPPP/RQNKRBBN w KQkq - 0 1,6,12,e4,False,True,False
607,rqnkrnbb/pppppppp/8/8/8/8/PPPPPPPP/RQNKRNBB w KQkq - 0 1,17,14,f4,False,True,False
608,bbrnqkrn/pppppppp/8/8/8/8/PPPPPPPP/BBRNQKRN w KQkq - 0 1,46,14,c4,False,True,False
609,brnbqkrn/pppppppp/8/8/8/8/PPPPPPPP/BRNBQKRN w KQkq - 0 1,33,10,Ng3,False,True,False
610,brnqkbrn/pppppppp/8/8/8/8/PPPPPPPP/BRNQKBRN w KQkq - 0 1,8,6,e3,False,False,False
611,brnqkrnb/pppppppp/8/8/8/8/PPPPPPPP/BRNQKRNB w KQkq - 0 1,12,8,g3,False,False,False
612,rbbnqkrn/pppppppp/8/8/8/8/PPPPPPPP/RBBNQKRN w KQkq - 0 1,45,10,O-O,False,True,False
613,rnbbqkrn/pppppppp/8/8/8/8/PPPPPPPP/RNBBQKRN w KQkq - 0 1,30,6,d4,False,True,False
614,rnbqkbrn/pppppppp/8/8/8/8/PPPPPPPP/RNBQKBRN w KQkq - 0 1,24,2,d4,False,False,False
615,rnbqkrnb/pppppppp/8/8/8/8/PPPPPPPP/RNBQKRNB w KQkq - 0 1,25,4,Nf3,False,False,False
616,rbnqbkrn/pppppppp/8/8/8/8/PPPPPPPP/RBNQBKRN w KQkq - 0 1,44,6,c4,False,False,False
617,rnqbbkrn/pppppppp/8/8/8/8/PPPPPPPP/RNQBBKRN w KQkq - 0 1,47,6,d4,False,False,False
618,rnqkbbrn/pppppppp/8/8/8/8/PPPPPPPP/RNQKBBRN w KQkq - 0 1,51,6,d4,False,True,False
619,rnqkbrnb/pppppppp/8/8/8/8/PPPPPPPP/RNQKBRNB w KQkq - 0 1,22,8,d3,False,True,False
620,rbnqkrbn/pppppppp/8/8/8/8/PPPPPPPP/RBNQKRBN w KQkq - 0 1,42,6,f4,False,False,False
621,rnqbkrbn/pppppppp/8/8/8/8/PPPPPPPP/RNQBKRBN w KQkq - 0 1,56,6,f4,False,False,False
622,rnqkrbbn/pppppppp/8/8/8/8/PPPPPPPP/RNQKRBBN w KQkq - 0 1,69,10,d4,False,True,False
623,rnqkrnbb/pppppppp/8/8/8/8/PPPPPPPP/RNQKRNBB w KQkq - 0 1,29,12,g3,False,True,False
624,bbrnkqrn/pppppppp/8/8/8/8/PPPPPPPP/BBRNKQRN w KQkq - 0 1,25,14,b3,False,True,False
625,brnbkqrn/pppppppp/8/8/8/8/PPPPPPPP/BRNBKQRN w KQkq - 0 1,25,10,e3,False,True,False
626,brnkqbrn/pppppppp/8/8/8/8/PPPPPPPP/BRNKQBRN w KQkq - 0 1,36,8,e4,False,False,False
627,brnkqrnb/pppppppp/8/8/8/8/PPPPPPPP/BRNKQRNB w KQkq - 0 1,34,10,b3,False,False,False
628,rbbnkqrn/pppppppp/8/8/8/8/PPPPPPPP/RBBNKQRN w KQkq - 0 1,50,10,f4,False,True,False
629,rnbbkqrn/pppppppp/8/8/8/8/PPPPPPPP/RNBBKQRN w KQkq - 0 1,23,6,e4,False,True,False
630,rnbkqbrn/pppppppp/8/8/8/8/PPPPPPPP/RNBKQBRN w KQkq - 0 1,61,4,d4,False,False,False
631,rnbkqrnb/pppppppp/8/8/8/8/PPPPPPPP/RNBKQRNB w KQkq - 0 1,10,6,g3,False,False,False
632,rbnkbqrn/pppppppp/8/8/8/8/PPPPPPPP/RBNKBQRN w KQkq - 0 1,35,8,g4,False,False,False
633,rnkbbqrn/pppppppp/8/8/8/8/PPPPPPPP/RNKBBQRN w KQkq - 0 1,52,8,g4,False,False,False
634,rnkqbbrn/pppppppp/8/8/8/8/PPPPPPPP/RNKQBBRN w KQkq - 0 1,41,6,d4,False,True,False
635,rnkqbrnb/pppppppp/8/8/8/8/PPPPPPPP/RNKQBRNB w KQkq - 0 1,13,8,g4,False,True,False
636,rbnkqrbn/pppppppp/8/8/8/8/PPPPPPPP/RBNKQRBN w KQkq - 0 1,50,8,f4,False,False,False
637,rnkbqrbn/pppppppp/8/8/8/8/PPPPPPPP/RNKBQRBN w KQkq - 0 1,52,8,e4,False,False,False
638,rnkqrbbn/pppppppp/8/8/8/8/PPPPPPPP/RNKQRBBN w KQkq - 0 1,35,10,d4,False,True,False
639,rnkqrnbb/pppppppp/8/8/8/8/PPPPPPPP/RNKQRNBB w KQkq - 0 1,46,12,e4,False,True,False
640,bbrnkrqn/pppppppp/8/8/8/8/PPPPPPPP/BBRNKRQN w KQkq - 0 1,28,16,b3,False,True,False
641,brnbkrqn/pppppppp/8/8/8/8/PPPPPPPP/BRNBKRQN w KQkq - 0 1,21,12,b3,False,True,False
642,brnkrbqn/pppppppp/8/8/8/8/PPPPPPPP/BRNKRBQN w KQkq - 0 1,46,12,b3,False,False,False
643,brnkrqnb/pppppppp/8/8/8/8/PPPPPPPP/BRNKRQNB w KQkq - 0 1,28,12,b3,False,False,False
644,rbbnkrqn/pppppppp/8/8/8/8/PPPPPPPP/RBBNKRQN w KQkq - 0 1,-4,12,e4,False,True,False
645,rnbbkrqn/pppppppp/8/8/8/8/PPPPPPPP/RNBBKRQN w KQkq - 0 1,35,8,e4,False,True,False
646,rnbkrbqn/pppppppp/8/8/8/8/PPPPPPPP/RNBKRBQN w KQkq - 0 1,40,8,d4,False,False,False
647,rnbkrqnb/pppppppp/8/8/8/8/PPPPPPPP/RNBKRQNB w KQkq - 0 1,21,8,g3,False,False,False
648,rbnkbrqn/pppppppp/8/8/8/8/PPPPPPPP/RBNKBRQN w KQkq - 0 1,36,10,f4,False,False,False
649,rnkbbrqn/pppppppp/8/8/8/8/PPPPPPPP/RNKBBRQN w KQkq - 0 1,20,10,f4,False,False,False
650,rnkrbbqn/pppppppp/8/8/8/8/PPPPPPPP/RNKRBBQN w KQkq - 0 1,32,12,d4,True,True,False
651,rnkrbqnb/pppppppp/8/8/8/8/PPPPPPPP/RNKRBQNB w KQkq - 0 1,33,12,g4,True,True,False
652,rbnkrqbn/pppppppp/8/8/8/8/PPPPPPPP/RBNKRQBN w KQkq - 0 1,21,10,a4,False,False,False
653,rnkbrqbn/pppppppp/8/8/8/8/PPPPPPPP/RNKBRQBN w KQkq - 0 1,21,10,e4,False,False,False
654,rnkrqbbn/pppppppp/8/8/8/8/PPPPPPPP/RNKRQBBN w KQkq - 0 1,23,12,d4,True,True,False
655,rnkrqnbb/pppppppp/8/8/8/8/PPPPPPPP/RNKRQNBB w KQkq - 0 1,34,14,f4,True,True,False
656,bbrnkrnq/pppppppp/8/8/8/8/PPPPPPPP/BBRNKRNQ w KQkq - 0 1,45,16,g4,False,True,False
657,brnbkrnq/pppppppp/8/8/8/8/PPPPPPPP/BRNBKRNQ w KQkq - 0 1,36,12,h4,False,True,False
658,brnkrbnq/pppppppp/8/8/8/8/PPPPPPPP/BRNKRBNQ w KQkq - 0 1,59,12,g3,False,False,False
659,brnkrnqb/pppppppp/8/8/8/8/PPPPPPPP/BRNKRNQB w KQkq - 0 1,21,14,d4,False,False,False
660,rbbnkrnq/pppppppp/8/8/8/8/PPPPPPPP/RBBNKRNQ w KQkq - 0 1,30,12,e4,False,True,False
661,rnbbkrnq/pppppppp/8/8/8/8/PPPPPPPP/RNBBKRNQ w KQkq - 0 1,33,8,g4,False,True,False
662,rnbkrbnq/pppppppp/8/8/8/8/PPPPPPPP/RNBKRBNQ w KQkq - 0 1,26,8,g3,False,False,False
663,rnbkrnqb/pppppppp/8/8/8/8/PPPPPPPP/RNBKRNQB w KQkq - 0 1,11,10,f4,False,False,False
664,rbnkbrnq/pppppppp/8/8/8/8/PPPPPPPP/RBNKBRNQ w KQkq - 0 1,26,10,f4,False,False,False
665,rnkbbrnq/pppppppp/8/8/8/8/PPPPPPPP/RNKBBRNQ w KQkq - 0 1,25,10,e4,False,False,False
666,rnkrbbnq/pppppppp/8/8/8/8/PPPPPPPP/RNKRBBNQ w KQkq - 0 1,34,12,g4,True,True,False
667,rnkrbnqb/pppppppp/8/8/8/8/PPPPPPPP/RNKRBNQB w KQkq - 0 1,90,14,f4,True,True,False
668,rbnkrnbq/pppppppp/8/8/8/8/PPPPPPPP/RBNKRNBQ w KQkq - 0 1,9,12,a4,False,False,False
669,rnkbrnbq/pppppppp/8/8/8/8/PPPPPPPP/RNKBRNBQ w KQkq - 0 1,29,12,e4,False,False,False
670,rnkrnbbq/pppppppp/8/8/8/8/PPPPPPPP/RNKRNBBQ w KQkq - 0 1,28,16,e4,True,True,False
671,rnkrnqbb/pppppppp/8/8/8/8/PPPPPPPP/RNKRNQBB w KQkq - 0 1,12,16,f4,True,True,False
672,bbqrknnr/pppppppp/8/8/8/8/PPPPPPPP/BBQRKNNR w KQkq - 0 1,34,14,b4,False,True,True
673,bqrbknnr/pppppppp/8/8/8/8/PPPPPPPP/BQRBKNNR w KQkq - 0 1,14,12,b4,False,True,True
674,bqrknbnr/pppppppp/8/8/8/8/PPPPPPPP/BQRKNBNR w KQkq - 0 1,21,10,e3,False,False,True
675,bqrknnrb/pppppppp/8/8/8/8/PPPPPPPP/BQRKNNRB w KQkq - 0 1,11,14,b4,False,False,True
676,qbbrknnr/pppppppp/8/8/8/8/PPPPPPPP/QBBRKNNR w KQkq - 0 1,27,14,b3,False,True,True
677,qrbbknnr/pppppppp/8/8/8/8/PPPPPPPP/QRBBKNNR w KQkq - 0 1,20,10,b4,False,True,True
678,qrbknbnr/pppppppp/8/8/8/8/PPPPPPPP/QRBKNBNR w KQkq - 0 1,30,8,e4,False,False,True
679,qrbknnrb/pppppppp/8/8/8/8/PPPPPPPP/QRBKNNRB w KQkq - 0 1,27,12,b4,False,False,True
680,qbrkbnnr/pppppppp/8/8/8/8/PPPPPPPP/QBRKBNNR w KQkq - 0 1,42,12,d4,False,False,True
681,qrkbbnnr/pppppppp/8/8/8/8/PPPPPPPP/QRKBBNNR w KQkq - 0 1,47,12,e4,False,False,True
682,qrknbbnr/pppppppp/8/8/8/8/PPPPPPPP/QRKNBBNR w KQkq - 0 1,39,10,b4,False,True,False
683,qrknbnrb/pppppppp/8/8/8/8/PPPPPPPP/QRKNBNRB w KQkq - 0 1,25,14,d4,False,True,False
684,qbrknnbr/pppppppp/8/8/8/8/PPPPPPPP/QBRKNNBR w KQkq - 0 1,32,12,d4,False,False,True
685,qrkbnnbr/pppppppp/8/8/8/8/PPPPPPPP/QRKBNNBR w KQkq - 0 1,25,12,b3,False,False,True
686,qrknnbbr/pppppppp/8/8/8/8/PPPPPPPP/QRKNNBBR w KQkq - 0 1,27,14,e4,False,True,False
687,qrknnrbb/pppppppp/8/8/8/8/PPPPPPPP/QRKNNRBB w KQkq - 0 1,41,18,b3,False,True,False
688,bbrqknnr/pppppppp/8/8/8/8/PPPPPPPP/BBRQKNNR w KQkq - 0 1,13,12,c4,False,True,True
689,brqbknnr/pppppppp/8/8/8/8/PPPPPPPP/BRQBKNNR w KQkq - 0 1,24,10,b4,False,True,True
690,brqknbnr/pppppppp/8/8/8/8/PPPPPPPP/BRQKNBNR w KQkq - 0 1,27,8,b4,False,False,True
691,brqknnrb/pppppppp/8/8/8/8/PPPPPPPP/BRQKNNRB w KQkq - 0 1,21,12,b4,False,False,True
692,rbbqknnr/pppppppp/8/8/8/8/PPPPPPPP/RBBQKNNR w KQkq - 0 1,23,8,e4,False,True,True
693,rqbbknnr/pppppppp/8/8/8/8/PPPPPPPP/RQBBKNNR w KQkq - 0 1,37,8,e4,False,True,True
694,rqbknbnr/pppppppp/8/8/8/8/PPPPPPPP/RQBKNBNR w KQkq - 0 1,54,6,e4,False,False,True
695,rqbknnrb/pppppppp/8/8/8/8/PPPPPPPP/RQBKNNRB w KQkq - 0 1,52,10,g3,False,False,True
696,rbqkbnnr/pppppppp/8/8/8/8/PPPPPPPP/RBQKBNNR w KQkq - 0 1,42,8,d4,False,False,True
697,rqkbbnnr/pppppppp/8/8/8/8/PPPPPPPP/RQKBBNNR w KQkq - 0 1,50,10,d4,False,False,True
698,rqknbbnr/pppppppp/8/8/8/8/PPPPPPPP/RQKNBBNR w KQkq - 0 1,29,8,d4,False,True,False
699,rqknbnrb/pppppppp/8/8/8/8/PPPPPPPP/RQKNBNRB w KQkq - 0 1,45,12,d4,False,True,False
700,rbqknnbr/pppppppp/8/8/8/8/PPPPPPPP/RBQKNNBR w KQkq - 0 1,24,8,c4,False,False,True
701,rqkbnnbr/pppppppp/8/8/8/8/PPPPPPPP/RQKBNNBR w KQkq - 0 1,7,10,e4,False,False,True
702,rqknnbbr/pppppppp/8/8/8/8/PPPPPPPP/RQKNNBBR w KQkq - 0 1,34,12,c3,False,True,False
703,rqknnrbb/pppppppp/8/8/8/8/PPPPPPPP/RQKNNRBB w KQkq - 0 1,32,16,f4,False,True,False
704,bbrkqnnr/pppppppp/8/8/8/8/PPPPPPPP/BBRKQNNR w KQkq - 0 1,40,14,b3,False,True,True
705,brkbqnnr/pppppppp/8/8/8/8/PPPPPPPP/BRKBQNNR w KQkq - 0 1,28,12,e4,False,True,True
706,brkqnbnr/pppppppp/8/8/8/8/PPPPPPPP/BRKQNBNR w KQkq - 0 1,37,8,b4,False,False,True
707,brkqnnrb/pppppppp/8/8/8/8/PPPPPPPP/BRKQNNRB w KQkq - 0 1,32,12,g3,False,False,True
708,rbbkqnnr/pppppppp/8/8/8/8/PPPPPPPP/RBBKQNNR w KQkq - 0 1,30,10,d4,False,True,True
709,rkbbqnnr/pppppppp/8/8/8/8/PPPPPPPP/RKBBQNNR w KQkq - 0 1,34,10,f4,False,True,True
710,rkbqnbnr/pppppppp/8/8/8/8/PPPPPPPP/RKBQNBNR w KQkq - 0 1,44,6,e4,False,False,True
711,rkbqnnrb/pppppppp/8/8/8/8/PPPPPPPP/RKBQNNRB w KQkq - 0 1,38,10,e4,False,False,True
712,rbkqbnnr/pppppppp/8/8/8/8/PPPPPPPP/RBKQBNNR w KQkq - 0 1,37,8,e4,False,False,True
713,rkqbbnnr/pppppppp/8/8/8/8/PPPPPPPP/RKQBBNNR w KQkq - 0 1,25,10,e4,False,False,True
714,rkqnbbnr/pppppppp/8/8/8/8/PPPPPPPP/RKQNBBNR w KQkq - 0 1,23,8,e4,False,True,False
715,rkqnbnrb/pppppppp/8/8/8/8/PPPPPPPP/RKQNBNRB w KQkq - 0 1,30,12,g4,False,True,False
716,rbkqnnbr/pppppppp/8/8/8/8/PPPPPPPP/RBKQNNBR w KQkq - 0 1,34,8,e4,False,False,True
717,rkqbnnbr/pppppppp/8/8/8/8/PPPPPPPP/RKQBNNBR w KQkq - 0 1,40,10,d4,False,False,True
718,rkqnnbbr/pppppppp/8/8/8/8/PPPPPPPP/RKQNNBBR w KQkq - 0 1,48,12,d4,False,True,False
719,rkqnnrbb/pppppppp/8/8/8/8/PPPPPPPP/RKQNNRBB w KQkq - 0 1,2,16,a4,False,True,False
720,bbrknqnr/pppppppp/8/8/8/8/PPPPPPPP/BBRKNQNR w KQkq - 0 1,35,14,c4,False,True,True
721,brkbnqnr/pppppppp/8/8/8/8/PPPPPPPP/BRKBNQNR w KQkq - 0 1,38,12,e4,False,True,True
722,brknqbnr/pppppppp/8/8/8/8/PPPPPPPP/BRKNQBNR w KQkq - 0 1,29,8,f4,False,False,False
723,brknqnrb/pppppppp/8/8/8/8/PPPPPPPP/BRKNQNRB w KQkq - 0 1,34,12,e4,False,False,False
724,rbbknqnr/pppppppp/8/8/8/8/PPPPPPPP/RBBKNQNR w KQkq - 0 1,69,10,e4,False,True,True
725,rkbbnqnr/pppppppp/8/8/8/8/PPPPPPPP/RKBBNQNR w KQkq - 0 1,31,10,e4,False,True,True
726,rkbnqbnr/pppppppp/8/8/8/8/PPPPPPPP/RKBNQBNR w KQkq - 0 1,28,6,e4,False,False,False
727,rkbnqnrb/pppppppp/8/8/8/8/PPPPPPPP/RKBNQNRB w KQkq - 0 1,18,10,a4,False,False,False
728,rbknbqnr/pppppppp/8/8/8/8/PPPPPPPP/RBKNBQNR w KQkq - 0 1,26,8,f4,False,False,False
729,rknbbqnr/pppppppp/8/8/8/8/PPPPPPPP/RKNBBQNR w KQkq - 0 1,40,8,e4,False,False,False
730,rknqbbnr/pppppppp/8/8/8/8/PPPPPPPP/RKNQBBNR w KQkq - 0 1,26,6,d4,False,True,False
731,rknqbnrb/pppppppp/8/8/8/8/PPPPPPPP/RKNQBNRB w KQkq - 0 1,33,10,a4,False,True,False
732,rbknqnbr/pppppppp/8/8/8/8/PPPPPPPP/RBKNQNBR w KQkq - 0 1,25,8,d4,False,False,False
733,rknbqnbr/pppppppp/8/8/8/8/PPPPPPPP/RKNBQNBR w KQkq - 0 1,32,8,d4,False,False,False
734,rknqnbbr/pppppppp/8/8/8/8/PPPPPPPP/RKNQNBBR w KQkq - 0 1,48,10,e4,False,True,False
735,rknqnrbb/pppppppp/8/8/8/8/PPPPPPPP/RKNQNRBB w KQkq - 0 1,47,14,g4,False,True,False
736,bbrknnqr/pppppppp/8/8/8/8/PPPPPPPP/BBRKNNQR w KQkq - 0 1,24,16,c4,False,True,True
737,brkbnnqr/pppppppp/8/8/8/8/PPPPPPPP/BRKBNNQR w KQkq - 0 1,10,14,b3,False,True,True
738,brknnbqr/pppppppp/8/8/8/8/PPPPPPPP/BRKNNBQR w KQkq - 0 1,21,12,e4,False,False,False
739,brknnqrb/pppppppp/8/8/8/8/PPPPPPPP/BRKNNQRB w KQkq - 0 1,17,14,b4,False,False,False
740,rbbknnqr/pppppppp/8/8/8/8/PPPPPPPP/RBBKNNQR w KQkq - 0 1,5,12,c4,False,True,True
741,rkbbnnqr/pppppppp/8/8/8/8/PPPPPPPP/RKBBNNQR w KQkq - 0 1,29,12,e4,False,True,True
742,rkbnnbqr/pppppppp/8/8/8/8/PPPPPPPP/RKBNNBQR w KQkq - 0 1,34,10,d4,False,False,False
743,rkbnnqrb/pppppppp/8/8/8/8/PPPPPPPP/RKBNNQRB w KQkq - 0 1,15,12,a4,False,False,False
744,rbknbnqr/pppppppp/8/8/8/8/PPPPPPPP/RBKNBNQR w KQkq - 0 1,31,10,d4,False,False,False
745,rknbbnqr/pppppppp/8/8/8/8/PPPPPPPP/RKNBBNQR w KQkq - 0 1,26,10,d4,False,False,False
746,rknnbbqr/pppppppp/8/8/8/8/PPPPPPPP/RKNNBBQR w KQkq - 0 1,33,12,d4,False,True,True
747,rknnbqrb/pppppppp/8/8/8/8/PPPPPPPP/RKNNBQRB w KQkq - 0 1,39,14,a4,False,True,True
748,rbknnqbr/pppppppp/8/8/8/8/PPPPPPPP/RBKNNQBR w KQkq - 0 1,25,10,e4,False,False,False
749,rknbnqbr/pppppppp/8/8/8/8/PPPPPPPP/RKNBNQBR w KQkq - 0 1,59,10,e4,False,False,False
750,rknnqbbr/pppppppp/8/8/8/8/PPPPPPPP/RKNNQBBR w KQkq - 0 1,47,12,d4,False,True,True
751,rknnqrbb/pppppppp/8/8/8/8/PPPPPPPP/RKNNQRBB w KQkq - 0 1,14,16,f4,False,True,True
752,bbrknnrq/pppppppp/8/8/8/8/PPPPPPPP/BBRKNNRQ w KQkq - 0 1,74,18,g3,False,True,True
753,brkbnnrq/pppppppp/8/8/8/8/PPPPPPPP/BRKBNNRQ w KQkq - 0 1,15,16,e4,False,True,True
754,brknnbrq/pppppppp/8/8/8/8/PPPPPPPP/BRKNNBRQ w KQkq - 0 1,28,14,b4,False,False,False
755,brknnrqb/pppppppp/8/8/8/8/PPPPPPPP/BRKNNRQB w KQkq - 0 1,14,16,g3,False,False,False
756,rbbknnrq/pppppppp/8/8/8/8/PPPPPPPP/RBBKNNRQ w KQkq - 0 1,38,14,d4,False,True,True
757,rkbbnnrq/pppppppp/8/8/8/8/PPPPPPPP/RKBBNNRQ w KQkq - 0 1,21,14,a4,False,True,True
758,rkbnnbrq/pppppppp/8/8/8/8/PPPPPPPP/RKBNNBRQ w KQkq - 0 1,23,12,a4,False,False,False
759,rkbnnrqb/pppppppp/8/8/8/8/PPPPPPPP/RKBNNRQB w KQkq - 0 1,14,14,g4,False,False,False
760,rbknbnrq/pppppppp/8/8/8/8/PPPPPPPP/RBKNBNRQ w KQkq - 0 1,64,12,d4,False,False,False
761,rknbbnrq/pppppppp/8/8/8/8/PPPPPPPP/RKNBBNRQ w KQkq - 0 1,25,12,a4,False,False,False
762,rknnbbrq/pppppppp/8/8/8/8/PPPPPPPP/RKNNBBRQ w KQkq - 0 1,33,14,g4,False,True,True
763,rknnbrqb/pppppppp/8/8/8/8/PPPPPPPP/RKNNBRQB w KQkq - 0 1,27,16,a4,False,True,True
764,rbknnrbq/pppppppp/8/8/8/8/PPPPPPPP/RBKNNRBQ w KQkq - 0 1,36,14,e4,False,False,False
765,rknbnrbq/pppppppp/8/8/8/8/PPPPPPPP/RKNBNRBQ w KQkq - 0 1,28,14,Ned3,False,False,False
766,rknnrbbq/pppppppp/8/8/8/8/PPPPPPPP/RKNNRBBQ w KQkq - 0 1,30,18,g3,False,True,True
767,rknnrqbb/pppppppp/8/8/8/8/PPPPPPPP/RKNNRQBB w KQkq - 0 1,31,18,f4,False,True,True
768,bbqrknrn/pppppppp/8/8/8/8/PPPPPPPP/BBQRKNRN w KQkq - 0 1,43,16,d4,False,True,True
769,bqrbknrn/pppppppp/8/8/8/8/PPPPPPPP/BQRBKNRN w KQkq - 0 1,38,14,c4,False,True,True
770,bqrknbrn/pppppppp/8/8/8/8/PPPPPPPP/BQRKNBRN w KQkq - 0 1,17,12,e3,False,False,True
771,bqrknrnb/pppppppp/8/8/8/8/PPPPPPPP/BQRKNRNB w KQkq - 0 1,43,14,b4,False,False,True
772,qbbrknrn/pppppppp/8/8/8/8/PPPPPPPP/QBBRKNRN w KQkq - 0 1,50,16,d4,False,True,True
773,qrbbknrn/pppppppp/8/8/8/8/PPPPPPPP/QRBBKNRN w KQkq - 0 1,47,12,b4,False,True,True
774,qrbknbrn/pppppppp/8/8/8/8/PPPPPPPP/QRBKNBRN w KQkq - 0 1,18,10,b3,False,False,True
775,qrbknrnb/pppppppp/8/8/8/8/PPPPPPPP/QRBKNRNB w KQkq - 0 1,38,12,b3,False,False,True
776,qbrkbnrn/pppppppp/8/8/8/8/PPPPPPPP/QBRKBNRN w KQkq - 0 1,45,14,d4,False,False,True
777,qrkbbnrn/pppppppp/8/8/8/8/PPPPPPPP/QRKBBNRN w KQkq - 0 1,28,14,e4,False,False,True
778,qrknbbrn/pppppppp/8/8/8/8/PPPPPPPP/QRKNBBRN w KQkq - 0 1,28,12,b4,False,True,False
779,qrknbrnb/pppppppp/8/8/8/8/PPPPPPPP/QRKNBRNB w KQkq - 0 1,59,14,b4,False,True,False
780,qbrknrbn/pppppppp/8/8/8/8/PPPPPPPP/QBRKNRBN w KQkq - 0 1,39,14,f3,False,False,True
781,qrkbnrbn/pppppppp/8/8/8/8/PPPPPPPP/QRKBNRBN w KQkq - 0 1,52,14,e4,False,False,True
782,qrknrbbn/pppppppp/8/8/8/8/PPPPPPPP/QRKNRBBN w KQkq - 0 1,14,16,e4,False,True,False
783,qrknrnbb/pppppppp/8/8/8/8/PPPPPPPP/QRKNRNBB w KQkq - 0 1,41,18,b3,False,True,False
784,bbrqknrn/pppppppp/8/8/8/8/PPPPPPPP/BBRQKNRN w KQkq - 0 1,21,14,b4,False,True,True
785,brqbknrn/pppppppp/8/8/8/8/PPPPPPPP/BRQBKNRN w KQkq - 0 1,39,12,b4,False,True,True
786,brqknbrn/pppppppp/8/8/8/8/PPPPPPPP/BRQKNBRN w KQkq - 0 1,16,10,b3,False,False,True
787,brqknrnb/pppppppp/8/8/8/8/PPPPPPPP/BRQKNRNB w KQkq - 0 1,28,12,b4,False,False,True
788,rbbqknrn/pppppppp/8/8/8/8/PPPPPPPP/RBBQKNRN w KQkq - 0 1,36,10,c3,False,True,True
789,rqbbknrn/pppppppp/8/8/8/8/PPPPPPPP/RQBBKNRN w KQkq - 0 1,35,10,f4,False,True,True
790,rqbknbrn/pppppppp/8/8/8/8/PPPPPPPP/RQBKNBRN w KQkq - 0 1,59,8,Ng3,False,False,True
791,rqbknrnb/pppppppp/8/8/8/8/PPPPPPPP/RQBKNRNB w KQkq - 0 1,57,10,c3,False,False,True
792,rbqkbnrn/pppppppp/8/8/8/8/PPPPPPPP/RBQKBNRN w KQkq - 0 1,55,10,d4,False,False,True
793,rqkbbnrn/pppppppp/8/8/8/8/PPPPPPPP/RQKBBNRN w KQkq - 0 1,50,12,d4,False,False,True
794,rqknbbrn/pppppppp/8/8/8/8/PPPPPPPP/RQKNBBRN w KQkq - 0 1,61,10,c4,False,True,False
795,rqknbrnb/pppppppp/8/8/8/8/PPPPPPPP/RQKNBRNB w KQkq - 0 1,18,12,f4,False,True,False
796,rbqknrbn/pppppppp/8/8/8/8/PPPPPPPP/RBQKNRBN w KQkq - 0 1,23,10,c4,False,False,True
797,rqkbnrbn/pppppppp/8/8/8/8/PPPPPPPP/RQKBNRBN w KQkq - 0 1,20,12,e4,False,False,True
798,rqknrbbn/pppppppp/8/8/8/8/PPPPPPPP/RQKNRBBN w KQkq - 0 1,35,14,e4,False,True,False
799,rqknrnbb/pppppppp/8/8/8/8/PPPPPPPP/RQKNRNBB w KQkq - 0 1,30,16,e4,False,True,False
800,bbrkqnrn/pppppppp/8/8/8/8/PPPPPPPP/BBRKQNRN w KQkq - 0 1,24,16,d4,False,True,True
801,brkbqnrn/pppppppp/8/8/8/8/PPPPPPPP/BRKBQNRN w KQkq - 0 1,32,14,f4,False,True,True
802,brkqnbrn/pppppppp/8/8/8/8/PPPPPPPP/BRKQNBRN w KQkq - 0 1,37,10,b4,False,False,True
803,brkqnrnb/pppppppp/8/8/8/8/PPPPPPPP/BRKQNRNB w KQkq - 0 1,25,12,b4,False,False,True
804,rbbkqnrn/pppppppp/8/8/8/8/PPPPPPPP/RBBKQNRN w KQkq - 0 1,60,12,d4,False,True,True
805,rkbbqnrn/pppppppp/8/8/8/8/PPPPPPPP/RKBBQNRN w KQkq - 0 1,29,12,d4,False,True,True
806,rkbqnbrn/pppppppp/8/8/8/8/PPPPPPPP/RKBQNBRN w KQkq - 0 1,17,8,a4,False,False,True
807,rkbqnrnb/pppppppp/8/8/8/8/PPPPPPPP/RKBQNRNB w KQkq - 0 1,29,10,e4,False,False,True
808,rbkqbnrn/pppppppp/8/8/8/8/PPPPPPPP/RBKQBNRN w KQkq - 0 1,34,10,d4,False,False,True
809,rkqbbnrn/pppppppp/8/8/8/8/PPPPPPPP/RKQBBNRN w KQkq - 0 1,32,12,d4,False,False,True
810,rkqnbbrn/pppppppp/8/8/8/8/PPPPPPPP/RKQNBBRN w KQkq - 0 1,30,10,d4,False,True,False
811,rkqnbrnb/pppppppp/8/8/8/8/PPPPPPPP/RKQNBRNB w KQkq - 0 1,0,12,d3,False,True,False
812,rbkqnrbn/pppppppp/8/8/8/8/PPPPPPPP/RBKQNRBN w KQkq - 0 1,41,10,f4,False,False,True
813,rkqbnrbn/pppppppp/8/8/8/8/PPPPPPPP/RKQBNRBN w KQkq - 0 1,19,12,e4,False,False,True
814,rkqnrbbn/pppppppp/8/8/8/8/PPPPPPPP/RKQNRBBN w KQkq - 0 1,50,14,d4,False,True,False
815,rkqnrnbb/pppppppp/8/8/8/8/PPPPPPPP/RKQNRNBB w KQkq - 0 1,44,16,e4,False,True,False
816,bbrknqrn/pppppppp/8/8/8/8/PPPPPPPP/BBRKNQRN w KQkq - 0 1,42,16,c4,False,True,True
817,brkbnqrn/pppppppp/8/8/8/8/PPPPPPPP/BRKBNQRN w KQkq - 0 1,41,14,f4,False,True,True
818,brknqbrn/pppppppp/8/8/8/8/PPPPPPPP/BRKNQBRN w KQkq - 0 1,20,10,b4,False,False,False
819,brknqrnb/pppppppp/8/8/8/8/PPPPPPPP/BRKNQRNB w KQkq - 0 1,24,12,f4,False,False,False
820,rbbknqrn/pppppppp/8/8/8/8/PPPPPPPP/RBBKNQRN w KQkq - 0 1,28,12,f4,False,True,True
821,rkbbnqrn/pppppppp/8/8/8/8/PPPPPPPP/RKBBNQRN w KQkq - 0 1,45,12,e4,False,True,True
822,rkbnqbrn/pppppppp/8/8/8/8/PPPPPPPP/RKBNQBRN w KQkq - 0 1,32,8,d4,False,False,False
823,rkbnqrnb/pppppppp/8/8/8/8/PPPPPPPP/RKBNQRNB w KQkq - 0 1,32,10,a4,False,False,False
824,rbknbqrn/pppppppp/8/8/8/8/PPPPPPPP/RBKNBQRN w KQkq - 0 1,51,10,f4,False,False,False
825,rknbbqrn/pppppppp/8/8/8/8/PPPPPPPP/RKNBBQRN w KQkq - 0 1,26,10,e4,False,False,False
826,rknqbbrn/pppppppp/8/8/8/8/PPPPPPPP/RKNQBBRN w KQkq - 0 1,23,8,a4,False,True,False
827,rknqbrnb/pppppppp/8/8/8/8/PPPPPPPP/RKNQBRNB w KQkq - 0 1,26,10,g4,False,True,False
828,rbknqrbn/pppppppp/8/8/8/8/PPPPPPPP/RBKNQRBN w KQkq - 0 1,32,10,e4,False,False,False
829,rknbqrbn/pppppppp/8/8/8/8/PPPPPPPP/RKNBQRBN w KQkq - 0 1,40,10,f4,False,False,False
830,rknqrbbn/pppppppp/8/8/8/8/PPPPPPPP/RKNQRBBN w KQkq - 0 1,32,12,e4,False,True,False
831,rknqrnbb/pppppppp/8/8/8/8/PPPPPPPP/RKNQRNBB w KQkq - 0 1,41,14,e4,False,True,False
832,bbrknrqn/pppppppp/8/8/8/8/PPPPPPPP/BBRKNRQN w KQkq - 0 1,40,18,c4,False,True,True
833,brkbnrqn/pppppppp/8/8/8/8/PPPPPPPP/BRKBNRQN w KQkq - 0 1,26,16,f4,False,True,True
834,brknrbqn/pppppppp/8/8/8/8/PPPPPPPP/BRKNRBQN w KQkq - 0 1,29,14,e4,False,False,False
835,brknrqnb/pppppppp/8/8/8/8/PPPPPPPP/BRKNRQNB w KQkq - 0 1,32,14,b4,False,False,False
836,rbbknrqn/pppppppp/8/8/8/8/PPPPPPPP/RBBKNRQN w KQkq - 0 1,21,14,f4,False,True,True
837,rkbbnrqn/pppppppp/8/8/8/8/PPPPPPPP/RKBBNRQN w KQkq - 0 1,23,14,e4,False,True,True
838,rkbnrbqn/pppppppp/8/8/8/8/PPPPPPPP/RKBNRBQN w KQkq - 0 1,36,12,f4,False,False,False
839,rkbnrqnb/pppppppp/8/8/8/8/PPPPPPPP/RKBNRQNB w KQkq - 0 1,12,12,a4,False,False,False
840,rbknbrqn/pppppppp/8/8/8/8/PPPPPPPP/RBKNBRQN w KQkq - 0 1,21,12,f4,False,False,False
841,rknbbrqn/pppppppp/8/8/8/8/PPPPPPPP/RKNBBRQN w KQkq - 0 1,23,12,a4,False,False,False
842,rknrbbqn/pppppppp/8/8/8/8/PPPPPPPP/RKNRBBQN w KQkq - 0 1,26,14,d4,True,True,False
843,rknrbqnb/pppppppp/8/8/8/8/PPPPPPPP/RKNRBQNB w KQkq - 0 1,26,14,d4,True,True,False
844,rbknrqbn/pppppppp/8/8/8/8/PPPPPPPP/RBKNRQBN w KQkq - 0 1,24,12,f4,False,False,False
845,rknbrqbn/pppppppp/8/8/8/8/PPPPPPPP/RKNBRQBN w KQkq - 0 1,46,12,f4,False,False,False
846,rknrqbbn/pppppppp/8/8/8/8/PPPPPPPP/RKNRQBBN w KQkq - 0 1,28,14,d4,True,True,False
847,rknrqnbb/pppppppp/8/8/8/8/PPPPPPPP/RKNRQNBB w KQkq - 0 1,25,16,a4,True,True,False
848,bbrknrnq/pppppppp/8/8/8/8/PPPPPPPP/BBRKNRNQ w KQkq - 0 1,69,18,g4,False,True,True
849,brkbnrnq/pppppppp/8/8/8/8/PPPPPPPP/BRKBNRNQ w KQkq - 0 1,28,16,f4,False,True,True
850,brknrbnq/pppppppp/8/8/8/8/PPPPPPPP/BRKNRBNQ w KQkq - 0 1,45,14,e4,False,False,False
851,brknrnqb/pppppppp/8/8/8/8/PPPPPPPP/BRKNRNQB w KQkq - 0 1,50,16,f4,False,False,False
852,rbbknrnq/pppppppp/8/8/8/8/PPPPPPPP/RBBKNRNQ w KQkq - 0 1,44,14,e4,False,True,True
853,rkbbnrnq/pppppppp/8/8/8/8/PPPPPPPP/RKBBNRNQ w KQkq - 0 1,36,14,e4,False,True,True
854,rkbnrbnq/pppppppp/8/8/8/8/PPPPPPPP/RKBNRBNQ w KQkq - 0 1,32,12,f4,False,False,False
855,rkbnrnqb/pppppppp/8/8/8/8/PPPPPPPP/RKBNRNQB w KQkq - 0 1,16,14,a4,False,False,False
856,rbknbrnq/pppppppp/8/8/8/8/PPPPPPPP/RBKNBRNQ w KQkq - 0 1,27,12,e4,False,False,False
857,rknbbrnq/pppppppp/8/8/8/8/PPPPPPPP/RKNBBRNQ w KQkq - 0 1,32,12,g4,False,False,False
858,rknrbbnq/pppppppp/8/8/8/8/PPPPPPPP/RKNRBBNQ w KQkq - 0 1,32,14,e4,True,True,False
859,rknrbnqb/pppppppp/8/8/8/8/PPPPPPPP/RKNRBNQB w KQkq - 0 1,55,16,f4,True,True,False
860,rbknrnbq/pppppppp/8/8/8/8/PPPPPPPP/RBKNRNBQ w KQkq - 0 1,24,14,c3,False,False,False
861,rknbrnbq/pppppppp/8/8/8/8/PPPPPPPP/RKNBRNBQ w KQkq - 0 1,33,14,a4,False,False,False
862,rknrnbbq/pppppppp/8/8/8/8/PPPPPPPP/RKNRNBBQ w KQkq - 0 1,39,18,e4,True,True,False
863,rknrnqbb/pppppppp/8/8/8/8/PPPPPPPP/RKNRNQBB w KQkq - 0 1,35,18,e4,True,True,False
864,bbqrkrnn/pppppppp/8/8/8/8/PPPPPPPP/BBQRKRNN w KQkq - 0 1,30,18,Ng3,False,True,True
865,bqrbkrnn/pppppppp/8/8/8/8/PPPPPPPP/BQRBKRNN w KQkq - 0 1,8,16,b4,False,True,True
866,bqrkrbnn/pppppppp/8/8/8/8/PPPPPPPP/BQRKRBNN w KQkq - 0 1,38,16,b4,False,False,True
867,bqrkrnnb/pppppppp/8/8/8/8/PPPPPPPP/BQRKRNNB w KQkq - 0 1,38,16,b4,False,False,True
868,qbbrkrnn/pppppppp/8/8/8/8/PPPPPPPP/QBBRKRNN w KQkq - 0 1,53,18,Ng3,False,True,True
869,qrbbkrnn/pppppppp/8/8/8/8/PPPPPPPP/QRBBKRNN w KQkq - 0 1,39,14,b4,False,True,True
870,qrbkrbnn/pppppppp/8/8/8/8/PPPPPPPP/QRBKRBNN w KQkq - 0 1,38,14,e4,False,False,True
871,qrbkrnnb/pppppppp/8/8/8/8/PPPPPPPP/QRBKRNNB w KQkq - 0 1,43,14,b4,False,False,True
872,qbrkbrnn/pppppppp/8/8/8/8/PPPPPPPP/QBRKBRNN w KQkq - 0 1,44,16,b3,False,False,True
873,qrkbbrnn/pppppppp/8/8/8/8/PPPPPPPP/QRKBBRNN w KQkq - 0 1,41,16,e4,False,False,True
874,qrkrbbnn/pppppppp/8/8/8/8/PPPPPPPP/QRKRBBNN w KQkq - 0 1,44,18,b4,True,True,True
875,qrkrbnnb/pppppppp/8/8/8/8/PPPPPPPP/QRKRBNNB w KQkq - 0 1,59,18,b4,True,True,True
876,qbrkrnbn/pppppppp/8/8/8/8/PPPPPPPP/QBRKRNBN w KQkq - 0 1,22,16,f3,False,False,True
877,qrkbrnbn/pppppppp/8/8/8/8/PPPPPPPP/QRKBRNBN w KQkq - 0 1,23,16,e4,False,False,True
878,qrkrnbbn/pppppppp/8/8/8/8/PPPPPPPP/QRKRNBBN w KQkq - 0 1,29,18,d4,True,True,True
879,qrkrnnbb/pppppppp/8/8/8/8/PPPPPPPP/QRKRNNBB w KQkq - 0 1,48,20,b4,True,True,True
880,bbrqkrnn/pppppppp/8/8/8/8/PPPPPPPP/BBRQKRNN w KQkq - 0 1,38,16,b3,False,True,True
881,brqbkrnn/pppppppp/8/8/8/8/PPPPPPPP/BRQBKRNN w KQkq - 0 1,17,14,Ng3,False,True,True
882,brqkrbnn/pppppppp/8/8/8/8/PPPPPPPP/BRQKRBNN w KQkq - 0 1,65,14,e4,False,False,True
883,brqkrnnb/pppppppp/8/8/8/8/PPPPPPPP/BRQKRNNB w KQkq - 0 1,38,14,b4,False,False,True
884,rbbqkrnn/pppppppp/8/8/8/8/PPPPPPPP/RBBQKRNN w KQkq - 0 1,40,12,c4,False,True,True
885,rqbbkrnn/pppppppp/8/8/8/8/PPPPPPPP/RQBBKRNN w KQkq - 0 1,21,12,Nf3,False,True,True
886,rqbkrbnn/pppppppp/8/8/8/8/PPPPPPPP/RQBKRBNN w KQkq - 0 1,55,12,Ng3,False,False,True
887,rqbkrnnb/pppppppp/8/8/8/8/PPPPPPPP/RQBKRNNB w KQkq - 0 1,28,12,g3,False,False,True
888,rbqkbrnn/pppppppp/8/8/8/8/PPPPPPPP/RBQKBRNN w KQkq - 0 1,42,12,c4,False,False,True
889,rqkbbrnn/pppppppp/8/8/8/8/PPPPPPPP/RQKBBRNN w KQkq - 0 1,18,14,g4,False,False,True
890,rqkrbbnn/pppppppp/8/8/8/8/PPPPPPPP/RQKRBBNN w KQkq - 0 1,26,16,d4,True,True,True
891,rqkrbnnb/pppppppp/8/8/8/8/PPPPPPPP/RQKRBNNB w KQkq - 0 1,36,16,e4,True,True,True
892,rbqkrnbn/pppppppp/8/8/8/8/PPPPPPPP/RBQKRNBN w KQkq - 0 1,28,12,f3,False,False,True
893,rqkbrnbn/pppppppp/8/8/8/8/PPPPPPPP/RQKBRNBN w KQkq - 0 1,38,14,Nhg3,False,False,True
894,rqkrnbbn/pppppppp/8/8/8/8/PPPPPPPP/RQKRNBBN w KQkq - 0 1,24,16,c3,True,True,True
895,rqkrnnbb/pppppppp/8/8/8/8/PPPPPPPP/RQKRNNBB w KQkq - 0 1,54,18,e4,True,True,True
896,bbrkqrnn/pppppppp/8/8/8/8/PPPPPPPP/BBRKQRNN w KQkq - 0 1,10,18,b3,False,True,True
897,brkbqrnn/pppppppp/8/8/8/8/PPPPPPPP/BRKBQRNN w KQkq - 0 1,50,16,b4,False,True,True
898,brkqrbnn/pppppppp/8/8/8/8/PPPPPPPP/BRKQRBNN w KQkq - 0 1,50,14,e4,False,False,True
899,brkqrnnb/pppppppp/8/8/8/8/PPPPPPPP/BRKQRNNB w KQkq - 0 1,28,14,b4,False,False,True
900,rbbkqrnn/pppppppp/8/8/8/8/PPPPPPPP/RBBKQRNN w KQkq - 0 1,53,14,f4,False,True,True
901,rkbbqrnn/pppppppp/8/8/8/8/PPPPPPPP/RKBBQRNN w KQkq - 0 1,46,14,e4,False,True,True
902,rkbqrbnn/pppppppp/8/8/8/8/PPPPPPPP/RKBQRBNN w KQkq - 0 1,45,12,e4,False,False,True
903,rkbqrnnb/pppppppp/8/8/8/8/PPPPPPPP/RKBQRNNB w KQkq - 0 1,39,12,d4,False,False,True
904,rbkqbrnn/pppppppp/8/8/8/8/PPPPPPPP/RBKQBRNN w KQkq - 0 1,42,12,d4,False,False,True
905,rkqbbrnn/pppppppp/8/8/8/8/PPPPPPPP/RKQBBRNN w KQkq - 0 1,48,14,e4,False,False,True
906,rkqrbbnn/pppppppp/8/8/8/8/PPPPPPPP/RKQRBBNN w KQkq - 0 1,21,16,d4,True,True,True
907,rkqrbnnb/pppppppp/8/8/8/8/PPPPPPPP/RKQRBNNB w KQkq - 0 1,35,16,e4,True,True,True
908,rbkqrnbn/pppppppp/8/8/8/8/PPPPPPPP/RBKQRNBN w KQkq - 0 1,37,12,e4,False,False,True
909,rkqbrnbn/pppppppp/8/8/8/8/PPPPPPPP/RKQBRNBN w KQkq - 0 1,28,14,f4,False,False,True
910,rkqrnbbn/pppppppp/8/8/8/8/PPPPPPPP/RKQRNBBN w KQkq - 0 1,28,16,d4,True,True,True
911,rkqrnnbb/pppppppp/8/8/8/8/PPPPPPPP/RKQRNNBB w KQkq - 0 1,22,18,e4,True,True,True
912,bbrkrqnn/pppppppp/8/8/8/8/PPPPPPPP/BBRKRQNN w KQkq - 0 1,26,20,b3,False,True,True
913,brkbrqnn/pppppppp/8/8/8/8/PPPPPPPP/BRKBRQNN w KQkq - 0 1,34,18,e4,False,True,True
914,brkrqbnn/pppppppp/8/8/8/8/PPPPPPPP/BRKRQBNN w KQkq - 0 1,26,16,e4,True,False,True
915,brkrqnnb/pppppppp/8/8/8/8/PPPPPPPP/BRKRQNNB w KQkq - 0 1,23,16,e4,True,False,True
916,rbbkrqnn/pppppppp/8/8/8/8/PPPPPPPP/RBBKRQNN w KQkq - 0 1,77,16,d4,False,True,True
917,rkbbrqnn/pppppppp/8/8/8/8/PPPPPPPP/RKBBRQNN w KQkq - 0 1,28,16,f4,False,True,True
918,rkbrqbnn/pppppppp/8/8/8/8/PPPPPPPP/RKBRQBNN w KQkq - 0 1,21,14,e4,True,False,True
919,rkbrqnnb/pppppppp/8/8/8/8/PPPPPPPP/RKBRQNNB w KQkq - 0 1,17,14,d4,True,False,True
920,rbkrbqnn/pppppppp/8/8/8/8/PPPPPPPP/RBKRBQNN w KQkq - 0 1,32,16,e4,True,False,True
921,rkrbbqnn/pppppppp/8/8/8/8/PPPPPPPP/RKRBBQNN w KQkq - 0 1,19,18,e4,True,False,True
922,rkrqbbnn/pppppppp/8/8/8/8/PPPPPPPP/RKRQBBNN w KQkq - 0 1,26,16,d4,True,True,True
923,rkrqbnnb/pppppppp/8/8/8/8/PPPPPPPP/RKRQBNNB w KQkq - 0 1,38,16,a4,True,True,True
924,rbkrqnbn/pppppppp/8/8/8/8/PPPPPPPP/RBKRQNBN w KQkq - 0 1,50,14,d4,True,False,True
925,rkrbqnbn/pppppppp/8/8/8/8/PPPPPPPP/RKRBQNBN w KQkq - 0 1,37,16,f4,True,False,True
926,rkrqnbbn/pppppppp/8/8/8/8/PPPPPPPP/RKRQNBBN w KQkq - 0 1,36,16,d4,True,True,True
927,rkrqnnbb/pppppppp/8/8/8/8/PPPPPPPP/RKRQNNBB w KQkq - 0 1,52,18,a4,True,True,True
928,bbrkrnqn/pppppppp/8/8/8/8/PPPPPPPP/BBRKRNQN w KQkq - 0 1,34,20,b3,False,True,True
929,brkbrnqn/pppppppp/8/8/8/8/PPPPPPPP/BRKBRNQN w KQkq - 0 1,37,18,e4,False,True,True
930,brkrnbqn/pppppppp/8/8/8/8/PPPPPPPP/BRKRNBQN w KQkq - 0 1,27,16,f3,True,False,True
931,brkrnqnb/pppppppp/8/8/8/8/PPPPPPPP/BRKRNQNB w KQkq - 0 1,29,16,b3,True,False,True
932,rbbkrnqn/pppppppp/8/8/8/8/PPPPPPPP/RBBKRNQN w KQkq - 0 1,28,16,d4,False,True,True
933,rkbbrnqn/pppppppp/8/8/8/8/PPPPPPPP/RKBBRNQN w KQkq - 0 1,42,16,f4,False,True,True
934,rkbrnbqn/pppppppp/8/8/8/8/PPPPPPPP/RKBRNBQN w KQkq - 0 1,33,14,e4,True,False,True
935,rkbrnqnb/pppppppp/8/8/8/8/PPPPPPPP/RKBRNQNB w KQkq - 0 1,46,14,e4,True,False,True
936,rbkrbnqn/pppppppp/8/8/8/8/PPPPPPPP/RBKRBNQN w KQkq - 0 1,45,16,d4,True,False,True
937,rkrbbnqn/pppppppp/8/8/8/8/PPPPPPPP/RKRBBNQN w KQkq - 0 1,26,18,a4,True,False,True
938,rkrnbbqn/pppppppp/8/8/8/8/PPPPPPPP/RKRNBBQN w KQkq - 0 1,32,16,f4,True,True,False
939,rkrnbqnb/pppppppp/8/8/8/8/PPPPPPPP/RKRNBQNB w KQkq - 0 1,25,16,f4,True,True,False
940,rbkrnqbn/pppppppp/8/8/8/8/PPPPPPPP/RBKRNQBN w KQkq - 0 1,35,14,e4,True,False,True
941,rkrbnqbn/pppppppp/8/8/8/8/PPPPPPPP/RKRBNQBN w KQkq - 0 1,57,16,f4,True,False,True
942,rkrnqbbn/pppppppp/8/8/8/8/PPPPPPPP/RKRNQBBN w KQkq - 0 1,12,16,e4,True,True,False
943,rkrnqnbb/pppppppp/8/8/8/8/PPPPPPPP/RKRNQNBB w KQkq - 0 1,35,18,f4,True,True,False
944,bbrkrnnq/pppppppp/8/8/8/8/PPPPPPPP/BBRKRNNQ w KQkq - 0 1,67,20,g3,False,True,True
945,brkbrnnq/pppppppp/8/8/8/8/PPPPPPPP/BRKBRNNQ w KQkq - 0 1,40,18,f4,False,True,True
946,brkrnbnq/pppppppp/8/8/8/8/PPPPPPPP/BRKRNBNQ w KQkq - 0 1,41,16,b4,True,False,True
947,brkrnnqb/pppppppp/8/8/8/8/PPPPPPPP/BRKRNNQB w KQkq - 0 1,16,18,e4,True,False,True
948,rbbkrnnq/pppppppp/8/8/8/8/PPPPPPPP/RBBKRNNQ w KQkq - 0 1,22,16,d4,False,True,True
949,rkbbrnnq/pppppppp/8/8/8/8/PPPPPPPP/RKBBRNNQ w KQkq - 0 1,51,16,a4,False,True,True
950,rkbrnbnq/pppppppp/8/8/8/8/PPPPPPPP/RKBRNBNQ w KQkq - 0 1,45,14,e4,True,False,True
951,rkbrnnqb/pppppppp/8/8/8/8/PPPPPPPP/RKBRNNQB w KQkq - 0 1,17,16,a4,True,False,True
952,rbkrbnnq/pppppppp/8/8/8/8/PPPPPPPP/RBKRBNNQ w KQkq - 0 1,38,16,d4,True,False,True
953,rkrbbnnq/pppppppp/8/8/8/8/PPPPPPPP/RKRBBNNQ w KQkq - 0 1,29,18,a4,True,False,True
954,rkrnbbnq/pppppppp/8/8/8/8/PPPPPPPP/RKRNBBNQ w KQkq - 0 1,30,16,e4,True,True,False
955,rkrnbnqb/pppppppp/8/8/8/8/PPPPPPPP/RKRNBNQB w KQkq - 0 1,25,18,g4,True,True,False
956,rbkrnnbq/pppppppp/8/8/8/8/PPPPPPPP/RBKRNNBQ w KQkq - 0 1,30,16,c3,True,False,True
957,rkrbnnbq/pppppppp/8/8/8/8/PPPPPPPP/RKRBNNBQ w KQkq - 0 1,39,18,a4,True,False,True
958,rkrnnbbq/pppppppp/8/8/8/8/PPPPPPPP/RKRNNBBQ w KQkq - 0 1,40,20,e4,True,True,False
959,rkrnnqbb/pppppppp/8/8/8/8/PPPPPPPP/RKRNNQBB w KQkq - 0 1,15,20,g4,True,True,False
